event_id,event_time_utc,country,currency,event_name,impact,actual,forecast,previous,source
2022-01-05-usd-fomc-member-kashkari-speaks-991ecc24,2022-01-05T11:00:00Z,United States,USD,FOMC Member Kashkari Speaks,HIGH,,,,nasdaq_economic_calendar
2022-01-05-usd-ism-manufacturing-employment-ad27ddc1,2022-01-05T11:00:00Z,United States,USD,ISM Manufacturing Employment,HIGH,54.2,53.5,53.3,nasdaq_economic_calendar
2022-01-05-usd-ism-manufacturing-new-orders-index-5588e525,2022-01-05T11:00:00Z,United States,USD,ISM Manufacturing New Orders Index,HIGH,60.4,,61.5,nasdaq_economic_calendar
2022-01-05-usd-ism-manufacturing-pmi-83c4f01d,2022-01-05T11:00:00Z,United States,USD,ISM Manufacturing PMI,HIGH,58.7,60.0,61.1,nasdaq_economic_calendar
2022-01-05-usd-ism-manufacturing-prices-ec4d9887,2022-01-05T11:00:00Z,United States,USD,ISM Manufacturing Prices,HIGH,68.2,79.5,82.4,nasdaq_economic_calendar
2022-01-05-usd-jolts-job-openings-0cc2e47e,2022-01-05T11:00:00Z,United States,USD,JOLTS Job Openings,HIGH,10.562M,11.075M,11.091M,nasdaq_economic_calendar
2022-01-06-usd-adp-nonfarm-employment-change-1e3a982e,2022-01-06T09:15:00Z,United States,USD,ADP Nonfarm Employment Change,HIGH,807K,400K,505K,nasdaq_economic_calendar
2022-01-06-usd-fomc-meeting-minutes-d2a8ec60,2022-01-06T15:00:00Z,United States,USD,FOMC Meeting Minutes,HIGH,,,,nasdaq_economic_calendar
2022-01-07-usd-ism-non-manufacturing-business-activity-5eb824e5,2022-01-07T11:00:00Z,United States,USD,ISM Non-Manufacturing Business Activity,HIGH,67.6,71.0,74.6,nasdaq_economic_calendar
2022-01-07-usd-ism-non-manufacturing-employment-e96f413d,2022-01-07T11:00:00Z,United States,USD,ISM Non-Manufacturing Employment,HIGH,54.9,,56.5,nasdaq_economic_calendar
2022-01-07-usd-ism-non-manufacturing-new-orders-0fb834e0,2022-01-07T11:00:00Z,United States,USD,ISM Non-Manufacturing New Orders,HIGH,61.5,,69.7,nasdaq_economic_calendar
2022-01-07-usd-ism-non-manufacturing-pmi-62e77d5b,2022-01-07T11:00:00Z,United States,USD,ISM Non-Manufacturing PMI,HIGH,62.0,66.9,69.1,nasdaq_economic_calendar
2022-01-07-usd-ism-non-manufacturing-prices-38823228,2022-01-07T11:00:00Z,United States,USD,ISM Non-Manufacturing Prices,HIGH,82.5,,82.3,nasdaq_economic_calendar
2022-01-07-jpy-cpi-tokyo-ex-food-and-energy-af8793b3,2022-01-07T19:30:00Z,Japan,JPY,CPI Tokyo Ex Food and Energy,HIGH,0.0%,,-0.1%,nasdaq_economic_calendar
2022-01-07-jpy-tokyo-cpi-ce1032fa,2022-01-07T19:30:00Z,Japan,JPY,Tokyo CPI,HIGH,0.8%,,0.5%,nasdaq_economic_calendar
2022-01-07-jpy-tokyo-core-cpi-c28f27b1,2022-01-07T19:30:00Z,Japan,JPY,Tokyo Core CPI,HIGH,0.5%,0.5%,0.3%,nasdaq_economic_calendar
2022-01-08-usd-average-hourly-earnings-950c1f01,2022-01-08T09:30:00Z,United States,USD,Average Hourly Earnings,HIGH,0.6%,0.4%,0.4%,nasdaq_economic_calendar
2022-01-08-usd-average-hourly-earnings-yoy-09d32a7c,2022-01-08T09:30:00Z,United States,USD,Average Hourly Earnings (YoY),HIGH,4.7%,4.2%,5.1%,nasdaq_economic_calendar
2022-01-08-usd-nonfarm-payrolls-209891d2,2022-01-08T09:30:00Z,United States,USD,Nonfarm Payrolls,HIGH,199K,400K,249K,nasdaq_economic_calendar
2022-01-08-usd-private-nonfarm-payrolls-cd2fa62a,2022-01-08T09:30:00Z,United States,USD,Private Nonfarm Payrolls,HIGH,211K,365K,270K,nasdaq_economic_calendar
2022-01-08-usd-u6-unemployment-rate-5ddc1992,2022-01-08T09:30:00Z,United States,USD,U6 Unemployment Rate,HIGH,7.3%,,7.7%,nasdaq_economic_calendar
2022-01-08-usd-unemployment-rate-666b9373,2022-01-08T09:30:00Z,United States,USD,Unemployment Rate,HIGH,3.9%,4.1%,4.2%,nasdaq_economic_calendar
2022-01-08-usd-fomc-member-daly-speaks-91d25170,2022-01-08T11:00:00Z,United States,USD,FOMC Member Daly Speaks,HIGH,,,,nasdaq_economic_calendar
2022-01-08-usd-fomc-member-bostic-speaks-ad630dab,2022-01-08T13:15:00Z,United States,USD,FOMC Member Bostic Speaks,HIGH,,,,nasdaq_economic_calendar
2022-01-08-usd-fomc-member-barkin-speaks-1aea2295,2022-01-08T13:30:00Z,United States,USD,FOMC Member Barkin Speaks,HIGH,,,,nasdaq_economic_calendar
2022-01-11-usd-fomc-member-bostic-speaks-2fb75cd1,2022-01-11T13:00:00Z,United States,USD,FOMC Member Bostic Speaks,HIGH,,,,nasdaq_economic_calendar
2022-01-12-usd-fomc-member-mester-speaks-1f7f85ec,2022-01-12T10:00:00Z,United States,USD,FOMC Member Mester Speaks,HIGH,,,,nasdaq_economic_calendar
2022-01-12-usd-fomc-member-george-speaks-4a2aace3,2022-01-12T10:30:00Z,United States,USD,FOMC Member George Speaks,HIGH,,,,nasdaq_economic_calendar
2022-01-12-jpy-reuters-tankan-index-b8756d76,2022-01-12T19:00:00Z,Japan,JPY,Reuters Tankan Index,HIGH,17,,22,nasdaq_economic_calendar
2022-01-12-jpy-boj-governor-kuroda-speaks-c242d128,2022-01-12T21:00:00Z,Japan,JPY,BoJ Governor Kuroda Speaks,HIGH,,,,nasdaq_economic_calendar
2022-01-13-usd-cpi-152e864f,2022-01-13T09:30:00Z,United States,USD,CPI,HIGH,0.5%,0.4%,0.8%,nasdaq_economic_calendar
2022-01-13-usd-cpi-index-n-s-a-d69b7cd2,2022-01-13T09:30:00Z,United States,USD,"CPI Index, n.s.a.",HIGH,278.80,278.74,277.95,nasdaq_economic_calendar
2022-01-13-usd-cpi-index-s-a-b7b1fca7,2022-01-13T09:30:00Z,United States,USD,"CPI Index, s.a",HIGH,280.19,,278.88,nasdaq_economic_calendar
2022-01-13-usd-cpi-n-s-a-711b9e26,2022-01-13T09:30:00Z,United States,USD,"CPI, n.s.a",HIGH,0.31%,,0.49%,nasdaq_economic_calendar
2022-01-13-usd-core-cpi-18e10209,2022-01-13T09:30:00Z,United States,USD,Core CPI,HIGH,0.6%,0.5%,0.5%,nasdaq_economic_calendar
2022-01-13-usd-core-cpi-index-0e545295,2022-01-13T09:30:00Z,United States,USD,Core CPI Index,HIGH,284.76,,283.20,nasdaq_economic_calendar
2022-01-13-usd-fomc-member-brainard-speaks-505859b7,2022-01-13T11:00:00Z,United States,USD,FOMC Member Brainard Speaks,HIGH,,,,nasdaq_economic_calendar
2022-01-13-usd-cleveland-cpi-a2d2cb85,2022-01-13T12:00:00Z,United States,USD,Cleveland CPI,HIGH,0.4%,,0.5%,nasdaq_economic_calendar
2022-01-13-usd-fomc-member-kashkari-speaks-c3054a17,2022-01-13T14:00:00Z,United States,USD,FOMC Member Kashkari Speaks,HIGH,,,,nasdaq_economic_calendar
2022-01-14-usd-fomc-member-harker-speaks-7bfb2fec,2022-01-14T09:00:00Z,United States,USD,FOMC Member Harker Speaks,HIGH,,,,nasdaq_economic_calendar
2022-01-14-usd-core-ppi-25f7a790,2022-01-14T09:30:00Z,United States,USD,Core PPI,HIGH,0.5%,0.5%,0.9%,nasdaq_economic_calendar
2022-01-14-usd-ppi-7369f8f6,2022-01-14T09:30:00Z,United States,USD,PPI,HIGH,9.7%,9.8%,9.8%,nasdaq_economic_calendar
2022-01-14-usd-fomc-member-brainard-speaks-c551399c,2022-01-14T11:00:00Z,United States,USD,FOMC Member Brainard Speaks,HIGH,,,,nasdaq_economic_calendar
2022-01-15-usd-core-retail-sales-9cfe5144,2022-01-15T09:30:00Z,United States,USD,Core Retail Sales,HIGH,-2.3%,0.2%,0.1%,nasdaq_economic_calendar
2022-01-15-usd-retail-sales-7dec49cf,2022-01-15T09:30:00Z,United States,USD,Retail Sales,HIGH,-1.9%,-0.1%,0.2%,nasdaq_economic_calendar
2022-01-15-usd-retail-sales-ex-gas-autos-28c48cf6,2022-01-15T09:30:00Z,United States,USD,Retail Sales Ex Gas/Autos,HIGH,-2.5%,,-0.1%,nasdaq_economic_calendar
2022-01-15-usd-industrial-production-7ad095d0,2022-01-15T10:15:00Z,United States,USD,Industrial Production,HIGH,-0.1%,0.3%,0.7%,nasdaq_economic_calendar
2022-01-15-usd-fomc-member-harker-speaks-78450cad,2022-01-15T11:00:00Z,United States,USD,FOMC Member Harker Speaks,HIGH,,,,nasdaq_economic_calendar
2022-01-15-usd-michigan-consumer-expectations-f36d200a,2022-01-15T11:00:00Z,United States,USD,Michigan Consumer Expectations,HIGH,65.9,66.5,68.3,nasdaq_economic_calendar
2022-01-15-usd-michigan-consumer-sentiment-ef069a03,2022-01-15T11:00:00Z,United States,USD,Michigan Consumer Sentiment,HIGH,68.8,70.0,70.6,nasdaq_economic_calendar
2022-01-15-usd-fomc-member-williams-speaks-f3d6e199,2022-01-15T12:00:00Z,United States,USD,FOMC Member Williams Speaks,HIGH,,,,nasdaq_economic_calendar
2022-01-18-jpy-boj-interest-rate-decision-a5c43d63,2022-01-18T22:46:00Z,Japan,JPY,BoJ Interest Rate Decision,HIGH,-0.10%,-0.10%,-0.10%,nasdaq_economic_calendar
2022-01-18-jpy-boj-monetary-policy-statement-c2f24642,2022-01-18T23:00:00Z,Japan,JPY,BoJ Monetary Policy Statement,HIGH,,,,nasdaq_economic_calendar
2022-01-18-jpy-boj-outlook-report-3a0bf22e,2022-01-18T23:00:00Z,Japan,JPY,BoJ Outlook Report,HIGH,,,,nasdaq_economic_calendar
2022-01-18-jpy-boj-press-conference-bf61deaa,2022-01-18T23:00:00Z,Japan,JPY,BoJ Press Conference,HIGH,,,,nasdaq_economic_calendar
2022-01-19-jpy-industrial-production-c0ba3b70,2022-01-19T00:30:00Z,Japan,JPY,Industrial Production,HIGH,7.0%,7.2%,1.8%,nasdaq_economic_calendar
2022-01-20-jpy-adjusted-trade-balance-a8b41792,2022-01-20T19:50:00Z,Japan,JPY,Adjusted Trade Balance,HIGH,-0.44T,,-0.47T,nasdaq_economic_calendar
2022-01-20-jpy-trade-balance-053540d2,2022-01-20T19:50:00Z,Japan,JPY,Trade Balance,HIGH,-582.4B,-784.1B,-955.6B,nasdaq_economic_calendar
2022-01-21-jpy-cpi-n-s-a-3e134d7d,2022-01-21T19:30:00Z,Japan,JPY,"CPI, n.s.a",HIGH,0.0%,,0.2%,nasdaq_economic_calendar
2022-01-21-jpy-national-cpi-3e54a637,2022-01-21T19:30:00Z,Japan,JPY,National CPI,HIGH,0.8%,,0.6%,nasdaq_economic_calendar
2022-01-21-jpy-national-core-cpi-f0ef4b23,2022-01-21T19:30:00Z,Japan,JPY,National Core CPI,HIGH,0.5%,0.6%,0.5%,nasdaq_economic_calendar
2022-01-21-jpy-monetary-policy-meeting-minutes-68fa5748,2022-01-21T19:50:00Z,Japan,JPY,Monetary Policy Meeting Minutes,HIGH,,,,nasdaq_economic_calendar
2022-01-26-jpy-boj-core-cpi-0822769f,2022-01-26T01:00:00Z,Japan,JPY,BoJ Core CPI,HIGH,0.9%,0.7%,0.8%,nasdaq_economic_calendar
2022-01-26-usd-cb-consumer-confidence-d95c22f1,2022-01-26T11:00:00Z,United States,USD,CB Consumer Confidence,HIGH,113.8,111.8,115.2,nasdaq_economic_calendar
2022-01-26-jpy-boj-summary-of-opinions-aae0e6c1,2022-01-26T19:50:00Z,Japan,JPY,BoJ Summary of Opinions,HIGH,,,,nasdaq_economic_calendar
2022-01-27-usd-fomc-statement-b57d3557,2022-01-27T15:00:00Z,United States,USD,FOMC Statement,HIGH,,,,nasdaq_economic_calendar
2022-01-27-usd-fed-interest-rate-decision-4de0abe4,2022-01-27T15:00:00Z,United States,USD,Fed Interest Rate Decision,HIGH,0.25%,0.25%,0.25%,nasdaq_economic_calendar
2022-01-27-usd-fomc-press-conference-04a147f1,2022-01-27T15:30:00Z,United States,USD,FOMC Press Conference,HIGH,,,,nasdaq_economic_calendar
2022-01-28-usd-core-durable-goods-orders-2d84fda4,2022-01-28T09:30:00Z,United States,USD,Core Durable Goods Orders,HIGH,0.4%,0.4%,1.1%,nasdaq_economic_calendar
2022-01-28-usd-core-pce-prices-7f6f7129,2022-01-28T09:30:00Z,United States,USD,Core PCE Prices,HIGH,4.90%,4.90%,4.60%,nasdaq_economic_calendar
2022-01-28-usd-durable-goods-orders-f2386031,2022-01-28T09:30:00Z,United States,USD,Durable Goods Orders,HIGH,-0.9%,-0.5%,3.2%,nasdaq_economic_calendar
2022-01-28-usd-gdp-066961bd,2022-01-28T09:30:00Z,United States,USD,GDP,HIGH,6.9%,5.5%,2.3%,nasdaq_economic_calendar
2022-01-28-usd-gdp-price-index-df677ca0,2022-01-28T09:30:00Z,United States,USD,GDP Price Index,HIGH,7.0%,6.0%,5.9%,nasdaq_economic_calendar
2022-01-28-usd-gdp-sales-17be8da9,2022-01-28T09:30:00Z,United States,USD,GDP Sales,HIGH,1.9%,,0.1%,nasdaq_economic_calendar
2022-01-28-usd-pce-prices-034623f4,2022-01-28T09:30:00Z,United States,USD,PCE Prices,HIGH,6.5%,,5.3%,nasdaq_economic_calendar
2022-01-28-jpy-cpi-tokyo-ex-food-and-energy-401dcddf,2022-01-28T19:30:00Z,Japan,JPY,CPI Tokyo Ex Food and Energy,HIGH,-0.3%,,0.0%,nasdaq_economic_calendar
2022-01-28-jpy-tokyo-cpi-e53d2833,2022-01-28T19:30:00Z,Japan,JPY,Tokyo CPI,HIGH,0.5%,,0.8%,nasdaq_economic_calendar
2022-01-28-jpy-tokyo-core-cpi-ce6e3d1a,2022-01-28T19:30:00Z,Japan,JPY,Tokyo Core CPI,HIGH,0.2%,0.3%,0.5%,nasdaq_economic_calendar
2022-01-29-usd-core-pce-price-index-240e0787,2022-01-29T09:30:00Z,United States,USD,Core PCE Price Index,HIGH,0.5%,0.5%,0.5%,nasdaq_economic_calendar
2022-01-29-usd-employment-cost-index-b8de75c3,2022-01-29T09:30:00Z,United States,USD,Employment Cost Index,HIGH,1.0%,1.2%,1.3%,nasdaq_economic_calendar
2022-01-29-usd-pce-price-index-6310515f,2022-01-29T09:30:00Z,United States,USD,PCE Price index,HIGH,5.8,,5.7,nasdaq_economic_calendar
2022-01-29-usd-pce-price-index-6f6b7dbc,2022-01-29T09:30:00Z,United States,USD,PCE price index,HIGH,0.4%,,0.6%,nasdaq_economic_calendar
2022-01-29-usd-personal-income-31417cd5,2022-01-29T09:30:00Z,United States,USD,Personal Income,HIGH,0.3%,0.5%,0.5%,nasdaq_economic_calendar
2022-01-29-usd-real-personal-consumption-cbc31cc6,2022-01-29T09:30:00Z,United States,USD,Real Personal Consumption,HIGH,-1.0%,,-0.2%,nasdaq_economic_calendar
2022-01-29-usd-michigan-consumer-expectations-70509dc9,2022-01-29T11:00:00Z,United States,USD,Michigan Consumer Expectations,HIGH,64.1,65.8,68.3,nasdaq_economic_calendar
2022-01-29-usd-michigan-consumer-sentiment-cac67784,2022-01-29T11:00:00Z,United States,USD,Michigan Consumer Sentiment,HIGH,67.2,68.7,70.6,nasdaq_economic_calendar
2022-01-29-usd-dallas-fed-pce-19cc138b,2022-01-29T13:00:00Z,United States,USD,Dallas Fed PCE,HIGH,3.90%,,4.40%,nasdaq_economic_calendar
2022-01-31-jpy-industrial-production-c3ab938c,2022-01-31T19:50:00Z,Japan,JPY,Industrial Production,HIGH,-1.0%,-0.8%,7.0%,nasdaq_economic_calendar
2022-01-31-jpy-industrial-production-forecast-1m-ahead-d903ea1b,2022-01-31T19:50:00Z,Japan,JPY,Industrial Production forecast 1m ahead,HIGH,5.2%,,1.6%,nasdaq_economic_calendar
2022-01-31-jpy-industrial-production-forecast-2m-ahead-e241cd09,2022-01-31T19:50:00Z,Japan,JPY,Industrial Production forecast 2m ahead,HIGH,2.2%,,5.0%,nasdaq_economic_calendar
2022-01-31-jpy-retail-sales-6fbcda5f,2022-01-31T19:50:00Z,Japan,JPY,Retail Sales,HIGH,1.4%,2.7%,1.9%,nasdaq_economic_calendar
2022-02-01-usd-fomc-member-george-speaks-6061257b,2022-02-01T13:40:00Z,United States,USD,FOMC Member George Speaks,HIGH,,,,nasdaq_economic_calendar
2022-02-02-usd-ism-manufacturing-employment-f4292b9b,2022-02-02T11:00:00Z,United States,USD,ISM Manufacturing Employment,HIGH,54.5,53.5,53.9,nasdaq_economic_calendar
2022-02-02-usd-ism-manufacturing-new-orders-index-6176ae6e,2022-02-02T11:00:00Z,United States,USD,ISM Manufacturing New Orders Index,HIGH,57.9,,61.0,nasdaq_economic_calendar
2022-02-02-usd-ism-manufacturing-pmi-6201e1dd,2022-02-02T11:00:00Z,United States,USD,ISM Manufacturing PMI,HIGH,57.6,57.5,58.8,nasdaq_economic_calendar
2022-02-02-usd-ism-manufacturing-prices-9f74c970,2022-02-02T11:00:00Z,United States,USD,ISM Manufacturing Prices,HIGH,76.1,68.1,68.2,nasdaq_economic_calendar
2022-02-02-usd-jolts-job-openings-39416965,2022-02-02T11:00:00Z,United States,USD,JOLTS Job Openings,HIGH,10.925M,10.300M,10.775M,nasdaq_economic_calendar
2022-02-03-usd-adp-nonfarm-employment-change-ded6eac5,2022-02-03T09:15:00Z,United States,USD,ADP Nonfarm Employment Change,HIGH,-301K,207K,776K,nasdaq_economic_calendar
2022-02-04-usd-nonfarm-productivity-68b026dd,2022-02-04T09:30:00Z,United States,USD,Nonfarm Productivity,HIGH,6.6%,3.2%,-5.2%,nasdaq_economic_calendar
2022-02-04-usd-ism-non-manufacturing-business-activity-be0fdd23,2022-02-04T11:00:00Z,United States,USD,ISM Non-Manufacturing Business Activity,HIGH,59.9,71.0,68.3,nasdaq_economic_calendar
2022-02-04-usd-ism-non-manufacturing-employment-5c4b9ba9,2022-02-04T11:00:00Z,United States,USD,ISM Non-Manufacturing Employment,HIGH,52.3,,54.7,nasdaq_economic_calendar
2022-02-04-usd-ism-non-manufacturing-new-orders-cf14d1a0,2022-02-04T11:00:00Z,United States,USD,ISM Non-Manufacturing New Orders,HIGH,61.7,,62.1,nasdaq_economic_calendar
2022-02-04-usd-ism-non-manufacturing-pmi-1c66460b,2022-02-04T11:00:00Z,United States,USD,ISM Non-Manufacturing PMI,HIGH,59.9,59.5,62.3,nasdaq_economic_calendar
2022-02-04-usd-ism-non-manufacturing-prices-6704114d,2022-02-04T11:00:00Z,United States,USD,ISM Non-Manufacturing Prices,HIGH,82.3,,83.9,nasdaq_economic_calendar
2022-02-05-usd-average-hourly-earnings-cd442d32,2022-02-05T09:30:00Z,United States,USD,Average Hourly Earnings,HIGH,0.7%,0.5%,0.5%,nasdaq_economic_calendar
2022-02-05-usd-average-hourly-earnings-yoy-434b5c7a,2022-02-05T09:30:00Z,United States,USD,Average Hourly Earnings (YoY),HIGH,5.7%,5.2%,5.0%,nasdaq_economic_calendar
2022-02-05-usd-nonfarm-payrolls-1750ea6e,2022-02-05T09:30:00Z,United States,USD,Nonfarm Payrolls,HIGH,467K,150K,510K,nasdaq_economic_calendar
2022-02-05-usd-private-nonfarm-payrolls-35d3a405,2022-02-05T09:30:00Z,United States,USD,Private Nonfarm Payrolls,HIGH,444K,150K,503K,nasdaq_economic_calendar
2022-02-05-usd-u6-unemployment-rate-cd0fdb9e,2022-02-05T09:30:00Z,United States,USD,U6 Unemployment Rate,HIGH,7.1%,,7.3%,nasdaq_economic_calendar
2022-02-05-usd-unemployment-rate-51cadcde,2022-02-05T09:30:00Z,United States,USD,Unemployment Rate,HIGH,4.0%,3.9%,3.9%,nasdaq_economic_calendar
2022-02-09-jpy-boj-board-member-nakamura-speaks-2409f1f5,2022-02-09T21:30:00Z,Japan,JPY,BoJ Board Member Nakamura Speaks,HIGH,,,,nasdaq_economic_calendar
2022-02-10-usd-fomc-member-bowman-speaks-6dd11436,2022-02-10T11:30:00Z,United States,USD,FOMC Member Bowman Speaks,HIGH,,,,nasdaq_economic_calendar
2022-02-10-usd-fomc-member-mester-speaks-ba989b61,2022-02-10T13:00:00Z,United States,USD,FOMC Member Mester Speaks,HIGH,,,,nasdaq_economic_calendar
2022-02-11-usd-cpi-8dc071b9,2022-02-11T09:30:00Z,United States,USD,CPI,HIGH,0.6%,0.5%,0.6%,nasdaq_economic_calendar
2022-02-11-usd-cpi-index-n-s-a-a2972306,2022-02-11T09:30:00Z,United States,USD,"CPI Index, n.s.a.",HIGH,281.15,280.39,278.80,nasdaq_economic_calendar
2022-02-11-usd-cpi-index-s-a-cd5c6e1d,2022-02-11T09:30:00Z,United States,USD,"CPI Index, s.a",HIGH,281.93,,280.13,nasdaq_economic_calendar
2022-02-11-usd-cpi-n-s-a-67e0a239,2022-02-11T09:30:00Z,United States,USD,"CPI, n.s.a",HIGH,0.84%,,0.31%,nasdaq_economic_calendar
2022-02-11-usd-core-cpi-92899c1b,2022-02-11T09:30:00Z,United States,USD,Core CPI,HIGH,6.0%,5.9%,5.5%,nasdaq_economic_calendar
2022-02-11-usd-core-cpi-index-2c918a16,2022-02-11T09:30:00Z,United States,USD,Core CPI Index,HIGH,286.43,,284.77,nasdaq_economic_calendar
2022-02-11-usd-cleveland-cpi-77b6f09f,2022-02-11T12:00:00Z,United States,USD,Cleveland CPI,HIGH,0.6%,,0.4%,nasdaq_economic_calendar
2022-02-15-usd-fomc-member-bullard-speaks-c2082a07,2022-02-15T12:00:00Z,United States,USD,FOMC Member Bullard Speaks,HIGH,,,,nasdaq_economic_calendar
2022-02-15-jpy-gdp-738817e2,2022-02-15T19:50:00Z,Japan,JPY,GDP,HIGH,1.3%,1.4%,-0.9%,nasdaq_economic_calendar
2022-02-15-jpy-gdp-capital-expenditure-bab1083d,2022-02-15T19:50:00Z,Japan,JPY,GDP Capital Expenditure,HIGH,0.4%,0.5%,-2.3%,nasdaq_economic_calendar
2022-02-15-jpy-gdp-external-demand-cbe65cd8,2022-02-15T19:50:00Z,Japan,JPY,GDP External Demand,HIGH,0.2%,0.3%,0.0%,nasdaq_economic_calendar
2022-02-15-jpy-gdp-private-consumption-2d510b22,2022-02-15T19:50:00Z,Japan,JPY,GDP Private Consumption,HIGH,2.7%,2.2%,-1.3%,nasdaq_economic_calendar
2022-02-16-jpy-industrial-production-496fed3b,2022-02-16T00:30:00Z,Japan,JPY,Industrial Production,HIGH,-1.0%,,-1.0%,nasdaq_economic_calendar
2022-02-16-usd-core-ppi-9f477c15,2022-02-16T09:30:00Z,United States,USD,Core PPI,HIGH,0.8%,0.5%,0.6%,nasdaq_economic_calendar
2022-02-16-usd-ppi-0b6ef790,2022-02-16T09:30:00Z,United States,USD,PPI,HIGH,1.0%,0.5%,0.4%,nasdaq_economic_calendar
2022-02-16-jpy-reuters-tankan-index-c7ad76ee,2022-02-16T19:00:00Z,Japan,JPY,Reuters Tankan Index,HIGH,6,,17,nasdaq_economic_calendar
2022-02-17-usd-core-retail-sales-2a5eabf3,2022-02-17T09:30:00Z,United States,USD,Core Retail Sales,HIGH,3.3%,0.8%,-2.8%,nasdaq_economic_calendar
2022-02-17-usd-retail-sales-c1cc5b97,2022-02-17T09:30:00Z,United States,USD,Retail Sales,HIGH,3.8%,2.0%,-2.5%,nasdaq_economic_calendar
2022-02-17-usd-retail-sales-ex-gas-autos-7d385e93,2022-02-17T09:30:00Z,United States,USD,Retail Sales Ex Gas/Autos,HIGH,3.8%,,-3.2%,nasdaq_economic_calendar
2022-02-17-usd-industrial-production-cf6fa315,2022-02-17T10:15:00Z,United States,USD,Industrial Production,HIGH,1.4%,0.4%,-0.1%,nasdaq_economic_calendar
2022-02-17-usd-fomc-member-kashkari-speaks-21054779,2022-02-17T11:00:00Z,United States,USD,FOMC Member Kashkari Speaks,HIGH,,,,nasdaq_economic_calendar
2022-02-17-usd-fomc-meeting-minutes-0a77d5a1,2022-02-17T15:00:00Z,United States,USD,FOMC Meeting Minutes,HIGH,,,,nasdaq_economic_calendar
2022-02-17-jpy-adjusted-trade-balance-2911ae67,2022-02-17T19:50:00Z,Japan,JPY,Adjusted Trade Balance,HIGH,-0.93T,,-0.55T,nasdaq_economic_calendar
2022-02-17-jpy-trade-balance-a9e47c73,2022-02-17T19:50:00Z,Japan,JPY,Trade Balance,HIGH,"-2,191.1B","-1,607.0B",-583.3B,nasdaq_economic_calendar
2022-02-18-usd-fomc-member-bullard-speaks-b84255fe,2022-02-18T12:00:00Z,United States,USD,FOMC Member Bullard Speaks,HIGH,,,,nasdaq_economic_calendar
2022-02-18-usd-fomc-member-mester-speaks-3f3420f6,2022-02-18T18:00:00Z,United States,USD,FOMC Member Mester Speaks,HIGH,,,,nasdaq_economic_calendar
2022-02-18-jpy-cpi-n-s-a-0023869d,2022-02-18T19:30:00Z,Japan,JPY,"CPI, n.s.a",HIGH,0.3%,,0.2%,nasdaq_economic_calendar
2022-02-18-jpy-national-cpi-cfa2cc81,2022-02-18T19:30:00Z,Japan,JPY,National CPI,HIGH,0.5%,,0.8%,nasdaq_economic_calendar
2022-02-18-jpy-national-core-cpi-6c5bcabe,2022-02-18T19:30:00Z,Japan,JPY,National Core CPI,HIGH,0.2%,0.3%,0.5%,nasdaq_economic_calendar
2022-02-19-usd-fomc-member-williams-speaks-dda23b07,2022-02-19T12:00:00Z,United States,USD,FOMC Member Williams Speaks,HIGH,,,,nasdaq_economic_calendar
2022-02-19-usd-fomc-member-brainard-speaks-836fac3c,2022-02-19T14:30:00Z,United States,USD,FOMC Member Brainard Speaks,HIGH,,,,nasdaq_economic_calendar
2022-02-22-usd-fomc-member-bowman-speaks-5e30e1b4,2022-02-22T12:15:00Z,United States,USD,FOMC Member Bowman Speaks,HIGH,,,,nasdaq_economic_calendar
2022-02-23-jpy-boj-core-cpi-77cc7e33,2022-02-23T01:00:00Z,Japan,JPY,BoJ Core CPI,HIGH,0.8%,,0.9%,nasdaq_economic_calendar
2022-02-23-usd-cb-consumer-confidence-b259ab90,2022-02-23T11:00:00Z,United States,USD,CB Consumer Confidence,HIGH,110.5,110.0,111.1,nasdaq_economic_calendar
2022-02-25-usd-core-pce-prices-c26b33c8,2022-02-25T09:30:00Z,United States,USD,Core PCE Prices,HIGH,5.00%,4.90%,4.90%,nasdaq_economic_calendar
2022-02-25-usd-gdp-86e75850,2022-02-25T09:30:00Z,United States,USD,GDP,HIGH,7.0%,7.0%,6.9%,nasdaq_economic_calendar
2022-02-25-usd-gdp-price-index-ccfde064,2022-02-25T09:30:00Z,United States,USD,GDP Price Index,HIGH,7.2%,6.9%,7.0%,nasdaq_economic_calendar
2022-02-25-usd-gdp-sales-84391b78,2022-02-25T09:30:00Z,United States,USD,GDP Sales,HIGH,2.0%,,1.9%,nasdaq_economic_calendar
2022-02-25-usd-pce-prices-39661e44,2022-02-25T09:30:00Z,United States,USD,PCE Prices,HIGH,6.3%,6.4%,5.3%,nasdaq_economic_calendar
2022-02-25-usd-fomc-member-bostic-speaks-8b755d18,2022-02-25T12:10:00Z,United States,USD,FOMC Member Bostic Speaks,HIGH,,,,nasdaq_economic_calendar
2022-02-25-usd-fomc-member-mester-speaks-48200332,2022-02-25T13:00:00Z,United States,USD,FOMC Member Mester Speaks,HIGH,,,,nasdaq_economic_calendar
2022-02-25-jpy-cpi-tokyo-ex-food-and-energy-8731c6c2,2022-02-25T19:30:00Z,Japan,JPY,CPI Tokyo Ex Food and Energy,HIGH,0.2%,,-0.3%,nasdaq_economic_calendar
2022-02-25-jpy-tokyo-cpi-f2e7d8d4,2022-02-25T19:30:00Z,Japan,JPY,Tokyo CPI,HIGH,1.0%,,0.6%,nasdaq_economic_calendar
2022-02-25-jpy-tokyo-core-cpi-0d973446,2022-02-25T19:30:00Z,Japan,JPY,Tokyo Core CPI,HIGH,0.5%,0.4%,0.2%,nasdaq_economic_calendar
2022-02-26-usd-core-durable-goods-orders-13ff8725,2022-02-26T09:30:00Z,United States,USD,Core Durable Goods Orders,HIGH,0.7%,0.4%,0.9%,nasdaq_economic_calendar
2022-02-26-usd-core-pce-price-index-f4e778be,2022-02-26T09:30:00Z,United States,USD,Core PCE Price Index,HIGH,0.5%,0.5%,0.5%,nasdaq_economic_calendar
2022-02-26-usd-durable-goods-orders-3d51fccb,2022-02-26T09:30:00Z,United States,USD,Durable Goods Orders,HIGH,1.6%,0.8%,1.2%,nasdaq_economic_calendar
2022-02-26-usd-pce-price-index-ad8ff1e0,2022-02-26T09:30:00Z,United States,USD,PCE Price index,HIGH,6.1,,5.8,nasdaq_economic_calendar
2022-02-26-usd-pce-price-index-eb4148d7,2022-02-26T09:30:00Z,United States,USD,PCE price index,HIGH,0.6%,,0.5%,nasdaq_economic_calendar
2022-02-26-usd-personal-income-e9381338,2022-02-26T09:30:00Z,United States,USD,Personal Income,HIGH,0.0%,-0.3%,0.4%,nasdaq_economic_calendar
2022-02-26-usd-real-personal-consumption-72cd4961,2022-02-26T09:30:00Z,United States,USD,Real Personal Consumption,HIGH,1.5%,,-1.3%,nasdaq_economic_calendar
2022-02-26-usd-michigan-consumer-expectations-58a1ee0f,2022-02-26T11:00:00Z,United States,USD,Michigan Consumer Expectations,HIGH,59.4,57.4,64.1,nasdaq_economic_calendar
2022-02-26-usd-michigan-consumer-sentiment-96da0e99,2022-02-26T11:00:00Z,United States,USD,Michigan Consumer Sentiment,HIGH,62.8,61.7,67.2,nasdaq_economic_calendar
2022-02-26-usd-dallas-fed-pce-6c548296,2022-02-26T13:00:00Z,United States,USD,Dallas Fed PCE,HIGH,6.70%,,4.60%,nasdaq_economic_calendar
2022-02-28-jpy-industrial-production-c82ea69b,2022-02-28T19:50:00Z,Japan,JPY,Industrial Production,HIGH,-1.3%,-0.7%,-1.0%,nasdaq_economic_calendar
2022-02-28-jpy-industrial-production-forecast-1m-ahead-de2eb7a8,2022-02-28T19:50:00Z,Japan,JPY,Industrial Production forecast 1m ahead,HIGH,5.7%,,5.2%,nasdaq_economic_calendar
2022-02-28-jpy-industrial-production-forecast-2m-ahead-31ecc98b,2022-02-28T19:50:00Z,Japan,JPY,Industrial Production forecast 2m ahead,HIGH,0.1%,,2.2%,nasdaq_economic_calendar
2022-02-28-jpy-retail-sales-3d792b7b,2022-02-28T19:50:00Z,Japan,JPY,Retail Sales,HIGH,1.6%,1.4%,1.2%,nasdaq_economic_calendar
2022-03-02-usd-ism-manufacturing-employment-c99e0e90,2022-03-02T11:00:00Z,United States,USD,ISM Manufacturing Employment,HIGH,52.9,,54.5,nasdaq_economic_calendar
2022-03-02-usd-ism-manufacturing-new-orders-index-c3e21a93,2022-03-02T11:00:00Z,United States,USD,ISM Manufacturing New Orders Index,HIGH,61.7,,57.9,nasdaq_economic_calendar
2022-03-02-usd-ism-manufacturing-pmi-4f9f6291,2022-03-02T11:00:00Z,United States,USD,ISM Manufacturing PMI,HIGH,58.6,58.0,57.6,nasdaq_economic_calendar
2022-03-02-usd-ism-manufacturing-prices-995b3367,2022-03-02T11:00:00Z,United States,USD,ISM Manufacturing Prices,HIGH,75.6,68.1,76.1,nasdaq_economic_calendar
2022-03-03-usd-adp-nonfarm-employment-change-e0f301f3,2022-03-03T09:15:00Z,United States,USD,ADP Nonfarm Employment Change,HIGH,475K,378K,509K,nasdaq_economic_calendar
2022-03-03-usd-fomc-member-bullard-speaks-4c51a172,2022-03-03T10:30:00Z,United States,USD,FOMC Member Bullard Speaks,HIGH,,,,nasdaq_economic_calendar
2022-03-03-jpy-boj-board-member-nakagawa-speaks-c2949d43,2022-03-03T21:30:00Z,Japan,JPY,BoJ Board Member Nakagawa Speaks,HIGH,,,,nasdaq_economic_calendar
2022-03-04-usd-nonfarm-productivity-5e52cde2,2022-03-04T09:30:00Z,United States,USD,Nonfarm Productivity,HIGH,6.6%,6.7%,6.6%,nasdaq_economic_calendar
2022-03-04-usd-ism-non-manufacturing-business-activity-7cbe8d07,2022-03-04T11:00:00Z,United States,USD,ISM Non-Manufacturing Business Activity,HIGH,55.1,,59.9,nasdaq_economic_calendar
2022-03-04-usd-ism-non-manufacturing-employment-188338f5,2022-03-04T11:00:00Z,United States,USD,ISM Non-Manufacturing Employment,HIGH,48.5,,52.3,nasdaq_economic_calendar
2022-03-04-usd-ism-non-manufacturing-new-orders-9d1726b1,2022-03-04T11:00:00Z,United States,USD,ISM Non-Manufacturing New Orders,HIGH,56.1,,61.7,nasdaq_economic_calendar
2022-03-04-usd-ism-non-manufacturing-pmi-cd78b6ee,2022-03-04T11:00:00Z,United States,USD,ISM Non-Manufacturing PMI,HIGH,56.5,61.0,59.9,nasdaq_economic_calendar
2022-03-04-usd-ism-non-manufacturing-prices-f162bb92,2022-03-04T11:00:00Z,United States,USD,ISM Non-Manufacturing Prices,HIGH,83.1,,82.3,nasdaq_economic_calendar
2022-03-04-usd-fomc-member-williams-speaks-93acb4ec,2022-03-04T19:00:00Z,United States,USD,FOMC Member Williams Speaks,HIGH,,,,nasdaq_economic_calendar
2022-03-05-usd-average-hourly-earnings-8e4b6e3f,2022-03-05T09:30:00Z,United States,USD,Average Hourly Earnings,HIGH,0.0%,0.5%,0.6%,nasdaq_economic_calendar
2022-03-05-usd-average-hourly-earnings-yoy-d42bbb56,2022-03-05T09:30:00Z,United States,USD,Average Hourly Earnings (YoY),HIGH,5.1%,5.8%,5.5%,nasdaq_economic_calendar
2022-03-05-usd-nonfarm-payrolls-6d824c6e,2022-03-05T09:30:00Z,United States,USD,Nonfarm Payrolls,HIGH,678K,400K,481K,nasdaq_economic_calendar
2022-03-05-usd-private-nonfarm-payrolls-6ba7c669,2022-03-05T09:30:00Z,United States,USD,Private Nonfarm Payrolls,HIGH,654K,378K,448K,nasdaq_economic_calendar
2022-03-05-usd-u6-unemployment-rate-80736172,2022-03-05T09:30:00Z,United States,USD,U6 Unemployment Rate,HIGH,7.2%,,7.1%,nasdaq_economic_calendar
2022-03-05-usd-unemployment-rate-41300eca,2022-03-05T09:30:00Z,United States,USD,Unemployment Rate,HIGH,3.8%,3.9%,4.0%,nasdaq_economic_calendar
2022-03-09-jpy-gdp-b0662b85,2022-03-09T19:50:00Z,Japan,JPY,GDP,HIGH,1.1%,1.4%,1.3%,nasdaq_economic_calendar
2022-03-09-jpy-gdp-capital-expenditure-52d5f561,2022-03-09T19:50:00Z,Japan,JPY,GDP Capital Expenditure,HIGH,0.3%,0.7%,0.4%,nasdaq_economic_calendar
2022-03-09-jpy-gdp-external-demand-17ff25d9,2022-03-09T19:50:00Z,Japan,JPY,GDP External Demand,HIGH,0.2%,0.2%,0.0%,nasdaq_economic_calendar
2022-03-09-jpy-gdp-price-index-80181101,2022-03-09T19:50:00Z,Japan,JPY,GDP Price Index,HIGH,-1.3%,-1.3%,-1.2%,nasdaq_economic_calendar
2022-03-09-jpy-gdp-private-consumption-9fdcfa88,2022-03-09T19:50:00Z,Japan,JPY,GDP Private Consumption,HIGH,2.4%,2.7%,-1.3%,nasdaq_economic_calendar
2022-03-10-usd-jolts-job-openings-96b38e91,2022-03-10T11:00:00Z,United States,USD,JOLTS Job Openings,HIGH,11.263M,10.925M,11.448M,nasdaq_economic_calendar
2022-03-11-usd-cpi-ab14dd5b,2022-03-11T09:30:00Z,United States,USD,CPI,HIGH,0.8%,0.8%,0.6%,nasdaq_economic_calendar
2022-03-11-usd-cpi-index-n-s-a-ccd9fa79,2022-03-11T09:30:00Z,United States,USD,"CPI Index, n.s.a.",HIGH,283.72,283.66,281.15,nasdaq_economic_calendar
2022-03-11-usd-cpi-index-s-a-26b72587,2022-03-11T09:30:00Z,United States,USD,"CPI Index, s.a",HIGH,284.18,,281.93,nasdaq_economic_calendar
2022-03-11-usd-cpi-n-s-a-b24fe37f,2022-03-11T09:30:00Z,United States,USD,"CPI, n.s.a",HIGH,0.91%,,0.84%,nasdaq_economic_calendar
2022-03-11-usd-core-cpi-e8a0c466,2022-03-11T09:30:00Z,United States,USD,Core CPI,HIGH,0.5%,0.5%,0.6%,nasdaq_economic_calendar
2022-03-11-usd-core-cpi-index-b720acf7,2022-03-11T09:30:00Z,United States,USD,Core CPI Index,HIGH,287.88,,286.43,nasdaq_economic_calendar
2022-03-11-usd-cleveland-cpi-b41014e0,2022-03-11T11:00:00Z,United States,USD,Cleveland CPI,HIGH,0.5%,,0.6%,nasdaq_economic_calendar
2022-03-15-usd-core-ppi-27451e1c,2022-03-15T08:30:00Z,United States,USD,Core PPI,HIGH,0.2%,0.6%,1.0%,nasdaq_economic_calendar
2022-03-15-usd-ppi-a9d70360,2022-03-15T08:30:00Z,United States,USD,PPI,HIGH,10.0%,10.0%,10.0%,nasdaq_economic_calendar
2022-03-15-jpy-reuters-tankan-index-f3ac3c67,2022-03-15T19:00:00Z,Japan,JPY,Reuters Tankan Index,HIGH,8,,6,nasdaq_economic_calendar
2022-03-15-jpy-adjusted-trade-balance-9781490b,2022-03-15T19:50:00Z,Japan,JPY,Adjusted Trade Balance,HIGH,-1.03T,,-0.93T,nasdaq_economic_calendar
2022-03-15-jpy-trade-balance-e0a73b08,2022-03-15T19:50:00Z,Japan,JPY,Trade Balance,HIGH,-668.3B,-112.6B,"-2,193.5B",nasdaq_economic_calendar
2022-03-16-jpy-industrial-production-2ee72877,2022-03-16T00:30:00Z,Japan,JPY,Industrial Production,HIGH,-0.8%,-1.3%,-1.3%,nasdaq_economic_calendar
2022-03-16-usd-core-retail-sales-6e561064,2022-03-16T08:30:00Z,United States,USD,Core Retail Sales,HIGH,0.2%,0.9%,4.4%,nasdaq_economic_calendar
2022-03-16-usd-retail-sales-9f99ee31,2022-03-16T08:30:00Z,United States,USD,Retail Sales,HIGH,17.62%,,14.00%,nasdaq_economic_calendar
2022-03-16-usd-retail-sales-ex-gas-autos-65da0884,2022-03-16T08:30:00Z,United States,USD,Retail Sales Ex Gas/Autos,HIGH,-0.4%,,5.2%,nasdaq_economic_calendar
2022-03-16-usd-fomc-economic-projections-099b2268,2022-03-16T14:00:00Z,United States,USD,FOMC Economic Projections,HIGH,,,,nasdaq_economic_calendar
2022-03-16-usd-fomc-statement-44f73a03,2022-03-16T14:00:00Z,United States,USD,FOMC Statement,HIGH,,,,nasdaq_economic_calendar
2022-03-16-usd-fed-interest-rate-decision-fd6b800a,2022-03-16T14:00:00Z,United States,USD,Fed Interest Rate Decision,HIGH,0.50%,0.50%,0.25%,nasdaq_economic_calendar
2022-03-16-usd-fomc-press-conference-e7fb54ac,2022-03-16T14:30:00Z,United States,USD,FOMC Press Conference,HIGH,,,,nasdaq_economic_calendar
2022-03-17-jpy-industrial-production-bc8fc445,2022-03-17T00:30:00Z,Japan,JPY,Industrial Production,HIGH,-0.8%,-1.3%,-1.3%,nasdaq_economic_calendar
2022-03-17-usd-core-retail-sales-2d78b0b3,2022-03-17T08:30:00Z,United States,USD,Core Retail Sales,HIGH,0.2%,0.9%,4.4%,nasdaq_economic_calendar
2022-03-17-usd-retail-sales-82e7f0c8,2022-03-17T08:30:00Z,United States,USD,Retail Sales,HIGH,17.62%,,14.00%,nasdaq_economic_calendar
2022-03-17-usd-retail-sales-ex-gas-autos-5aa4d203,2022-03-17T08:30:00Z,United States,USD,Retail Sales Ex Gas/Autos,HIGH,-0.4%,,5.2%,nasdaq_economic_calendar
2022-03-17-usd-fomc-economic-projections-55e7ae52,2022-03-17T14:00:00Z,United States,USD,FOMC Economic Projections,HIGH,,,,nasdaq_economic_calendar
2022-03-17-usd-fomc-statement-8dc218b0,2022-03-17T14:00:00Z,United States,USD,FOMC Statement,HIGH,,,,nasdaq_economic_calendar
2022-03-17-usd-fed-interest-rate-decision-60f073de,2022-03-17T14:00:00Z,United States,USD,Fed Interest Rate Decision,HIGH,0.50%,0.50%,0.25%,nasdaq_economic_calendar
2022-03-17-usd-fomc-press-conference-39148f49,2022-03-17T14:30:00Z,United States,USD,FOMC Press Conference,HIGH,,,,nasdaq_economic_calendar
2022-03-18-jpy-boj-press-conference-e7d54f56,2022-03-18T02:30:00Z,Japan,JPY,BoJ Press Conference,HIGH,,,,nasdaq_economic_calendar
2022-03-18-usd-fomc-member-barkin-speaks-45e526f6,2022-03-18T12:30:00Z,United States,USD,FOMC Member Barkin Speaks,HIGH,,,,nasdaq_economic_calendar
2022-03-18-usd-fomc-member-bowman-speaks-fca2caff,2022-03-18T15:00:00Z,United States,USD,FOMC Member Bowman Speaks,HIGH,,,,nasdaq_economic_calendar
2022-03-21-usd-fomc-member-bostic-speaks-055e18dd,2022-03-21T08:00:00Z,United States,USD,FOMC Member Bostic Speaks,HIGH,,,,nasdaq_economic_calendar
2022-03-22-usd-fomc-member-williams-speaks-8c232f16,2022-03-22T10:35:00Z,United States,USD,FOMC Member Williams Speaks,HIGH,,,,nasdaq_economic_calendar
2022-03-22-usd-fomc-member-daly-speaks-593a1b5f,2022-03-22T14:00:00Z,United States,USD,FOMC Member Daly Speaks,HIGH,,,,nasdaq_economic_calendar
2022-03-22-usd-fomc-member-mester-speaks-2fd48af3,2022-03-22T17:00:00Z,United States,USD,FOMC Member Mester Speaks,HIGH,,,,nasdaq_economic_calendar
2022-03-23-usd-fomc-member-williams-speaks-196c5da0,2022-03-23T10:35:00Z,United States,USD,FOMC Member Williams Speaks,HIGH,,,,nasdaq_economic_calendar
2022-03-23-usd-fomc-member-daly-speaks-1694fe22,2022-03-23T14:00:00Z,United States,USD,FOMC Member Daly Speaks,HIGH,,,,nasdaq_economic_calendar
2022-03-23-usd-fomc-member-mester-speaks-012c1827,2022-03-23T17:00:00Z,United States,USD,FOMC Member Mester Speaks,HIGH,,,,nasdaq_economic_calendar
2022-03-24-jpy-boj-core-cpi-b8445025,2022-03-24T01:00:00Z,Japan,JPY,BoJ Core CPI,HIGH,1.0%,,0.8%,nasdaq_economic_calendar
2022-03-24-usd-fomc-member-daly-speaks-29831bf0,2022-03-24T11:45:00Z,United States,USD,FOMC Member Daly Speaks,HIGH,,,,nasdaq_economic_calendar
2022-03-24-jpy-monetary-policy-meeting-minutes-1f3d7a7a,2022-03-24T19:50:00Z,Japan,JPY,Monetary Policy Meeting Minutes,HIGH,,,,nasdaq_economic_calendar
2022-03-24-jpy-boj-board-member-kataoka-speaks-507d4b60,2022-03-24T21:30:00Z,Japan,JPY,BoJ Board Member Kataoka Speaks,HIGH,,,,nasdaq_economic_calendar
2022-03-25-usd-core-durable-goods-orders-154c7591,2022-03-25T08:30:00Z,United States,USD,Core Durable Goods Orders,HIGH,-0.6%,0.6%,0.8%,nasdaq_economic_calendar
2022-03-25-usd-durable-goods-orders-156e2721,2022-03-25T08:30:00Z,United States,USD,Durable Goods Orders,HIGH,-2.2%,-0.5%,1.6%,nasdaq_economic_calendar
2022-03-25-usd-fomc-member-bostic-speaks-55cc0055,2022-03-25T11:00:00Z,United States,USD,FOMC Member Bostic Speaks,HIGH,,,,nasdaq_economic_calendar
2022-03-25-jpy-cpi-tokyo-ex-food-and-energy-a82bd716,2022-03-25T19:30:00Z,Japan,JPY,CPI Tokyo Ex Food and Energy,HIGH,0.2%,,0.2%,nasdaq_economic_calendar
2022-03-25-jpy-tokyo-cpi-317abeaa,2022-03-25T19:30:00Z,Japan,JPY,Tokyo CPI,HIGH,1.3%,,1.0%,nasdaq_economic_calendar
2022-03-25-jpy-tokyo-core-cpi-d6aa17f3,2022-03-25T19:30:00Z,Japan,JPY,Tokyo Core CPI,HIGH,0.8%,0.4%,0.5%,nasdaq_economic_calendar
2022-03-26-usd-fomc-member-williams-speaks-ce4c9d7f,2022-03-26T10:00:00Z,United States,USD,FOMC Member Williams Speaks,HIGH,,,,nasdaq_economic_calendar
2022-03-26-usd-michigan-consumer-expectations-5a0307f8,2022-03-26T10:00:00Z,United States,USD,Michigan Consumer Expectations,HIGH,54.3,54.4,59.4,nasdaq_economic_calendar
2022-03-26-usd-michigan-consumer-sentiment-46cf4fe0,2022-03-26T10:00:00Z,United States,USD,Michigan Consumer Sentiment,HIGH,59.4,59.7,62.8,nasdaq_economic_calendar
2022-03-26-usd-fomc-member-barkin-speaks-44dc2a28,2022-03-26T11:30:00Z,United States,USD,FOMC Member Barkin Speaks,HIGH,,,,nasdaq_economic_calendar
2022-03-29-jpy-boj-summary-of-opinions-d54475ac,2022-03-29T19:50:00Z,Japan,JPY,BoJ Summary of Opinions,HIGH,,,,nasdaq_economic_calendar
2022-03-30-jpy-boj-deputy-governor-amamiya-speaks-aa4e5294,2022-03-30T00:20:00Z,Japan,JPY,BOJ Deputy Governor Amamiya Speaks,HIGH,,,,nasdaq_economic_calendar
2022-03-30-usd-fomc-member-williams-speaks-4c5f172d,2022-03-30T09:00:00Z,United States,USD,FOMC Member Williams Speaks,HIGH,,,,nasdaq_economic_calendar
2022-03-30-usd-cb-consumer-confidence-97160de2,2022-03-30T10:00:00Z,United States,USD,CB Consumer Confidence,HIGH,107.2,107.0,105.7,nasdaq_economic_calendar
2022-03-30-usd-jolts-job-openings-a2842790,2022-03-30T10:00:00Z,United States,USD,JOLTS Job Openings,HIGH,11.266M,11.000M,11.283M,nasdaq_economic_calendar
2022-03-30-usd-fomc-member-harker-speaks-d4a77d04,2022-03-30T10:45:00Z,United States,USD,FOMC Member Harker Speaks,HIGH,,,,nasdaq_economic_calendar
2022-03-30-jpy-retail-sales-765c0099,2022-03-30T19:50:00Z,Japan,JPY,Retail Sales,HIGH,-0.8%,-0.3%,1.1%,nasdaq_economic_calendar
2022-03-31-usd-adp-nonfarm-employment-change-4f97926d,2022-03-31T08:15:00Z,United States,USD,ADP Nonfarm Employment Change,HIGH,455K,450K,486K,nasdaq_economic_calendar
2022-03-31-usd-core-pce-prices-38893260,2022-03-31T08:30:00Z,United States,USD,Core PCE Prices,HIGH,5.00%,5.00%,4.60%,nasdaq_economic_calendar
2022-03-31-usd-gdp-41c48ee5,2022-03-31T08:30:00Z,United States,USD,GDP,HIGH,6.9%,7.1%,7.0%,nasdaq_economic_calendar
2022-03-31-usd-gdp-price-index-a7f5abf4,2022-03-31T08:30:00Z,United States,USD,GDP Price Index,HIGH,7.1%,7.2%,7.2%,nasdaq_economic_calendar
2022-03-31-usd-gdp-sales-3bb824b3,2022-03-31T08:30:00Z,United States,USD,GDP Sales,HIGH,1.5%,,2.0%,nasdaq_economic_calendar
2022-03-31-usd-pce-prices-528a69b0,2022-03-31T08:30:00Z,United States,USD,PCE Prices,HIGH,6.4%,6.3%,5.3%,nasdaq_economic_calendar
2022-03-31-usd-fomc-member-george-speaks-b73551d8,2022-03-31T13:00:00Z,United States,USD,FOMC Member George Speaks,HIGH,,,,nasdaq_economic_calendar
2022-03-31-jpy-industrial-production-67990bba,2022-03-31T19:50:00Z,Japan,JPY,Industrial Production,HIGH,0.1%,0.5%,-0.8%,nasdaq_economic_calendar
2022-03-31-jpy-industrial-production-forecast-1m-ahead-3fcea0f8,2022-03-31T19:50:00Z,Japan,JPY,Industrial Production forecast 1m ahead,HIGH,3.6%,,5.7%,nasdaq_economic_calendar
2022-03-31-jpy-industrial-production-forecast-2m-ahead-fdf38dcb,2022-03-31T19:50:00Z,Japan,JPY,Industrial Production forecast 2m ahead,HIGH,9.6%,,0.1%,nasdaq_economic_calendar
2022-04-01-usd-core-pce-price-index-310917e3,2022-04-01T08:30:00Z,United States,USD,Core PCE Price Index,HIGH,0.4%,0.4%,0.5%,nasdaq_economic_calendar
2022-04-01-usd-pce-price-index-258675a4,2022-04-01T08:30:00Z,United States,USD,PCE Price index,HIGH,6.4,,6.0,nasdaq_economic_calendar
2022-04-01-usd-pce-price-index-eda11698,2022-04-01T08:30:00Z,United States,USD,PCE price index,HIGH,0.6%,,0.5%,nasdaq_economic_calendar
2022-04-01-usd-personal-income-370aac5f,2022-04-01T08:30:00Z,United States,USD,Personal Income,HIGH,0.5%,0.5%,0.1%,nasdaq_economic_calendar
2022-04-01-usd-real-personal-consumption-06b292f7,2022-04-01T08:30:00Z,United States,USD,Real Personal Consumption,HIGH,-0.4%,,2.1%,nasdaq_economic_calendar
2022-04-01-usd-fomc-member-williams-speaks-a6a0df8e,2022-04-01T09:00:00Z,United States,USD,FOMC Member Williams Speaks,HIGH,,,,nasdaq_economic_calendar
2022-04-01-usd-dallas-fed-pce-6b2c7980,2022-04-01T13:00:00Z,United States,USD,Dallas Fed PCE,HIGH,4.00%,,6.50%,nasdaq_economic_calendar
2022-04-01-jpy-tankan-all-big-industry-capex-854c5275,2022-04-01T19:50:00Z,Japan,JPY,Tankan All Big Industry CAPEX,HIGH,2.2%,4.0%,9.3%,nasdaq_economic_calendar
2022-04-01-jpy-tankan-all-small-industry-capex-6fb5932a,2022-04-01T19:50:00Z,Japan,JPY,Tankan All Small Industry CAPEX,HIGH,-11.4%,-7.2%,5.1%,nasdaq_economic_calendar
2022-04-01-jpy-tankan-big-manufacturing-outlook-index-9178a383,2022-04-01T19:50:00Z,Japan,JPY,Tankan Big Manufacturing Outlook Index,HIGH,9,10,13,nasdaq_economic_calendar
2022-04-01-jpy-tankan-large-manufacturers-index-38acc4c6,2022-04-01T19:50:00Z,Japan,JPY,Tankan Large Manufacturers Index,HIGH,14,12,17,nasdaq_economic_calendar
2022-04-01-jpy-tankan-large-non-manufacturers-diffusion-index-4d683a63,2022-04-01T19:50:00Z,Japan,JPY,Tankan Large Non-Manufacturers Diffusion Index,HIGH,7,8,9,nasdaq_economic_calendar
2022-04-01-jpy-tankan-large-non-manufacturers-index-78cca563,2022-04-01T19:50:00Z,Japan,JPY,Tankan Large Non-Manufacturers Index,HIGH,9,5,10,nasdaq_economic_calendar
2022-04-01-jpy-tankan-small-manufacturers-diffusion-index-d28ad595,2022-04-01T19:50:00Z,Japan,JPY,Tankan Small Manufacturers Diffusion Index,HIGH,-5,-8,-1,nasdaq_economic_calendar
2022-04-01-jpy-tankan-small-manufacturing-index-3ebd9f84,2022-04-01T19:50:00Z,Japan,JPY,Tankan Small Manufacturing Index,HIGH,-4,-7,-1,nasdaq_economic_calendar
2022-04-01-jpy-tankan-small-non-manufacturers-diffusion-index-8919083d,2022-04-01T19:50:00Z,Japan,JPY,Tankan Small Non-Manufacturers Diffusion Index,HIGH,-10,-8,-6,nasdaq_economic_calendar
2022-04-01-jpy-tankan-small-non-manufacturing-index-c7402e05,2022-04-01T19:50:00Z,Japan,JPY,Tankan Small Non-Manufacturing Index,HIGH,-6,-9,-3,nasdaq_economic_calendar
2022-04-02-usd-average-hourly-earnings-144058e9,2022-04-02T08:30:00Z,United States,USD,Average Hourly Earnings,HIGH,0.4%,0.4%,0.1%,nasdaq_economic_calendar
2022-04-02-usd-average-hourly-earnings-yoy-cf9f6dc9,2022-04-02T08:30:00Z,United States,USD,Average Hourly Earnings (YoY),HIGH,5.6%,5.5%,5.2%,nasdaq_economic_calendar
2022-04-02-usd-nonfarm-payrolls-be404dee,2022-04-02T08:30:00Z,United States,USD,Nonfarm Payrolls,HIGH,431K,490K,750K,nasdaq_economic_calendar
2022-04-02-usd-private-nonfarm-payrolls-f9378f28,2022-04-02T08:30:00Z,United States,USD,Private Nonfarm Payrolls,HIGH,426K,480K,739K,nasdaq_economic_calendar
2022-04-02-usd-u6-unemployment-rate-bb8ee21c,2022-04-02T08:30:00Z,United States,USD,U6 Unemployment Rate,HIGH,6.9%,,7.2%,nasdaq_economic_calendar
2022-04-02-usd-unemployment-rate-6d6386d4,2022-04-02T08:30:00Z,United States,USD,Unemployment Rate,HIGH,3.6%,3.7%,3.8%,nasdaq_economic_calendar
2022-04-02-usd-ism-manufacturing-employment-cadafdc7,2022-04-02T10:00:00Z,United States,USD,ISM Manufacturing Employment,HIGH,56.3,,52.9,nasdaq_economic_calendar
2022-04-02-usd-ism-manufacturing-new-orders-index-fd848272,2022-04-02T10:00:00Z,United States,USD,ISM Manufacturing New Orders Index,HIGH,53.8,,61.7,nasdaq_economic_calendar
2022-04-02-usd-ism-manufacturing-pmi-c6ff5554,2022-04-02T10:00:00Z,United States,USD,ISM Manufacturing PMI,HIGH,57.1,59.0,58.6,nasdaq_economic_calendar
2022-04-02-usd-ism-manufacturing-prices-637ec5e8,2022-04-02T10:00:00Z,United States,USD,ISM Manufacturing Prices,HIGH,87.1,80.0,75.6,nasdaq_economic_calendar
2022-04-03-usd-fomc-member-williams-speaks-369d17a2,2022-04-03T13:00:00Z,United States,USD,FOMC Member Williams Speaks,HIGH,,,,nasdaq_economic_calendar
2022-04-06-usd-fomc-member-kashkari-speaks-7281cff5,2022-04-06T10:00:00Z,United States,USD,FOMC Member Kashkari Speaks,HIGH,,,,nasdaq_economic_calendar
2022-04-06-usd-ism-non-manufacturing-business-activity-6dcbd7b1,2022-04-06T10:00:00Z,United States,USD,ISM Non-Manufacturing Business Activity,HIGH,55.5,,55.1,nasdaq_economic_calendar
2022-04-06-usd-ism-non-manufacturing-employment-f72869f7,2022-04-06T10:00:00Z,United States,USD,ISM Non-Manufacturing Employment,HIGH,54.0,,48.5,nasdaq_economic_calendar
2022-04-06-usd-ism-non-manufacturing-new-orders-e036d138,2022-04-06T10:00:00Z,United States,USD,ISM Non-Manufacturing New Orders,HIGH,60.1,,56.1,nasdaq_economic_calendar
2022-04-06-usd-ism-non-manufacturing-pmi-69cb1673,2022-04-06T10:00:00Z,United States,USD,ISM Non-Manufacturing PMI,HIGH,58.3,58.4,56.5,nasdaq_economic_calendar
2022-04-06-usd-ism-non-manufacturing-prices-8da37187,2022-04-06T10:00:00Z,United States,USD,ISM Non-Manufacturing Prices,HIGH,83.8,,83.1,nasdaq_economic_calendar
2022-04-06-usd-fomc-member-brainard-speaks-c0be4726,2022-04-06T10:05:00Z,United States,USD,FOMC Member Brainard Speaks,HIGH,,,,nasdaq_economic_calendar
2022-04-06-usd-fomc-member-williams-speaks-844c8f36,2022-04-06T14:00:00Z,United States,USD,FOMC Member Williams Speaks,HIGH,,,,nasdaq_economic_calendar
2022-04-07-usd-fomc-member-harker-speaks-fe90de14,2022-04-07T09:30:00Z,United States,USD,FOMC Member Harker Speaks,HIGH,,,,nasdaq_economic_calendar
2022-04-07-usd-fomc-meeting-minutes-9eff28dc,2022-04-07T14:00:00Z,United States,USD,FOMC Meeting Minutes,HIGH,,,,nasdaq_economic_calendar
2022-04-07-jpy-boj-board-member-noguchi-speaks-d3bb2f74,2022-04-07T21:30:00Z,Japan,JPY,BoJ Board Member Noguchi Speaks,HIGH,,,,nasdaq_economic_calendar
2022-04-08-usd-fomc-member-bullard-speaks-d84ffcc6,2022-04-08T09:00:00Z,United States,USD,FOMC Member Bullard Speaks,HIGH,,,,nasdaq_economic_calendar
2022-04-08-usd-fomc-member-bostic-speaks-5ce65d00,2022-04-08T14:00:00Z,United States,USD,FOMC Member Bostic Speaks,HIGH,,,,nasdaq_economic_calendar
2022-04-08-usd-fomc-member-williams-speaks-666f3c33,2022-04-08T16:05:00Z,United States,USD,FOMC Member Williams Speaks,HIGH,,,,nasdaq_economic_calendar
2022-04-11-jpy-boj-governor-kuroda-speaks-8ef79c0b,2022-04-11T21:00:00Z,Japan,JPY,BoJ Governor Kuroda Speaks,HIGH,,,,nasdaq_economic_calendar
2022-04-12-usd-fomc-member-bostic-speaks-bc96c99d,2022-04-12T09:30:00Z,United States,USD,FOMC Member Bostic Speaks,HIGH,,,,nasdaq_economic_calendar
2022-04-12-usd-fomc-member-bowman-speaks-3566ff81,2022-04-12T09:30:00Z,United States,USD,FOMC Member Bowman Speaks,HIGH,,,,nasdaq_economic_calendar
2022-04-12-usd-fomc-member-williams-speaks-a9b54098,2022-04-12T12:00:00Z,United States,USD,FOMC Member Williams Speaks,HIGH,,,,nasdaq_economic_calendar
2022-04-13-usd-cpi-be507b8a,2022-04-13T08:30:00Z,United States,USD,CPI,HIGH,8.5%,8.4%,7.9%,nasdaq_economic_calendar
2022-04-13-usd-cpi-index-n-s-a-94d93edb,2022-04-13T08:30:00Z,United States,USD,"CPI Index, n.s.a.",HIGH,287.50,287.41,283.72,nasdaq_economic_calendar
2022-04-13-usd-cpi-index-s-a-6309febd,2022-04-13T08:30:00Z,United States,USD,"CPI Index, s.a",HIGH,287.71,,284.18,nasdaq_economic_calendar
2022-04-13-usd-cpi-n-s-a-9e5db878,2022-04-13T08:30:00Z,United States,USD,"CPI, n.s.a",HIGH,1.34%,,0.91%,nasdaq_economic_calendar
2022-04-13-usd-core-cpi-77526494,2022-04-13T08:30:00Z,United States,USD,Core CPI,HIGH,0.3%,0.5%,0.5%,nasdaq_economic_calendar
2022-04-13-usd-core-cpi-index-ecc1849c,2022-04-13T08:30:00Z,United States,USD,Core CPI Index,HIGH,288.81,,287.88,nasdaq_economic_calendar
2022-04-13-usd-cleveland-cpi-20b81801,2022-04-13T11:00:00Z,United States,USD,Cleveland CPI,HIGH,0.5%,,0.5%,nasdaq_economic_calendar
2022-04-13-usd-fomc-member-brainard-speaks-3fa5d7e2,2022-04-13T12:10:00Z,United States,USD,FOMC Member Brainard Speaks,HIGH,,,,nasdaq_economic_calendar
2022-04-13-usd-fomc-member-barkin-speaks-7f608da8,2022-04-13T17:30:00Z,United States,USD,FOMC Member Barkin Speaks,HIGH,,,,nasdaq_economic_calendar
2022-04-13-jpy-reuters-tankan-index-dd2ba197,2022-04-13T19:00:00Z,Japan,JPY,Reuters Tankan Index,HIGH,11,,8,nasdaq_economic_calendar
2022-04-14-jpy-boj-governor-kuroda-speaks-5f074fd8,2022-04-14T02:15:00Z,Japan,JPY,BoJ Governor Kuroda Speaks,HIGH,,,,nasdaq_economic_calendar
2022-04-14-usd-core-ppi-80b4fce3,2022-04-14T08:30:00Z,United States,USD,Core PPI,HIGH,1.0%,0.5%,0.4%,nasdaq_economic_calendar
2022-04-14-usd-ppi-0ad1e9da,2022-04-14T08:30:00Z,United States,USD,PPI,HIGH,1.4%,1.1%,0.9%,nasdaq_economic_calendar
2022-04-15-usd-core-retail-sales-4557ac4e,2022-04-15T08:30:00Z,United States,USD,Core Retail Sales,HIGH,1.1%,1.0%,0.6%,nasdaq_economic_calendar
2022-04-15-usd-retail-sales-fe7030cb,2022-04-15T08:30:00Z,United States,USD,Retail Sales,HIGH,0.5%,0.6%,0.8%,nasdaq_economic_calendar
2022-04-15-usd-retail-sales-ex-gas-autos-1c791689,2022-04-15T08:30:00Z,United States,USD,Retail Sales Ex Gas/Autos,HIGH,0.2%,,-0.1%,nasdaq_economic_calendar
2022-04-15-usd-michigan-consumer-expectations-74881b68,2022-04-15T10:00:00Z,United States,USD,Michigan Consumer Expectations,HIGH,64.1,54.2,54.3,nasdaq_economic_calendar
2022-04-15-usd-michigan-consumer-sentiment-44c3f30f,2022-04-15T10:00:00Z,United States,USD,Michigan Consumer Sentiment,HIGH,65.7,59.0,59.4,nasdaq_economic_calendar
2022-04-15-usd-fomc-member-mester-speaks-02a369e8,2022-04-15T15:50:00Z,United States,USD,FOMC Member Mester Speaks,HIGH,,,,nasdaq_economic_calendar
2022-04-15-usd-fomc-member-harker-speaks-d29565c3,2022-04-15T18:00:00Z,United States,USD,FOMC Member Harker Speaks,HIGH,,,,nasdaq_economic_calendar
2022-04-16-usd-industrial-production-37a0c942,2022-04-16T09:15:00Z,United States,USD,Industrial Production,HIGH,0.9%,0.4%,0.9%,nasdaq_economic_calendar
2022-04-19-usd-fomc-member-bullard-speaks-fe2fedc5,2022-04-19T16:00:00Z,United States,USD,FOMC Member Bullard Speaks,HIGH,,,,nasdaq_economic_calendar
2022-04-20-jpy-industrial-production-d5f5f354,2022-04-20T00:30:00Z,Japan,JPY,Industrial Production,HIGH,2.0%,,0.1%,nasdaq_economic_calendar
2022-04-20-jpy-adjusted-trade-balance-d60720ae,2022-04-20T19:50:00Z,Japan,JPY,Adjusted Trade Balance,HIGH,-0.90T,,-1.03T,nasdaq_economic_calendar
2022-04-20-jpy-trade-balance-0dcab960,2022-04-20T19:50:00Z,Japan,JPY,Trade Balance,HIGH,-412.4B,-100.8B,-669.7B,nasdaq_economic_calendar
2022-04-21-usd-fomc-member-daly-speaks-d74512a3,2022-04-21T10:30:00Z,United States,USD,FOMC Member Daly Speaks,HIGH,,,,nasdaq_economic_calendar
2022-04-22-jpy-cpi-n-s-a-b73c205d,2022-04-22T19:30:00Z,Japan,JPY,"CPI, n.s.a",HIGH,0.4%,,0.4%,nasdaq_economic_calendar
2022-04-22-jpy-national-cpi-787f8685,2022-04-22T19:30:00Z,Japan,JPY,National CPI,HIGH,1.2%,,0.9%,nasdaq_economic_calendar
2022-04-22-jpy-national-core-cpi-7f62a972,2022-04-22T19:30:00Z,Japan,JPY,National Core CPI,HIGH,0.8%,0.8%,0.6%,nasdaq_economic_calendar
2022-04-22-jpy-national-cpi-1fe42a54,2022-04-22T19:50:00Z,Japan,JPY,National CPI,HIGH,0.4%,,0.4%,nasdaq_economic_calendar
2022-04-27-jpy-boj-core-cpi-e0700555,2022-04-27T01:00:00Z,Japan,JPY,BoJ Core CPI,HIGH,1.1%,,1.0%,nasdaq_economic_calendar
2022-04-27-usd-core-durable-goods-orders-2d6ef152,2022-04-27T08:30:00Z,United States,USD,Core Durable Goods Orders,HIGH,1.1%,0.6%,-0.5%,nasdaq_economic_calendar
2022-04-27-usd-durable-goods-orders-290af28b,2022-04-27T08:30:00Z,United States,USD,Durable Goods Orders,HIGH,0.8%,1.0%,-1.7%,nasdaq_economic_calendar
2022-04-27-usd-cb-consumer-confidence-40b5a206,2022-04-27T10:00:00Z,United States,USD,CB Consumer Confidence,HIGH,107.3,108.0,107.6,nasdaq_economic_calendar
2022-04-28-jpy-industrial-production-a961716d,2022-04-28T19:50:00Z,Japan,JPY,Industrial Production,HIGH,0.3%,0.5%,2.0%,nasdaq_economic_calendar
2022-04-28-jpy-industrial-production-forecast-1m-ahead-832b38f7,2022-04-28T19:50:00Z,Japan,JPY,Industrial Production forecast 1m ahead,HIGH,5.8%,,3.6%,nasdaq_economic_calendar
2022-04-28-jpy-industrial-production-forecast-2m-ahead-042848f4,2022-04-28T19:50:00Z,Japan,JPY,Industrial Production forecast 2m ahead,HIGH,-0.8%,,9.6%,nasdaq_economic_calendar
2022-04-28-jpy-retail-sales-422771ab,2022-04-28T19:50:00Z,Japan,JPY,Retail Sales,HIGH,0.9%,0.4%,-0.9%,nasdaq_economic_calendar
2022-04-28-jpy-boj-monetary-policy-statement-53b90e38,2022-04-28T23:00:00Z,Japan,JPY,BoJ Monetary Policy Statement,HIGH,,,,nasdaq_economic_calendar
2022-04-28-jpy-boj-outlook-report-f3636a84,2022-04-28T23:00:00Z,Japan,JPY,BoJ Outlook Report,HIGH,,,,nasdaq_economic_calendar
2022-04-28-jpy-boj-interest-rate-decision-53593f85,2022-04-28T23:09:00Z,Japan,JPY,BoJ Interest Rate Decision,HIGH,-0.10%,-0.10%,-0.10%,nasdaq_economic_calendar
2022-04-29-usd-core-pce-prices-52b7e10c,2022-04-29T08:30:00Z,United States,USD,Core PCE Prices,HIGH,5.20%,5.40%,5.00%,nasdaq_economic_calendar
2022-04-29-usd-gdp-67b60ef1,2022-04-29T08:30:00Z,United States,USD,GDP,HIGH,-1.4%,1.1%,6.9%,nasdaq_economic_calendar
2022-04-29-usd-gdp-price-index-ec6c7fb0,2022-04-29T08:30:00Z,United States,USD,GDP Price Index,HIGH,8.0%,7.3%,7.1%,nasdaq_economic_calendar
2022-04-29-usd-gdp-sales-f5db7b53,2022-04-29T08:30:00Z,United States,USD,GDP Sales,HIGH,-0.6%,,1.5%,nasdaq_economic_calendar
2022-04-29-usd-pce-prices-39757d26,2022-04-29T08:30:00Z,United States,USD,PCE Prices,HIGH,7.0%,,6.4%,nasdaq_economic_calendar
2022-04-30-usd-core-pce-price-index-fd5fe6e7,2022-04-30T08:30:00Z,United States,USD,Core PCE Price Index,HIGH,0.3%,0.3%,0.3%,nasdaq_economic_calendar
2022-04-30-usd-employment-cost-index-b4bad762,2022-04-30T08:30:00Z,United States,USD,Employment Cost Index,HIGH,1.4%,1.1%,1.0%,nasdaq_economic_calendar
2022-04-30-usd-pce-price-index-9236149e,2022-04-30T08:30:00Z,United States,USD,PCE Price index,HIGH,6.6,,6.3,nasdaq_economic_calendar
2022-04-30-usd-pce-price-index-d8804080,2022-04-30T08:30:00Z,United States,USD,PCE price index,HIGH,0.9%,,0.5%,nasdaq_economic_calendar
2022-04-30-usd-personal-income-da5c137f,2022-04-30T08:30:00Z,United States,USD,Personal Income,HIGH,0.5%,0.4%,0.7%,nasdaq_economic_calendar
2022-04-30-usd-real-personal-consumption-39f1c6f3,2022-04-30T08:30:00Z,United States,USD,Real Personal Consumption,HIGH,0.2%,,0.1%,nasdaq_economic_calendar
2022-04-30-usd-michigan-consumer-expectations-08d13daa,2022-04-30T10:00:00Z,United States,USD,Michigan Consumer Expectations,HIGH,62.5,64.1,54.3,nasdaq_economic_calendar
2022-04-30-usd-michigan-consumer-sentiment-6330ed04,2022-04-30T10:00:00Z,United States,USD,Michigan Consumer Sentiment,HIGH,65.2,65.7,59.4,nasdaq_economic_calendar
2022-04-30-usd-dallas-fed-pce-86ceacf2,2022-04-30T13:00:00Z,United States,USD,Dallas Fed PCE,HIGH,3.10%,,4.00%,nasdaq_economic_calendar
2022-05-03-usd-ism-manufacturing-employment-a91f62ec,2022-05-03T10:00:00Z,United States,USD,ISM Manufacturing Employment,HIGH,50.9,56.0,56.3,nasdaq_economic_calendar
2022-05-03-usd-ism-manufacturing-new-orders-index-35d71236,2022-05-03T10:00:00Z,United States,USD,ISM Manufacturing New Orders Index,HIGH,53.5,,53.8,nasdaq_economic_calendar
2022-05-03-usd-ism-manufacturing-pmi-2a2ec552,2022-05-03T10:00:00Z,United States,USD,ISM Manufacturing PMI,HIGH,55.4,57.6,57.1,nasdaq_economic_calendar
2022-05-03-usd-ism-manufacturing-prices-f62d2ab4,2022-05-03T10:00:00Z,United States,USD,ISM Manufacturing Prices,HIGH,84.6,87.5,87.1,nasdaq_economic_calendar
2022-05-04-usd-jolts-job-openings-4ee44e69,2022-05-04T10:00:00Z,United States,USD,JOLTS Job Openings,HIGH,11.549M,11.000M,11.344M,nasdaq_economic_calendar
2022-05-05-usd-adp-nonfarm-employment-change-9da3eb5e,2022-05-05T08:15:00Z,United States,USD,ADP Nonfarm Employment Change,HIGH,247K,395K,479K,nasdaq_economic_calendar
2022-05-05-usd-ism-non-manufacturing-business-activity-8e2d5a57,2022-05-05T10:00:00Z,United States,USD,ISM Non-Manufacturing Business Activity,HIGH,59.1,,55.5,nasdaq_economic_calendar
2022-05-05-usd-ism-non-manufacturing-employment-90e8df1d,2022-05-05T10:00:00Z,United States,USD,ISM Non-Manufacturing Employment,HIGH,49.5,,54.0,nasdaq_economic_calendar
2022-05-05-usd-ism-non-manufacturing-new-orders-b6f6d2b7,2022-05-05T10:00:00Z,United States,USD,ISM Non-Manufacturing New Orders,HIGH,54.6,,60.1,nasdaq_economic_calendar
2022-05-05-usd-ism-non-manufacturing-pmi-22bacfd7,2022-05-05T10:00:00Z,United States,USD,ISM Non-Manufacturing PMI,HIGH,57.1,58.5,58.3,nasdaq_economic_calendar
2022-05-05-usd-ism-non-manufacturing-prices-761a9746,2022-05-05T10:00:00Z,United States,USD,ISM Non-Manufacturing Prices,HIGH,84.6,,83.8,nasdaq_economic_calendar
2022-05-05-usd-fomc-statement-c7e2ed9d,2022-05-05T14:00:00Z,United States,USD,FOMC Statement,HIGH,,,,nasdaq_economic_calendar
2022-05-05-usd-fed-interest-rate-decision-48d69e3f,2022-05-05T14:00:00Z,United States,USD,Fed Interest Rate Decision,HIGH,1.00%,1.00%,0.50%,nasdaq_economic_calendar
2022-05-05-usd-fomc-press-conference-20161cbb,2022-05-05T14:30:00Z,United States,USD,FOMC Press Conference,HIGH,,,,nasdaq_economic_calendar
2022-05-06-usd-nonfarm-productivity-e34883d1,2022-05-06T08:30:00Z,United States,USD,Nonfarm Productivity,HIGH,-7.5%,-5.4%,6.3%,nasdaq_economic_calendar
2022-05-06-jpy-cpi-tokyo-ex-food-and-energy-7e676331,2022-05-06T19:30:00Z,Japan,JPY,CPI Tokyo Ex Food and Energy,HIGH,0.4%,,0.2%,nasdaq_economic_calendar
2022-05-06-jpy-tokyo-cpi-5043656d,2022-05-06T19:30:00Z,Japan,JPY,Tokyo CPI,HIGH,2.5%,,1.3%,nasdaq_economic_calendar
2022-05-06-jpy-tokyo-core-cpi-621cd407,2022-05-06T19:30:00Z,Japan,JPY,Tokyo Core CPI,HIGH,1.9%,1.8%,0.8%,nasdaq_economic_calendar
2022-05-07-usd-average-hourly-earnings-e73ebd38,2022-05-07T08:30:00Z,United States,USD,Average Hourly Earnings,HIGH,0.3%,0.4%,0.5%,nasdaq_economic_calendar
2022-05-07-usd-average-hourly-earnings-yoy-9e120a23,2022-05-07T08:30:00Z,United States,USD,Average Hourly Earnings (YoY),HIGH,5.5%,5.5%,5.6%,nasdaq_economic_calendar
2022-05-07-usd-nonfarm-payrolls-b25ae25f,2022-05-07T08:30:00Z,United States,USD,Nonfarm Payrolls,HIGH,428K,391K,428K,nasdaq_economic_calendar
2022-05-07-usd-private-nonfarm-payrolls-bc1cc788,2022-05-07T08:30:00Z,United States,USD,Private Nonfarm Payrolls,HIGH,406K,385K,424K,nasdaq_economic_calendar
2022-05-07-usd-u6-unemployment-rate-749176c3,2022-05-07T08:30:00Z,United States,USD,U6 Unemployment Rate,HIGH,7.0%,,6.9%,nasdaq_economic_calendar
2022-05-07-usd-unemployment-rate-5198da1c,2022-05-07T08:30:00Z,United States,USD,Unemployment Rate,HIGH,3.6%,3.5%,3.6%,nasdaq_economic_calendar
2022-05-07-usd-fomc-member-williams-speaks-30848afc,2022-05-07T09:15:00Z,United States,USD,FOMC Member Williams Speaks,HIGH,,,,nasdaq_economic_calendar
2022-05-07-usd-fomc-member-kashkari-speaks-67ea8f42,2022-05-07T11:00:00Z,United States,USD,FOMC Member Kashkari Speaks,HIGH,,,,nasdaq_economic_calendar
2022-05-07-usd-fomc-member-bostic-speaks-5368c9b0,2022-05-07T15:20:00Z,United States,USD,FOMC Member Bostic Speaks,HIGH,,,,nasdaq_economic_calendar
2022-05-07-usd-fomc-member-bullard-speaks-c5fc3cb9,2022-05-07T19:15:00Z,United States,USD,FOMC Member Bullard Speaks,HIGH,,,,nasdaq_economic_calendar
2022-05-07-usd-fomc-member-daly-speaks-59971b75,2022-05-07T20:00:00Z,United States,USD,FOMC Member Daly Speaks,HIGH,,,,nasdaq_economic_calendar
2022-05-08-usd-fomc-member-bostic-speaks-f7422908,2022-05-08T19:00:00Z,United States,USD,FOMC Member Bostic Speaks,HIGH,,,,nasdaq_economic_calendar
2022-05-09-usd-fomc-member-bostic-speaks-330449d2,2022-05-09T19:00:00Z,United States,USD,FOMC Member Bostic Speaks,HIGH,,,,nasdaq_economic_calendar
2022-05-09-jpy-monetary-policy-meeting-minutes-3dd53dac,2022-05-09T19:50:00Z,Japan,JPY,Monetary Policy Meeting Minutes,HIGH,,,,nasdaq_economic_calendar
2022-05-10-usd-fomc-member-bostic-speaks-8c4ad881,2022-05-10T08:45:00Z,United States,USD,FOMC Member Bostic Speaks,HIGH,,,,nasdaq_economic_calendar
2022-05-11-usd-fomc-member-williams-speaks-726aec36,2022-05-11T07:40:00Z,United States,USD,FOMC Member Williams Speaks,HIGH,,,,nasdaq_economic_calendar
2022-05-11-usd-fomc-member-bostic-speaks-68cd0471,2022-05-11T08:30:00Z,United States,USD,FOMC Member Bostic Speaks,HIGH,,,,nasdaq_economic_calendar
2022-05-11-usd-fomc-member-kashkari-speaks-13a9fd73,2022-05-11T13:00:00Z,United States,USD,FOMC Member Kashkari Speaks,HIGH,,,,nasdaq_economic_calendar
2022-05-11-usd-fomc-member-mester-speaks-68801fb4,2022-05-11T15:00:00Z,United States,USD,FOMC Member Mester Speaks,HIGH,,,,nasdaq_economic_calendar
2022-05-11-usd-fomc-member-bostic-speaks-346aa000,2022-05-11T19:00:00Z,United States,USD,FOMC Member Bostic Speaks,HIGH,,,,nasdaq_economic_calendar
2022-05-12-usd-cpi-bca98407,2022-05-12T08:30:00Z,United States,USD,CPI,HIGH,0.3%,0.2%,1.2%,nasdaq_economic_calendar
2022-05-12-usd-cpi-index-n-s-a-35e6816e,2022-05-12T08:30:00Z,United States,USD,"CPI Index, n.s.a.",HIGH,289.11,288.65,287.50,nasdaq_economic_calendar
2022-05-12-usd-cpi-index-s-a-5807a30f,2022-05-12T08:30:00Z,United States,USD,"CPI Index, s.a",HIGH,288.66,,287.71,nasdaq_economic_calendar
2022-05-12-usd-cpi-n-s-a-304a8391,2022-05-12T08:30:00Z,United States,USD,"CPI, n.s.a",HIGH,0.56%,,1.34%,nasdaq_economic_calendar
2022-05-12-usd-core-cpi-7ee036da,2022-05-12T08:30:00Z,United States,USD,Core CPI,HIGH,0.6%,0.4%,0.3%,nasdaq_economic_calendar
2022-05-12-usd-core-cpi-index-9b3774e9,2022-05-12T08:30:00Z,United States,USD,Core CPI Index,HIGH,290.46,,288.81,nasdaq_economic_calendar
2022-05-12-usd-cleveland-cpi-676f7e22,2022-05-12T11:00:00Z,United States,USD,Cleveland CPI,HIGH,0.5%,,0.5%,nasdaq_economic_calendar
2022-05-12-usd-fomc-member-bostic-speaks-c9e9dc45,2022-05-12T12:00:00Z,United States,USD,FOMC Member Bostic Speaks,HIGH,,,,nasdaq_economic_calendar
2022-05-12-jpy-boj-summary-of-opinions-04812133,2022-05-12T19:50:00Z,Japan,JPY,BoJ Summary of Opinions,HIGH,,,,nasdaq_economic_calendar
2022-05-13-usd-core-ppi-eeacd8af,2022-05-13T08:30:00Z,United States,USD,Core PPI,HIGH,0.4%,0.6%,1.2%,nasdaq_economic_calendar
2022-05-13-usd-ppi-ff936e18,2022-05-13T08:30:00Z,United States,USD,PPI,HIGH,0.5%,0.5%,1.6%,nasdaq_economic_calendar
2022-05-13-usd-fomc-member-daly-speaks-cbe8a40b,2022-05-13T15:00:00Z,United States,USD,FOMC Member Daly Speaks,HIGH,,,,nasdaq_economic_calendar
2022-05-14-usd-michigan-consumer-expectations-79d8a8da,2022-05-14T10:00:00Z,United States,USD,Michigan Consumer Expectations,HIGH,56.3,63.0,62.5,nasdaq_economic_calendar
2022-05-14-usd-michigan-consumer-sentiment-cddd54d4,2022-05-14T10:00:00Z,United States,USD,Michigan Consumer Sentiment,HIGH,59.1,64.0,65.2,nasdaq_economic_calendar
2022-05-14-usd-fomc-member-kashkari-speaks-4d945a5c,2022-05-14T11:00:00Z,United States,USD,FOMC Member Kashkari Speaks,HIGH,,,,nasdaq_economic_calendar
2022-05-14-usd-fomc-member-mester-speaks-91db47f2,2022-05-14T12:00:00Z,United States,USD,FOMC Member Mester Speaks,HIGH,,,,nasdaq_economic_calendar
2022-05-17-usd-fomc-member-williams-speaks-95774472,2022-05-17T08:55:00Z,United States,USD,FOMC Member Williams Speaks,HIGH,,,,nasdaq_economic_calendar
2022-05-18-usd-fomc-member-bullard-speaks-394e4f16,2022-05-18T08:00:00Z,United States,USD,FOMC Member Bullard Speaks,HIGH,,,,nasdaq_economic_calendar
2022-05-18-usd-core-retail-sales-2934b367,2022-05-18T08:30:00Z,United States,USD,Core Retail Sales,HIGH,0.6%,0.4%,2.1%,nasdaq_economic_calendar
2022-05-18-usd-retail-sales-51dddaf9,2022-05-18T08:30:00Z,United States,USD,Retail Sales,HIGH,0.9%,0.9%,1.4%,nasdaq_economic_calendar
2022-05-18-usd-retail-sales-ex-gas-autos-dd28e743,2022-05-18T08:30:00Z,United States,USD,Retail Sales Ex Gas/Autos,HIGH,1.0%,,1.2%,nasdaq_economic_calendar
2022-05-18-usd-industrial-production-c1d62185,2022-05-18T09:15:00Z,United States,USD,Industrial Production,HIGH,1.1%,0.5%,0.9%,nasdaq_economic_calendar
2022-05-18-usd-fomc-member-mester-speaks-1e11debd,2022-05-18T14:30:00Z,United States,USD,FOMC Member Mester Speaks,HIGH,,,,nasdaq_economic_calendar
2022-05-18-usd-fomc-member-harker-speaks-2dd5c9e0,2022-05-18T16:00:00Z,United States,USD,FOMC Member Harker Speaks,HIGH,,,,nasdaq_economic_calendar
2022-05-18-jpy-reuters-tankan-index-c3e240e5,2022-05-18T19:00:00Z,Japan,JPY,Reuters Tankan Index,HIGH,5,,11,nasdaq_economic_calendar
2022-05-18-jpy-gdp-399e43f8,2022-05-18T19:50:00Z,Japan,JPY,GDP,HIGH,-0.2%,-0.4%,0.9%,nasdaq_economic_calendar
2022-05-18-jpy-gdp-capital-expenditure-7b9c2be4,2022-05-18T19:50:00Z,Japan,JPY,GDP Capital Expenditure,HIGH,0.5%,0.7%,0.4%,nasdaq_economic_calendar
2022-05-18-jpy-gdp-external-demand-1f83d296,2022-05-18T19:50:00Z,Japan,JPY,GDP External Demand,HIGH,-0.4%,-0.3%,0.1%,nasdaq_economic_calendar
2022-05-18-jpy-gdp-price-index-3e27053e,2022-05-18T19:50:00Z,Japan,JPY,GDP Price Index,HIGH,-0.4%,,-1.3%,nasdaq_economic_calendar
2022-05-18-jpy-gdp-private-consumption-22add8f8,2022-05-18T19:50:00Z,Japan,JPY,GDP Private Consumption,HIGH,0.0%,-0.5%,2.5%,nasdaq_economic_calendar
2022-05-19-jpy-industrial-production-7232e45a,2022-05-19T00:30:00Z,Japan,JPY,Industrial Production,HIGH,0.3%,0.3%,2.0%,nasdaq_economic_calendar
2022-05-19-jpy-adjusted-trade-balance-45bdb6fc,2022-05-19T19:50:00Z,Japan,JPY,Adjusted Trade Balance,HIGH,-1.62T,,-1.02T,nasdaq_economic_calendar
2022-05-19-jpy-trade-balance-fcb749ff,2022-05-19T19:50:00Z,Japan,JPY,Trade Balance,HIGH,-839.2B,"-1,150.0B",-414.1B,nasdaq_economic_calendar
2022-05-20-jpy-cpi-n-s-a-5d8b51c2,2022-05-20T19:30:00Z,Japan,JPY,"CPI, n.s.a",HIGH,0.4%,,0.4%,nasdaq_economic_calendar
2022-05-20-jpy-national-cpi-64e77179,2022-05-20T19:30:00Z,Japan,JPY,National CPI,HIGH,2.5%,,1.2%,nasdaq_economic_calendar
2022-05-20-jpy-national-core-cpi-0d697924,2022-05-20T19:30:00Z,Japan,JPY,National Core CPI,HIGH,2.1%,2.1%,0.8%,nasdaq_economic_calendar
2022-05-20-jpy-national-cpi-011c41c9,2022-05-20T19:50:00Z,Japan,JPY,National CPI,HIGH,0.2%,,0.4%,nasdaq_economic_calendar
2022-05-24-usd-fomc-member-bostic-speaks-27897cb5,2022-05-24T12:00:00Z,United States,USD,FOMC Member Bostic Speaks,HIGH,,,,nasdaq_economic_calendar
2022-05-24-usd-fomc-member-george-speaks-f7651935,2022-05-24T19:30:00Z,United States,USD,FOMC Member George Speaks,HIGH,,,,nasdaq_economic_calendar
2022-05-25-jpy-boj-core-cpi-162965b1,2022-05-25T01:00:00Z,Japan,JPY,BoJ Core CPI,HIGH,1.4%,1.1%,1.1%,nasdaq_economic_calendar
2022-05-26-jpy-boj-governor-kuroda-speaks-ece62490,2022-05-26T07:05:00Z,Japan,JPY,BoJ Governor Kuroda Speaks,HIGH,,,,nasdaq_economic_calendar
2022-05-26-usd-core-durable-goods-orders-71be7270,2022-05-26T08:30:00Z,United States,USD,Core Durable Goods Orders,HIGH,0.3%,0.6%,1.1%,nasdaq_economic_calendar
2022-05-26-usd-durable-goods-orders-5f04d25c,2022-05-26T08:30:00Z,United States,USD,Durable Goods Orders,HIGH,0.4%,0.6%,0.6%,nasdaq_economic_calendar
2022-05-26-usd-fomc-member-brainard-speaks-7da908ed,2022-05-26T12:15:00Z,United States,USD,FOMC Member Brainard Speaks,HIGH,,,,nasdaq_economic_calendar
2022-05-26-usd-fomc-meeting-minutes-51640ac3,2022-05-26T14:00:00Z,United States,USD,FOMC Meeting Minutes,HIGH,,,,nasdaq_economic_calendar
2022-05-27-usd-core-pce-prices-42a8a96b,2022-05-27T08:30:00Z,United States,USD,Core PCE Prices,HIGH,5.10%,5.20%,5.00%,nasdaq_economic_calendar
2022-05-27-usd-gdp-8bd00c18,2022-05-27T08:30:00Z,United States,USD,GDP,HIGH,-1.5%,-1.3%,-1.4%,nasdaq_economic_calendar
2022-05-27-usd-gdp-price-index-a5262ddf,2022-05-27T08:30:00Z,United States,USD,GDP Price Index,HIGH,8.1%,8.0%,8.0%,nasdaq_economic_calendar
2022-05-27-usd-gdp-sales-59a5fc41,2022-05-27T08:30:00Z,United States,USD,GDP Sales,HIGH,-0.4%,,-0.6%,nasdaq_economic_calendar
2022-05-27-usd-pce-prices-741d3f3a,2022-05-27T08:30:00Z,United States,USD,PCE Prices,HIGH,7.0%,,6.4%,nasdaq_economic_calendar
2022-05-27-jpy-cpi-tokyo-ex-food-and-energy-96cbe241,2022-05-27T19:30:00Z,Japan,JPY,CPI Tokyo Ex Food and Energy,HIGH,0.1%,,0.4%,nasdaq_economic_calendar
2022-05-27-jpy-tokyo-cpi-af02056a,2022-05-27T19:30:00Z,Japan,JPY,Tokyo CPI,HIGH,2.4%,,2.5%,nasdaq_economic_calendar
2022-05-27-jpy-tokyo-core-cpi-e63e79f9,2022-05-27T19:30:00Z,Japan,JPY,Tokyo Core CPI,HIGH,1.9%,2.0%,1.9%,nasdaq_economic_calendar
2022-05-28-usd-fomc-member-bullard-speaks-41100d80,2022-05-28T07:35:00Z,United States,USD,FOMC Member Bullard Speaks,HIGH,,,,nasdaq_economic_calendar
2022-05-28-usd-core-pce-price-index-59540329,2022-05-28T08:30:00Z,United States,USD,Core PCE Price Index,HIGH,0.3%,0.3%,0.3%,nasdaq_economic_calendar
2022-05-28-usd-pce-price-index-2e528c6d,2022-05-28T08:30:00Z,United States,USD,PCE Price index,HIGH,6.3,,6.6,nasdaq_economic_calendar
2022-05-28-usd-pce-price-index-916e9782,2022-05-28T08:30:00Z,United States,USD,PCE price index,HIGH,0.2%,,0.9%,nasdaq_economic_calendar
2022-05-28-usd-personal-income-b529dbf4,2022-05-28T08:30:00Z,United States,USD,Personal Income,HIGH,0.4%,0.5%,0.5%,nasdaq_economic_calendar
2022-05-28-usd-real-personal-consumption-a708ea5c,2022-05-28T08:30:00Z,United States,USD,Real Personal Consumption,HIGH,0.7%,,0.5%,nasdaq_economic_calendar
2022-05-28-usd-michigan-consumer-expectations-4a407881,2022-05-28T10:00:00Z,United States,USD,Michigan Consumer Expectations,HIGH,55.2,56.3,62.5,nasdaq_economic_calendar
2022-05-28-usd-michigan-consumer-sentiment-7e17eab8,2022-05-28T10:00:00Z,United States,USD,Michigan Consumer Sentiment,HIGH,58.4,59.1,65.2,nasdaq_economic_calendar
2022-05-28-usd-dallas-fed-pce-6461b400,2022-05-28T15:18:00Z,United States,USD,Dallas Fed PCE,HIGH,3.00%,,3.00%,nasdaq_economic_calendar
2022-05-31-jpy-industrial-production-3dc814a5,2022-05-31T19:50:00Z,Japan,JPY,Industrial Production,HIGH,-1.3%,-0.2%,0.3%,nasdaq_economic_calendar
2022-05-31-jpy-industrial-production-forecast-1m-ahead-2a95e149,2022-05-31T19:50:00Z,Japan,JPY,Industrial Production forecast 1m ahead,HIGH,4.8%,,5.8%,nasdaq_economic_calendar
2022-05-31-jpy-industrial-production-forecast-2m-ahead-76266e64,2022-05-31T19:50:00Z,Japan,JPY,Industrial Production forecast 2m ahead,HIGH,8.9%,,-0.8%,nasdaq_economic_calendar
2022-05-31-jpy-retail-sales-5e89e83b,2022-05-31T19:50:00Z,Japan,JPY,Retail Sales,HIGH,2.9%,2.6%,0.7%,nasdaq_economic_calendar
2022-06-01-usd-cb-consumer-confidence-7df58ac1,2022-06-01T10:00:00Z,United States,USD,CB Consumer Confidence,HIGH,106.4,103.9,108.6,nasdaq_economic_calendar
2022-06-01-jpy-boj-deputy-governor-wakatabe-speaks-f03d744a,2022-06-01T21:30:00Z,Japan,JPY,BOJ Deputy Governor Wakatabe Speaks,HIGH,,,,nasdaq_economic_calendar
2022-06-02-usd-ism-manufacturing-employment-8083f1e8,2022-06-02T10:00:00Z,United States,USD,ISM Manufacturing Employment,HIGH,49.6,56.0,50.9,nasdaq_economic_calendar
2022-06-02-usd-ism-manufacturing-new-orders-index-5c967282,2022-06-02T10:00:00Z,United States,USD,ISM Manufacturing New Orders Index,HIGH,55.1,,53.5,nasdaq_economic_calendar
2022-06-02-usd-ism-manufacturing-pmi-34768678,2022-06-02T10:00:00Z,United States,USD,ISM Manufacturing PMI,HIGH,56.1,54.5,55.4,nasdaq_economic_calendar
2022-06-02-usd-ism-manufacturing-prices-f2568521,2022-06-02T10:00:00Z,United States,USD,ISM Manufacturing Prices,HIGH,82.2,83.0,84.6,nasdaq_economic_calendar
2022-06-02-usd-jolts-job-openings-342f37ba,2022-06-02T10:00:00Z,United States,USD,JOLTS Job Openings,HIGH,11.400M,11.400M,11.855M,nasdaq_economic_calendar
2022-06-02-usd-fomc-member-williams-speaks-cd3651c1,2022-06-02T11:30:00Z,United States,USD,FOMC Member Williams Speaks,HIGH,,,,nasdaq_economic_calendar
2022-06-02-usd-fomc-member-bullard-speaks-4b824bbd,2022-06-02T13:00:00Z,United States,USD,FOMC Member Bullard Speaks,HIGH,,,,nasdaq_economic_calendar
2022-06-02-jpy-boj-board-member-adachi-speaks-df49c44a,2022-06-02T21:30:00Z,Japan,JPY,BoJ Board Member Adachi Speaks,HIGH,,,,nasdaq_economic_calendar
2022-06-03-usd-adp-nonfarm-employment-change-327b7f7f,2022-06-03T08:15:00Z,United States,USD,ADP Nonfarm Employment Change,HIGH,128K,300K,202K,nasdaq_economic_calendar
2022-06-03-usd-nonfarm-productivity-a68778c6,2022-06-03T08:30:00Z,United States,USD,Nonfarm Productivity,HIGH,-7.3%,-7.5%,-7.5%,nasdaq_economic_calendar
2022-06-03-usd-fomc-member-mester-speaks-feed7b2b,2022-06-03T13:00:00Z,United States,USD,FOMC Member Mester Speaks,HIGH,,,,nasdaq_economic_calendar
2022-06-04-usd-average-hourly-earnings-e7460c8a,2022-06-04T08:30:00Z,United States,USD,Average Hourly Earnings,HIGH,0.3%,0.4%,0.3%,nasdaq_economic_calendar
2022-06-04-usd-average-hourly-earnings-yoy-8b2612cf,2022-06-04T08:30:00Z,United States,USD,Average Hourly Earnings (YoY),HIGH,5.2%,5.2%,5.5%,nasdaq_economic_calendar
2022-06-04-usd-nonfarm-payrolls-c476aa1f,2022-06-04T08:30:00Z,United States,USD,Nonfarm Payrolls,HIGH,390K,325K,436K,nasdaq_economic_calendar
2022-06-04-usd-private-nonfarm-payrolls-6d627a50,2022-06-04T08:30:00Z,United States,USD,Private Nonfarm Payrolls,HIGH,333K,325K,405K,nasdaq_economic_calendar
2022-06-04-usd-u6-unemployment-rate-f09be32c,2022-06-04T08:30:00Z,United States,USD,U6 Unemployment Rate,HIGH,7.1%,,7.0%,nasdaq_economic_calendar
2022-06-04-usd-unemployment-rate-8c65b9c2,2022-06-04T08:30:00Z,United States,USD,Unemployment Rate,HIGH,3.6%,3.5%,3.6%,nasdaq_economic_calendar
2022-06-04-usd-ism-non-manufacturing-business-activity-260b7ecc,2022-06-04T10:00:00Z,United States,USD,ISM Non-Manufacturing Business Activity,HIGH,54.5,,59.1,nasdaq_economic_calendar
2022-06-04-usd-ism-non-manufacturing-employment-466ac7f8,2022-06-04T10:00:00Z,United States,USD,ISM Non-Manufacturing Employment,HIGH,50.2,,49.5,nasdaq_economic_calendar
2022-06-04-usd-ism-non-manufacturing-new-orders-0e287762,2022-06-04T10:00:00Z,United States,USD,ISM Non-Manufacturing New Orders,HIGH,57.6,,54.6,nasdaq_economic_calendar
2022-06-04-usd-ism-non-manufacturing-pmi-e362c533,2022-06-04T10:00:00Z,United States,USD,ISM Non-Manufacturing PMI,HIGH,55.9,56.4,57.1,nasdaq_economic_calendar
2022-06-04-usd-ism-non-manufacturing-prices-e14dc101,2022-06-04T10:00:00Z,United States,USD,ISM Non-Manufacturing Prices,HIGH,82.1,,84.6,nasdaq_economic_calendar
2022-06-04-usd-fomc-member-brainard-speaks-ef0b7d46,2022-06-04T10:30:00Z,United States,USD,FOMC Member Brainard Speaks,HIGH,,,,nasdaq_economic_calendar
2022-06-06-jpy-boj-governor-kuroda-speaks-e50eb85b,2022-06-06T23:20:00Z,Japan,JPY,BoJ Governor Kuroda Speaks,HIGH,,,,nasdaq_economic_calendar
2022-06-08-jpy-gdp-94c205d5,2022-06-08T19:50:00Z,Japan,JPY,GDP,HIGH,-0.1%,-0.3%,-0.2%,nasdaq_economic_calendar
2022-06-08-jpy-gdp-capital-expenditure-0d45fd69,2022-06-08T19:50:00Z,Japan,JPY,GDP Capital Expenditure,HIGH,-0.7%,0.3%,0.5%,nasdaq_economic_calendar
2022-06-08-jpy-gdp-external-demand-8ebf2138,2022-06-08T19:50:00Z,Japan,JPY,GDP External Demand,HIGH,-0.4%,,-0.4%,nasdaq_economic_calendar
2022-06-08-jpy-gdp-price-index-df56296f,2022-06-08T19:50:00Z,Japan,JPY,GDP Price Index,HIGH,-0.5%,-0.4%,-0.4%,nasdaq_economic_calendar
2022-06-08-jpy-gdp-private-consumption-3eddeb16,2022-06-08T19:50:00Z,Japan,JPY,GDP Private Consumption,HIGH,0.1%,,2.7%,nasdaq_economic_calendar
2022-06-11-usd-cpi-ffb3f0e6,2022-06-11T08:30:00Z,United States,USD,CPI,HIGH,1.0%,0.7%,0.3%,nasdaq_economic_calendar
2022-06-11-usd-cpi-index-n-s-a-4cb58c94,2022-06-11T08:30:00Z,United States,USD,"CPI Index, n.s.a.",HIGH,292.30,291.66,289.11,nasdaq_economic_calendar
2022-06-11-usd-cpi-index-s-a-f7e9a9bb,2022-06-11T08:30:00Z,United States,USD,"CPI Index, s.a",HIGH,291.47,,288.66,nasdaq_economic_calendar
2022-06-11-usd-cpi-n-s-a-921d4edc,2022-06-11T08:30:00Z,United States,USD,"CPI, n.s.a",HIGH,1.10%,,0.56%,nasdaq_economic_calendar
2022-06-11-usd-core-cpi-46b06000,2022-06-11T08:30:00Z,United States,USD,Core CPI,HIGH,0.6%,0.5%,0.6%,nasdaq_economic_calendar
2022-06-11-usd-core-cpi-index-2775647a,2022-06-11T08:30:00Z,United States,USD,Core CPI Index,HIGH,292.29,,290.46,nasdaq_economic_calendar
2022-06-11-usd-michigan-consumer-expectations-eeedd41e,2022-06-11T10:00:00Z,United States,USD,Michigan Consumer Expectations,HIGH,46.8,54.5,55.2,nasdaq_economic_calendar
2022-06-11-usd-michigan-consumer-sentiment-d841fb11,2022-06-11T10:00:00Z,United States,USD,Michigan Consumer Sentiment,HIGH,50.2,58.0,58.4,nasdaq_economic_calendar
2022-06-11-usd-cleveland-cpi-2936f840,2022-06-11T11:00:00Z,United States,USD,Cleveland CPI,HIGH,0.6%,,0.5%,nasdaq_economic_calendar
2022-06-14-usd-fomc-member-brainard-speaks-a5ef27ef,2022-06-14T14:00:00Z,United States,USD,FOMC Member Brainard Speaks,HIGH,,,,nasdaq_economic_calendar
2022-06-15-jpy-industrial-production-a063106a,2022-06-15T00:30:00Z,Japan,JPY,Industrial Production,HIGH,-1.5%,,-1.3%,nasdaq_economic_calendar
2022-06-15-usd-core-ppi-f12a49a2,2022-06-15T08:30:00Z,United States,USD,Core PPI,HIGH,0.5%,0.6%,0.2%,nasdaq_economic_calendar
2022-06-15-usd-ppi-355a397c,2022-06-15T08:30:00Z,United States,USD,PPI,HIGH,0.8%,0.8%,0.4%,nasdaq_economic_calendar
2022-06-15-jpy-reuters-tankan-index-6bb82025,2022-06-15T19:00:00Z,Japan,JPY,Reuters Tankan Index,HIGH,9,,5,nasdaq_economic_calendar
2022-06-16-usd-core-retail-sales-8b4508d0,2022-06-16T08:30:00Z,United States,USD,Core Retail Sales,HIGH,0.5%,0.8%,0.4%,nasdaq_economic_calendar
2022-06-16-usd-retail-sales-3f64fc3c,2022-06-16T08:30:00Z,United States,USD,Retail Sales,HIGH,-0.3%,0.2%,0.7%,nasdaq_economic_calendar
2022-06-16-usd-retail-sales-ex-gas-autos-9bc26305,2022-06-16T08:30:00Z,United States,USD,Retail Sales Ex Gas/Autos,HIGH,0.1%,,0.8%,nasdaq_economic_calendar
2022-06-16-usd-fomc-economic-projections-f54dca29,2022-06-16T14:00:00Z,United States,USD,FOMC Economic Projections,HIGH,,,,nasdaq_economic_calendar
2022-06-16-usd-fomc-statement-7663ce15,2022-06-16T14:00:00Z,United States,USD,FOMC Statement,HIGH,,,,nasdaq_economic_calendar
2022-06-16-usd-fed-interest-rate-decision-4a784c21,2022-06-16T14:00:00Z,United States,USD,Fed Interest Rate Decision,HIGH,1.75%,1.50%,1.00%,nasdaq_economic_calendar
2022-06-16-usd-fomc-press-conference-ec3c4777,2022-06-16T14:30:00Z,United States,USD,FOMC Press Conference,HIGH,,,,nasdaq_economic_calendar
2022-06-16-jpy-adjusted-trade-balance-cbe35254,2022-06-16T19:50:00Z,Japan,JPY,Adjusted Trade Balance,HIGH,-1.93T,,-1.58T,nasdaq_economic_calendar
2022-06-16-jpy-trade-balance-0c7293bc,2022-06-16T19:50:00Z,Japan,JPY,Trade Balance,HIGH,"-2,384.7B","-2,022.6B",-842.8B,nasdaq_economic_calendar
2022-06-17-jpy-boj-interest-rate-decision-2ab60cff,2022-06-17T22:43:00Z,Japan,JPY,BoJ Interest Rate Decision,HIGH,-0.10%,-0.10%,-0.10%,nasdaq_economic_calendar
2022-06-17-jpy-boj-interest-rate-decision-fb889c03,2022-06-17T23:00:00Z,Japan,JPY,BoJ Interest Rate Decision,HIGH,-0.10%,,-0.10%,nasdaq_economic_calendar
2022-06-17-jpy-boj-monetary-policy-statement-6804052f,2022-06-17T23:00:00Z,Japan,JPY,BoJ Monetary Policy Statement,HIGH,,,,nasdaq_economic_calendar
2022-06-18-jpy-boj-press-conference-65d07f97,2022-06-18T02:30:00Z,Japan,JPY,BoJ Press Conference,HIGH,,,,nasdaq_economic_calendar
2022-06-18-usd-industrial-production-18c76a22,2022-06-18T09:15:00Z,United States,USD,Industrial Production,HIGH,0.2%,0.4%,1.4%,nasdaq_economic_calendar
2022-06-21-usd-fomc-member-bullard-speaks-47e80eb4,2022-06-21T12:45:00Z,United States,USD,FOMC Member Bullard Speaks,HIGH,,,,nasdaq_economic_calendar
2022-06-21-usd-fomc-member-barkin-speaks-21566d72,2022-06-21T15:30:00Z,United States,USD,FOMC Member Barkin Speaks,HIGH,,,,nasdaq_economic_calendar
2022-06-22-usd-fomc-member-barkin-speaks-aa9a1ed8,2022-06-22T11:00:00Z,United States,USD,FOMC Member Barkin Speaks,HIGH,,,,nasdaq_economic_calendar
2022-06-22-usd-fomc-member-mester-speaks-8963bd49,2022-06-22T12:00:00Z,United States,USD,FOMC Member Mester Speaks,HIGH,,,,nasdaq_economic_calendar
2022-06-22-jpy-monetary-policy-meeting-minutes-3c2f26c9,2022-06-22T19:50:00Z,Japan,JPY,Monetary Policy Meeting Minutes,HIGH,,,,nasdaq_economic_calendar
2022-06-23-usd-fomc-member-harker-speaks-a0564899,2022-06-23T11:30:00Z,United States,USD,FOMC Member Harker Speaks,HIGH,,,,nasdaq_economic_calendar
2022-06-23-usd-fomc-member-barkin-speaks-94e12f73,2022-06-23T13:30:00Z,United States,USD,FOMC Member Barkin Speaks,HIGH,,,,nasdaq_economic_calendar
2022-06-23-usd-fomc-member-harker-speaks-06105e93,2022-06-23T13:30:00Z,United States,USD,FOMC Member Harker Speaks,HIGH,,,,nasdaq_economic_calendar
2022-06-24-jpy-cpi-n-s-a-c7f5898e,2022-06-24T19:30:00Z,Japan,JPY,"CPI, n.s.a",HIGH,0.3%,,0.4%,nasdaq_economic_calendar
2022-06-24-jpy-national-cpi-8df76fc3,2022-06-24T19:30:00Z,Japan,JPY,National CPI,HIGH,2.5%,,2.5%,nasdaq_economic_calendar
2022-06-24-jpy-national-core-cpi-c5a47c07,2022-06-24T19:30:00Z,Japan,JPY,National Core CPI,HIGH,2.1%,2.1%,2.1%,nasdaq_economic_calendar
2022-06-25-jpy-boj-deputy-governor-amamiya-speaks-6a276d0f,2022-06-25T02:40:00Z,Japan,JPY,BOJ Deputy Governor Amamiya Speaks,HIGH,,,,nasdaq_economic_calendar
2022-06-25-usd-fomc-member-bullard-speaks-24dca6fc,2022-06-25T07:30:00Z,United States,USD,FOMC Member Bullard Speaks,HIGH,,,,nasdaq_economic_calendar
2022-06-25-usd-michigan-consumer-expectations-4e3184b8,2022-06-25T10:00:00Z,United States,USD,Michigan Consumer Expectations,HIGH,47.5,,46.8,nasdaq_economic_calendar
2022-06-25-usd-michigan-consumer-sentiment-34cf28d9,2022-06-25T10:00:00Z,United States,USD,Michigan Consumer Sentiment,HIGH,50.0,50.2,50.2,nasdaq_economic_calendar
2022-06-27-jpy-boj-summary-of-opinions-bc79e133,2022-06-27T19:50:00Z,Japan,JPY,BoJ Summary of Opinions,HIGH,,,,nasdaq_economic_calendar
2022-06-28-jpy-boj-core-cpi-5432004b,2022-06-28T01:00:00Z,Japan,JPY,BoJ Core CPI,HIGH,1.5%,1.5%,1.4%,nasdaq_economic_calendar
2022-06-28-usd-cb-consumer-confidence-8f0d44b0,2022-06-28T10:00:00Z,United States,USD,CB Consumer Confidence,HIGH,98.7,100.4,103.2,nasdaq_economic_calendar
2022-06-28-jpy-retail-sales-069d74e1,2022-06-28T19:50:00Z,Japan,JPY,Retail Sales,HIGH,3.6%,3.3%,3.1%,nasdaq_economic_calendar
2022-06-29-jpy-boj-core-cpi-b58aae6e,2022-06-29T01:00:00Z,Japan,JPY,BoJ Core CPI,HIGH,1.5%,1.5%,1.4%,nasdaq_economic_calendar
2022-06-29-usd-cb-consumer-confidence-8840797a,2022-06-29T10:00:00Z,United States,USD,CB Consumer Confidence,HIGH,98.7,100.4,103.2,nasdaq_economic_calendar
2022-06-29-jpy-retail-sales-3a5463af,2022-06-29T19:50:00Z,Japan,JPY,Retail Sales,HIGH,3.6%,3.3%,3.1%,nasdaq_economic_calendar
2022-06-30-usd-fomc-member-mester-speaks-27c52205,2022-06-30T06:30:00Z,United States,USD,FOMC Member Mester Speaks,HIGH,,,,nasdaq_economic_calendar
2022-06-30-usd-core-pce-prices-5eb2bd04,2022-06-30T08:30:00Z,United States,USD,Core PCE Prices,HIGH,5.20%,5.10%,5.00%,nasdaq_economic_calendar
2022-06-30-usd-gdp-1b77600d,2022-06-30T08:30:00Z,United States,USD,GDP,HIGH,-1.6%,-1.5%,-1.5%,nasdaq_economic_calendar
2022-06-30-usd-gdp-price-index-74755b5e,2022-06-30T08:30:00Z,United States,USD,GDP Price Index,HIGH,8.3%,8.1%,8.1%,nasdaq_economic_calendar
2022-06-30-usd-gdp-sales-bc8c38fd,2022-06-30T08:30:00Z,United States,USD,GDP Sales,HIGH,-1.2%,-0.5%,-0.4%,nasdaq_economic_calendar
2022-06-30-usd-pce-prices-2db0a2a9,2022-06-30T08:30:00Z,United States,USD,PCE Prices,HIGH,7.1%,,6.4%,nasdaq_economic_calendar
2022-06-30-usd-fomc-member-bullard-speaks-5d095981,2022-06-30T13:05:00Z,United States,USD,FOMC Member Bullard Speaks,HIGH,,,,nasdaq_economic_calendar
2022-06-30-jpy-industrial-production-ecffcc44,2022-06-30T19:50:00Z,Japan,JPY,Industrial Production,HIGH,-7.2%,-0.3%,-1.5%,nasdaq_economic_calendar
2022-06-30-jpy-industrial-production-forecast-1m-ahead-f7bbb841,2022-06-30T19:50:00Z,Japan,JPY,Industrial Production forecast 1m ahead,HIGH,12.0%,,4.8%,nasdaq_economic_calendar
2022-06-30-jpy-industrial-production-forecast-2m-ahead-48d41691,2022-06-30T19:50:00Z,Japan,JPY,Industrial Production forecast 2m ahead,HIGH,2.5%,,8.9%,nasdaq_economic_calendar
2022-07-01-usd-core-pce-price-index-4cbacf8f,2022-07-01T08:30:00Z,United States,USD,Core PCE Price Index,HIGH,0.3%,0.4%,0.3%,nasdaq_economic_calendar
2022-07-01-usd-pce-price-index-d508693e,2022-07-01T08:30:00Z,United States,USD,PCE Price index,HIGH,6.3,,6.3,nasdaq_economic_calendar
2022-07-01-usd-pce-price-index-7da3c85f,2022-07-01T08:30:00Z,United States,USD,PCE price index,HIGH,0.6%,,0.2%,nasdaq_economic_calendar
2022-07-01-usd-personal-income-b97a0856,2022-07-01T08:30:00Z,United States,USD,Personal Income,HIGH,0.5%,0.5%,0.5%,nasdaq_economic_calendar
2022-07-01-usd-real-personal-consumption-1d78a15d,2022-07-01T08:30:00Z,United States,USD,Real Personal Consumption,HIGH,-0.4%,,0.3%,nasdaq_economic_calendar
2022-07-01-usd-dallas-fed-pce-136e9f28,2022-07-01T11:53:00Z,United States,USD,Dallas Fed PCE,HIGH,5.30%,,2.90%,nasdaq_economic_calendar
2022-07-01-jpy-cpi-tokyo-ex-food-and-energy-19ce0b8f,2022-07-01T19:30:00Z,Japan,JPY,CPI Tokyo Ex Food and Energy,HIGH,-0.1%,,0.2%,nasdaq_economic_calendar
2022-07-01-jpy-tokyo-cpi-6b58bcd7,2022-07-01T19:30:00Z,Japan,JPY,Tokyo CPI,HIGH,2.3%,,2.4%,nasdaq_economic_calendar
2022-07-01-jpy-tokyo-core-cpi-fde6b2d7,2022-07-01T19:30:00Z,Japan,JPY,Tokyo Core CPI,HIGH,2.1%,2.1%,1.9%,nasdaq_economic_calendar
2022-07-01-jpy-tankan-all-big-industry-capex-22e9199d,2022-07-01T19:50:00Z,Japan,JPY,Tankan All Big Industry CAPEX,HIGH,18.6%,8.9%,2.2%,nasdaq_economic_calendar
2022-07-01-jpy-tankan-all-small-industry-capex-fe34c040,2022-07-01T19:50:00Z,Japan,JPY,Tankan All Small Industry CAPEX,HIGH,-1.4%,-6.7%,-11.4%,nasdaq_economic_calendar
2022-07-01-jpy-tankan-big-manufacturing-outlook-index-f9f8bfe7,2022-07-01T19:50:00Z,Japan,JPY,Tankan Big Manufacturing Outlook Index,HIGH,10,14,9,nasdaq_economic_calendar
2022-07-01-jpy-tankan-large-manufacturers-index-9982c822,2022-07-01T19:50:00Z,Japan,JPY,Tankan Large Manufacturers Index,HIGH,9,13,14,nasdaq_economic_calendar
2022-07-01-jpy-tankan-large-non-manufacturers-diffusion-index-6e27509f,2022-07-01T19:50:00Z,Japan,JPY,Tankan Large Non-Manufacturers Diffusion Index,HIGH,13,17,7,nasdaq_economic_calendar
2022-07-01-jpy-tankan-large-non-manufacturers-index-fa89e3ab,2022-07-01T19:50:00Z,Japan,JPY,Tankan Large Non-Manufacturers Index,HIGH,13,14,9,nasdaq_economic_calendar
2022-07-01-jpy-tankan-small-manufacturers-diffusion-index-5a49aad3,2022-07-01T19:50:00Z,Japan,JPY,Tankan Small Manufacturers Diffusion Index,HIGH,-5,-5,-5,nasdaq_economic_calendar
2022-07-01-jpy-tankan-small-manufacturing-index-5cafda2a,2022-07-01T19:50:00Z,Japan,JPY,Tankan Small Manufacturing Index,HIGH,-4,-6,-4,nasdaq_economic_calendar
2022-07-01-jpy-tankan-small-non-manufacturers-diffusion-index-18618c8e,2022-07-01T19:50:00Z,Japan,JPY,Tankan Small Non-Manufacturers Diffusion Index,HIGH,-5,-1,-10,nasdaq_economic_calendar
2022-07-01-jpy-tankan-small-non-manufacturing-index-36aabb2a,2022-07-01T19:50:00Z,Japan,JPY,Tankan Small Non-Manufacturing Index,HIGH,-1,-2,-6,nasdaq_economic_calendar
2022-07-02-usd-ism-manufacturing-employment-be00f4a9,2022-07-02T10:00:00Z,United States,USD,ISM Manufacturing Employment,HIGH,47.3,,49.6,nasdaq_economic_calendar
2022-07-02-usd-ism-manufacturing-new-orders-index-b1c38066,2022-07-02T10:00:00Z,United States,USD,ISM Manufacturing New Orders Index,HIGH,49.2,,55.1,nasdaq_economic_calendar
2022-07-02-usd-ism-manufacturing-pmi-05a84246,2022-07-02T10:00:00Z,United States,USD,ISM Manufacturing PMI,HIGH,53.0,54.9,56.1,nasdaq_economic_calendar
2022-07-02-usd-ism-manufacturing-prices-01fb557b,2022-07-02T10:00:00Z,United States,USD,ISM Manufacturing Prices,HIGH,78.5,81.0,82.2,nasdaq_economic_calendar
2022-07-06-usd-fomc-member-williams-speaks-f9c8f6bb,2022-07-06T09:00:00Z,United States,USD,FOMC Member Williams Speaks,HIGH,,,,nasdaq_economic_calendar
2022-07-06-usd-ism-non-manufacturing-business-activity-7c708c9f,2022-07-06T10:00:00Z,United States,USD,ISM Non-Manufacturing Business Activity,HIGH,56.1,54.0,54.5,nasdaq_economic_calendar
2022-07-06-usd-ism-non-manufacturing-employment-262c17b7,2022-07-06T10:00:00Z,United States,USD,ISM Non-Manufacturing Employment,HIGH,47.4,,50.2,nasdaq_economic_calendar
2022-07-06-usd-ism-non-manufacturing-new-orders-30a44a77,2022-07-06T10:00:00Z,United States,USD,ISM Non-Manufacturing New Orders,HIGH,55.6,,57.6,nasdaq_economic_calendar
2022-07-06-usd-ism-non-manufacturing-pmi-b4739b85,2022-07-06T10:00:00Z,United States,USD,ISM Non-Manufacturing PMI,HIGH,55.3,54.3,55.9,nasdaq_economic_calendar
2022-07-06-usd-ism-non-manufacturing-prices-a590374b,2022-07-06T10:00:00Z,United States,USD,ISM Non-Manufacturing Prices,HIGH,80.1,,82.1,nasdaq_economic_calendar
2022-07-06-usd-jolts-job-openings-0228e716,2022-07-06T10:00:00Z,United States,USD,JOLTS Job Openings,HIGH,11.254M,11.000M,11.681M,nasdaq_economic_calendar
2022-07-06-usd-fomc-meeting-minutes-ad9e175a,2022-07-06T14:00:00Z,United States,USD,FOMC Meeting Minutes,HIGH,,,,nasdaq_economic_calendar
2022-07-07-usd-fomc-member-bullard-speaks-3f2d80ab,2022-07-07T13:00:00Z,United States,USD,FOMC Member Bullard Speaks,HIGH,,,,nasdaq_economic_calendar
2022-07-08-usd-fomc-member-bullard-speaks-5d0de385,2022-07-08T13:00:00Z,United States,USD,FOMC Member Bullard Speaks,HIGH,,,,nasdaq_economic_calendar
2022-07-09-usd-average-hourly-earnings-4cf104ea,2022-07-09T08:30:00Z,United States,USD,Average Hourly Earnings,HIGH,0.3%,0.3%,0.4%,nasdaq_economic_calendar
2022-07-09-usd-average-hourly-earnings-yoy-2756c4af,2022-07-09T08:30:00Z,United States,USD,Average Hourly Earnings (YoY),HIGH,5.1%,5.0%,5.3%,nasdaq_economic_calendar
2022-07-09-usd-nonfarm-payrolls-525cf289,2022-07-09T08:30:00Z,United States,USD,Nonfarm Payrolls,HIGH,372K,268K,384K,nasdaq_economic_calendar
2022-07-09-usd-private-nonfarm-payrolls-76b63c37,2022-07-09T08:30:00Z,United States,USD,Private Nonfarm Payrolls,HIGH,381K,240K,336K,nasdaq_economic_calendar
2022-07-09-usd-u6-unemployment-rate-a2512ca6,2022-07-09T08:30:00Z,United States,USD,U6 Unemployment Rate,HIGH,6.7%,,7.1%,nasdaq_economic_calendar
2022-07-09-usd-unemployment-rate-0bb5af12,2022-07-09T08:30:00Z,United States,USD,Unemployment Rate,HIGH,3.6%,3.6%,3.6%,nasdaq_economic_calendar
2022-07-09-usd-fomc-member-williams-speaks-e6b6f297,2022-07-09T11:00:00Z,United States,USD,FOMC Member Williams Speaks,HIGH,,,,nasdaq_economic_calendar
2022-07-11-jpy-boj-governor-kuroda-speaks-c9af90d5,2022-07-11T21:00:00Z,Japan,JPY,BoJ Governor Kuroda Speaks,HIGH,,,,nasdaq_economic_calendar
2022-07-12-usd-fomc-member-williams-speaks-8816cf71,2022-07-12T14:00:00Z,United States,USD,FOMC Member Williams Speaks,HIGH,,,,nasdaq_economic_calendar
2022-07-13-usd-cpi-33b3443c,2022-07-13T08:30:00Z,United States,USD,CPI,HIGH,1.3%,1.1%,1.0%,nasdaq_economic_calendar
2022-07-13-usd-cpi-index-n-s-a-408233ed,2022-07-13T08:30:00Z,United States,USD,"CPI Index, n.s.a.",HIGH,296.31,295.67,292.30,nasdaq_economic_calendar
2022-07-13-usd-cpi-index-s-a-f5c8cf2c,2022-07-13T08:30:00Z,United States,USD,"CPI Index, s.a",HIGH,295.33,,291.47,nasdaq_economic_calendar
2022-07-13-usd-cpi-n-s-a-8c6017c0,2022-07-13T08:30:00Z,United States,USD,"CPI, n.s.a",HIGH,1.37%,,1.10%,nasdaq_economic_calendar
2022-07-13-usd-core-cpi-db76004d,2022-07-13T08:30:00Z,United States,USD,Core CPI,HIGH,0.7%,0.6%,0.6%,nasdaq_economic_calendar
2022-07-13-usd-core-cpi-index-329eaef1,2022-07-13T08:30:00Z,United States,USD,Core CPI Index,HIGH,294.35,,292.29,nasdaq_economic_calendar
2022-07-13-usd-cleveland-cpi-e5f27c62,2022-07-13T11:00:00Z,United States,USD,Cleveland CPI,HIGH,0.7%,,0.6%,nasdaq_economic_calendar
2022-07-14-jpy-industrial-production-6cd9084a,2022-07-14T00:30:00Z,Japan,JPY,Industrial Production,HIGH,-7.5%,,-4.9%,nasdaq_economic_calendar
2022-07-14-usd-core-ppi-13be5e2e,2022-07-14T08:30:00Z,United States,USD,Core PPI,HIGH,0.4%,0.5%,0.6%,nasdaq_economic_calendar
2022-07-14-usd-ppi-1375fb01,2022-07-14T08:30:00Z,United States,USD,PPI,HIGH,1.1%,0.8%,0.9%,nasdaq_economic_calendar
2022-07-15-usd-core-retail-sales-a58ff0f0,2022-07-15T08:30:00Z,United States,USD,Core Retail Sales,HIGH,1.0%,0.6%,0.6%,nasdaq_economic_calendar
2022-07-15-usd-retail-sales-574d7bb7,2022-07-15T08:30:00Z,United States,USD,Retail Sales,HIGH,1.0%,0.8%,-0.1%,nasdaq_economic_calendar
2022-07-15-usd-retail-sales-ex-gas-autos-c7c00aae,2022-07-15T08:30:00Z,United States,USD,Retail Sales Ex Gas/Autos,HIGH,0.7%,,-0.1%,nasdaq_economic_calendar
2022-07-15-usd-fomc-member-bostic-speaks-f1d27420,2022-07-15T08:45:00Z,United States,USD,FOMC Member Bostic Speaks,HIGH,,,,nasdaq_economic_calendar
2022-07-15-usd-fomc-member-bullard-speaks-039de612,2022-07-15T09:00:00Z,United States,USD,FOMC Member Bullard Speaks,HIGH,,,,nasdaq_economic_calendar
2022-07-15-usd-industrial-production-2257accb,2022-07-15T09:15:00Z,United States,USD,Industrial Production,HIGH,-0.2%,0.1%,0.1%,nasdaq_economic_calendar
2022-07-15-usd-michigan-consumer-expectations-7aa7994d,2022-07-15T10:00:00Z,United States,USD,Michigan Consumer Expectations,HIGH,47.3,47.0,47.5,nasdaq_economic_calendar
2022-07-15-usd-michigan-consumer-sentiment-e355e644,2022-07-15T10:00:00Z,United States,USD,Michigan Consumer Sentiment,HIGH,51.1,49.9,50.0,nasdaq_economic_calendar
2022-07-16-usd-core-retail-sales-d5265db0,2022-07-16T08:30:00Z,United States,USD,Core Retail Sales,HIGH,1.0%,0.6%,0.6%,nasdaq_economic_calendar
2022-07-16-usd-retail-sales-0b6447ec,2022-07-16T08:30:00Z,United States,USD,Retail Sales,HIGH,1.0%,0.8%,-0.1%,nasdaq_economic_calendar
2022-07-16-usd-retail-sales-ex-gas-autos-50890d5d,2022-07-16T08:30:00Z,United States,USD,Retail Sales Ex Gas/Autos,HIGH,0.7%,,-0.1%,nasdaq_economic_calendar
2022-07-16-usd-fomc-member-bostic-speaks-6dc2a481,2022-07-16T08:45:00Z,United States,USD,FOMC Member Bostic Speaks,HIGH,,,,nasdaq_economic_calendar
2022-07-16-usd-fomc-member-bullard-speaks-a4b378f3,2022-07-16T09:00:00Z,United States,USD,FOMC Member Bullard Speaks,HIGH,,,,nasdaq_economic_calendar
2022-07-16-usd-industrial-production-47535e9c,2022-07-16T09:15:00Z,United States,USD,Industrial Production,HIGH,-0.2%,0.1%,0.1%,nasdaq_economic_calendar
2022-07-16-usd-michigan-consumer-expectations-099f6eae,2022-07-16T10:00:00Z,United States,USD,Michigan Consumer Expectations,HIGH,47.3,47.0,47.5,nasdaq_economic_calendar
2022-07-16-usd-michigan-consumer-sentiment-9726c4fd,2022-07-16T10:00:00Z,United States,USD,Michigan Consumer Sentiment,HIGH,51.1,49.9,50.0,nasdaq_economic_calendar
2022-07-20-usd-fomc-member-brainard-speaks-d00af662,2022-07-20T14:35:00Z,United States,USD,FOMC Member Brainard Speaks,HIGH,,,,nasdaq_economic_calendar
2022-07-21-jpy-adjusted-trade-balance-e7e0cf5a,2022-07-21T19:50:00Z,Japan,JPY,Adjusted Trade Balance,HIGH,-1.93T,,-1.89T,nasdaq_economic_calendar
2022-07-21-jpy-trade-balance-00340627,2022-07-21T19:50:00Z,Japan,JPY,Trade Balance,HIGH,"-1,383.8B","-1,509.7B","-2,385.8B",nasdaq_economic_calendar
2022-07-21-jpy-boj-outlook-report-6955ab88,2022-07-21T23:00:00Z,Japan,JPY,BoJ Outlook Report,HIGH,,,,nasdaq_economic_calendar
2022-07-21-jpy-boj-press-conference-74e0cfcb,2022-07-21T23:00:00Z,Japan,JPY,BoJ Press Conference,HIGH,,,,nasdaq_economic_calendar
2022-07-21-jpy-boj-interest-rate-decision-cf758ce4,2022-07-21T23:04:00Z,Japan,JPY,BoJ Interest Rate Decision,HIGH,-0.10%,-0.10%,-0.10%,nasdaq_economic_calendar
2022-07-22-jpy-national-cpi-ffcdbda9,2022-07-22T19:30:00Z,Japan,JPY,National CPI,HIGH,2.4%,,2.5%,nasdaq_economic_calendar
2022-07-22-jpy-national-core-cpi-38ed7bd0,2022-07-22T19:30:00Z,Japan,JPY,National Core CPI,HIGH,2.2%,2.2%,2.1%,nasdaq_economic_calendar
2022-07-22-jpy-national-cpi-30557668,2022-07-22T19:50:00Z,Japan,JPY,National CPI,HIGH,0.0%,,0.3%,nasdaq_economic_calendar
2022-07-26-jpy-monetary-policy-meeting-minutes-ab506d09,2022-07-26T19:50:00Z,Japan,JPY,Monetary Policy Meeting Minutes,HIGH,,,,nasdaq_economic_calendar
2022-07-27-jpy-boj-core-cpi-45dc939e,2022-07-27T01:00:00Z,Japan,JPY,BoJ Core CPI,HIGH,1.6%,,1.5%,nasdaq_economic_calendar
2022-07-27-usd-cb-consumer-confidence-c2f5d110,2022-07-27T10:00:00Z,United States,USD,CB Consumer Confidence,HIGH,95.7,97.2,98.4,nasdaq_economic_calendar
2022-07-28-usd-core-durable-goods-orders-0f074e52,2022-07-28T08:30:00Z,United States,USD,Core Durable Goods Orders,HIGH,0.3%,0.2%,0.5%,nasdaq_economic_calendar
2022-07-28-usd-durable-goods-orders-b9acef22,2022-07-28T08:30:00Z,United States,USD,Durable Goods Orders,HIGH,1.9%,-0.5%,0.8%,nasdaq_economic_calendar
2022-07-28-usd-fomc-statement-eb6a1b5f,2022-07-28T14:00:00Z,United States,USD,FOMC Statement,HIGH,,,,nasdaq_economic_calendar
2022-07-28-usd-fed-interest-rate-decision-ed31a0af,2022-07-28T14:00:00Z,United States,USD,Fed Interest Rate Decision,HIGH,2.50%,2.50%,1.75%,nasdaq_economic_calendar
2022-07-28-usd-fomc-press-conference-c1f704ef,2022-07-28T14:30:00Z,United States,USD,FOMC Press Conference,HIGH,,,,nasdaq_economic_calendar
2022-07-29-usd-core-pce-prices-5e40ac48,2022-07-29T08:30:00Z,United States,USD,Core PCE Prices,HIGH,4.40%,4.50%,5.20%,nasdaq_economic_calendar
2022-07-29-usd-gdp-1c94c376,2022-07-29T08:30:00Z,United States,USD,GDP,HIGH,-0.9%,0.5%,-1.6%,nasdaq_economic_calendar
2022-07-29-usd-gdp-price-index-ba1cf31a,2022-07-29T08:30:00Z,United States,USD,GDP Price Index,HIGH,8.9%,7.9%,8.3%,nasdaq_economic_calendar
2022-07-29-usd-gdp-sales-81f33b6b,2022-07-29T08:30:00Z,United States,USD,GDP Sales,HIGH,1.1%,,-1.2%,nasdaq_economic_calendar
2022-07-29-usd-pce-prices-b605764b,2022-07-29T08:30:00Z,United States,USD,PCE Prices,HIGH,7.1%,,7.1%,nasdaq_economic_calendar
2022-07-29-jpy-cpi-tokyo-ex-food-and-energy-6684ab5f,2022-07-29T19:30:00Z,Japan,JPY,CPI Tokyo Ex Food and Energy,HIGH,0.3%,,-0.1%,nasdaq_economic_calendar
2022-07-29-jpy-tokyo-cpi-9322633e,2022-07-29T19:30:00Z,Japan,JPY,Tokyo CPI,HIGH,2.5%,,2.3%,nasdaq_economic_calendar
2022-07-29-jpy-tokyo-core-cpi-996404ba,2022-07-29T19:30:00Z,Japan,JPY,Tokyo Core CPI,HIGH,2.3%,2.2%,2.1%,nasdaq_economic_calendar
2022-07-29-jpy-boj-summary-of-opinions-c7a5dae0,2022-07-29T19:50:00Z,Japan,JPY,BoJ Summary of Opinions,HIGH,,,,nasdaq_economic_calendar
2022-07-29-jpy-industrial-production-edb27de7,2022-07-29T19:50:00Z,Japan,JPY,Industrial Production,HIGH,8.9%,3.7%,-7.5%,nasdaq_economic_calendar
2022-07-29-jpy-industrial-production-forecast-1m-ahead-0c8d6aa1,2022-07-29T19:50:00Z,Japan,JPY,Industrial Production forecast 1m ahead,HIGH,3.8%,,12.0%,nasdaq_economic_calendar
2022-07-29-jpy-industrial-production-forecast-2m-ahead-0f7813d5,2022-07-29T19:50:00Z,Japan,JPY,Industrial Production forecast 2m ahead,HIGH,6.0%,,2.5%,nasdaq_economic_calendar
2022-07-29-jpy-retail-sales-1524c945,2022-07-29T19:50:00Z,Japan,JPY,Retail Sales,HIGH,1.5%,2.8%,3.7%,nasdaq_economic_calendar
2022-07-30-usd-core-pce-price-index-999bd67a,2022-07-30T08:30:00Z,United States,USD,Core PCE Price Index,HIGH,0.6%,0.5%,0.3%,nasdaq_economic_calendar
2022-07-30-usd-employment-cost-index-232abc7e,2022-07-30T08:30:00Z,United States,USD,Employment Cost Index,HIGH,1.3%,1.2%,1.4%,nasdaq_economic_calendar
2022-07-30-usd-pce-price-index-883ac375,2022-07-30T08:30:00Z,United States,USD,PCE Price index,HIGH,6.8%,6.8%,6.3%,nasdaq_economic_calendar
2022-07-30-usd-pce-price-index-ac2bc758,2022-07-30T08:30:00Z,United States,USD,PCE price index,HIGH,1.0%,0.9%,0.6%,nasdaq_economic_calendar
2022-07-30-usd-personal-income-e8543a71,2022-07-30T08:30:00Z,United States,USD,Personal Income,HIGH,0.6%,0.5%,0.6%,nasdaq_economic_calendar
2022-07-30-usd-real-personal-consumption-35fe064a,2022-07-30T08:30:00Z,United States,USD,Real Personal Consumption,HIGH,0.1%,,-0.3%,nasdaq_economic_calendar
2022-07-30-usd-michigan-consumer-expectations-56ffe3e4,2022-07-30T10:00:00Z,United States,USD,Michigan Consumer Expectations,HIGH,47.3,47.3,47.5,nasdaq_economic_calendar
2022-07-30-usd-michigan-consumer-sentiment-331ccb19,2022-07-30T10:00:00Z,United States,USD,Michigan Consumer Sentiment,HIGH,51.5,51.1,50.0,nasdaq_economic_calendar
2022-07-30-usd-dallas-fed-pce-ded48c2f,2022-07-30T14:27:00Z,United States,USD,Dallas Fed PCE,HIGH,6.90%,,5.20%,nasdaq_economic_calendar
2022-08-02-usd-ism-manufacturing-employment-0b5c62f2,2022-08-02T10:00:00Z,United States,USD,ISM Manufacturing Employment,HIGH,49.9,,47.3,nasdaq_economic_calendar
2022-08-02-usd-ism-manufacturing-new-orders-index-ef2ead70,2022-08-02T10:00:00Z,United States,USD,ISM Manufacturing New Orders Index,HIGH,48.0,,49.2,nasdaq_economic_calendar
2022-08-02-usd-ism-manufacturing-pmi-f2e34fdb,2022-08-02T10:00:00Z,United States,USD,ISM Manufacturing PMI,HIGH,52.8,52.0,53.0,nasdaq_economic_calendar
2022-08-02-usd-ism-manufacturing-prices-d06ee97d,2022-08-02T10:00:00Z,United States,USD,ISM Manufacturing Prices,HIGH,60.0,74.3,78.5,nasdaq_economic_calendar
2022-08-03-usd-jolts-job-openings-e8dc56e3,2022-08-03T10:00:00Z,United States,USD,JOLTS Job Openings,HIGH,10.698M,11.000M,11.303M,nasdaq_economic_calendar
2022-08-03-usd-fomc-member-bullard-speaks-3b2b74fd,2022-08-03T18:45:00Z,United States,USD,FOMC Member Bullard Speaks,HIGH,,,,nasdaq_economic_calendar
2022-08-04-usd-ism-non-manufacturing-business-activity-a0e13189,2022-08-04T10:00:00Z,United States,USD,ISM Non-Manufacturing Business Activity,HIGH,59.9,54.0,56.1,nasdaq_economic_calendar
2022-08-04-usd-ism-non-manufacturing-employment-9e91f1b9,2022-08-04T10:00:00Z,United States,USD,ISM Non-Manufacturing Employment,HIGH,49.1,,47.4,nasdaq_economic_calendar
2022-08-04-usd-ism-non-manufacturing-new-orders-2c037865,2022-08-04T10:00:00Z,United States,USD,ISM Non-Manufacturing New Orders,HIGH,59.9,,55.6,nasdaq_economic_calendar
2022-08-04-usd-ism-non-manufacturing-pmi-578564f3,2022-08-04T10:00:00Z,United States,USD,ISM Non-Manufacturing PMI,HIGH,56.7,53.5,55.3,nasdaq_economic_calendar
2022-08-04-usd-ism-non-manufacturing-prices-c80181ae,2022-08-04T10:00:00Z,United States,USD,ISM Non-Manufacturing Prices,HIGH,72.3,,80.1,nasdaq_economic_calendar
2022-08-04-usd-fomc-member-harker-speaks-c21cbb02,2022-08-04T10:30:00Z,United States,USD,FOMC Member Harker Speaks,HIGH,,,,nasdaq_economic_calendar
2022-08-05-usd-fomc-member-mester-speaks-a02f2844,2022-08-05T12:00:00Z,United States,USD,FOMC Member Mester Speaks,HIGH,,,,nasdaq_economic_calendar
2022-08-06-usd-fomc-member-barkin-speaks-f68587ca,2022-08-06T08:00:00Z,United States,USD,FOMC Member Barkin Speaks,HIGH,,,,nasdaq_economic_calendar
2022-08-06-usd-average-hourly-earnings-68d903c5,2022-08-06T08:30:00Z,United States,USD,Average Hourly Earnings,HIGH,0.5%,0.3%,0.4%,nasdaq_economic_calendar
2022-08-06-usd-average-hourly-earnings-yoy-bcd70c37,2022-08-06T08:30:00Z,United States,USD,Average Hourly Earnings (YoY),HIGH,5.2%,4.9%,5.2%,nasdaq_economic_calendar
2022-08-06-usd-nonfarm-payrolls-6c478c9d,2022-08-06T08:30:00Z,United States,USD,Nonfarm Payrolls,HIGH,528K,250K,398K,nasdaq_economic_calendar
2022-08-06-usd-private-nonfarm-payrolls-09655cb3,2022-08-06T08:30:00Z,United States,USD,Private Nonfarm Payrolls,HIGH,471K,230K,404K,nasdaq_economic_calendar
2022-08-06-usd-u6-unemployment-rate-f282f384,2022-08-06T08:30:00Z,United States,USD,U6 Unemployment Rate,HIGH,6.7%,,6.7%,nasdaq_economic_calendar
2022-08-06-usd-unemployment-rate-65f25cdc,2022-08-06T08:30:00Z,United States,USD,Unemployment Rate,HIGH,3.5%,3.6%,3.6%,nasdaq_economic_calendar
2022-08-10-usd-nonfarm-productivity-232a0a16,2022-08-10T08:30:00Z,United States,USD,Nonfarm Productivity,HIGH,-4.6%,-4.7%,-7.4%,nasdaq_economic_calendar
2022-08-11-usd-cpi-0c60412b,2022-08-11T08:30:00Z,United States,USD,CPI,HIGH,0.0%,0.2%,1.3%,nasdaq_economic_calendar
2022-08-11-usd-cpi-index-n-s-a-101a3026,2022-08-11T08:30:00Z,United States,USD,"CPI Index, n.s.a.",HIGH,296.28,296.67,296.31,nasdaq_economic_calendar
2022-08-11-usd-cpi-index-s-a-67b43637,2022-08-11T08:30:00Z,United States,USD,"CPI Index, s.a",HIGH,295.27,,295.33,nasdaq_economic_calendar
2022-08-11-usd-cpi-n-s-a-3e48d984,2022-08-11T08:30:00Z,United States,USD,"CPI, n.s.a",HIGH,-0.01%,,1.37%,nasdaq_economic_calendar
2022-08-11-usd-core-cpi-61b45381,2022-08-11T08:30:00Z,United States,USD,Core CPI,HIGH,0.3%,0.5%,0.7%,nasdaq_economic_calendar
2022-08-11-usd-core-cpi-index-b49630c9,2022-08-11T08:30:00Z,United States,USD,Core CPI Index,HIGH,295.28,,294.35,nasdaq_economic_calendar
2022-08-11-usd-cleveland-cpi-845b8389,2022-08-11T11:00:00Z,United States,USD,Cleveland CPI,HIGH,0.5%,,0.7%,nasdaq_economic_calendar
2022-08-12-usd-core-ppi-ae248a68,2022-08-12T08:30:00Z,United States,USD,Core PPI,HIGH,7.6%,7.6%,8.4%,nasdaq_economic_calendar
2022-08-12-usd-ppi-ee03a205,2022-08-12T08:30:00Z,United States,USD,PPI,HIGH,-0.5%,0.2%,1.0%,nasdaq_economic_calendar
2022-08-12-usd-ppi-ex-food-energy-transport-6a17d004,2022-08-12T08:30:00Z,United States,USD,PPI ex. Food/Energy/Transport,HIGH,5.8%,,6.4%,nasdaq_economic_calendar
2022-08-13-usd-michigan-consumer-expectations-c3122f10,2022-08-13T10:00:00Z,United States,USD,Michigan Consumer Expectations,HIGH,54.9,48.4,47.3,nasdaq_economic_calendar
2022-08-13-usd-michigan-consumer-sentiment-0b637286,2022-08-13T10:00:00Z,United States,USD,Michigan Consumer Sentiment,HIGH,55.1,52.5,51.5,nasdaq_economic_calendar
2022-08-15-jpy-gdp-201a175c,2022-08-15T19:50:00Z,Japan,JPY,GDP,HIGH,0.5%,0.6%,0.0%,nasdaq_economic_calendar
2022-08-15-jpy-gdp-capital-expenditure-db80136f,2022-08-15T19:50:00Z,Japan,JPY,GDP Capital Expenditure,HIGH,1.4%,0.9%,-0.7%,nasdaq_economic_calendar
2022-08-15-jpy-gdp-external-demand-efb9db2a,2022-08-15T19:50:00Z,Japan,JPY,GDP External Demand,HIGH,0.0%,0.1%,-0.4%,nasdaq_economic_calendar
2022-08-15-jpy-gdp-price-index-03f7fda8,2022-08-15T19:50:00Z,Japan,JPY,GDP Price Index,HIGH,-0.4%,,-0.5%,nasdaq_economic_calendar
2022-08-15-jpy-gdp-private-consumption-026c565c,2022-08-15T19:50:00Z,Japan,JPY,GDP Private Consumption,HIGH,1.1%,1.3%,0.1%,nasdaq_economic_calendar
2022-08-16-jpy-industrial-production-5105756b,2022-08-16T00:30:00Z,Japan,JPY,Industrial Production,HIGH,9.2%,-7.5%,8.9%,nasdaq_economic_calendar
2022-08-17-usd-industrial-production-d45aa9ed,2022-08-17T09:15:00Z,United States,USD,Industrial Production,HIGH,0.6%,0.3%,-0.2%,nasdaq_economic_calendar
2022-08-17-jpy-reuters-tankan-index-2e5c2dfe,2022-08-17T19:00:00Z,Japan,JPY,Reuters Tankan Index,HIGH,13,,9,nasdaq_economic_calendar
2022-08-17-jpy-adjusted-trade-balance-dd7d018a,2022-08-17T19:50:00Z,Japan,JPY,Adjusted Trade Balance,HIGH,-2.31T,,-1.95T,nasdaq_economic_calendar
2022-08-17-jpy-trade-balance-c97ad812,2022-08-17T19:50:00Z,Japan,JPY,Trade Balance,HIGH,"-1,436.8B","-1,405.0B","-1,398.5B",nasdaq_economic_calendar
2022-08-18-usd-core-retail-sales-1ac4d1c5,2022-08-18T08:30:00Z,United States,USD,Core Retail Sales,HIGH,0.4%,-0.1%,0.9%,nasdaq_economic_calendar
2022-08-18-usd-retail-sales-3fa96b7f,2022-08-18T08:30:00Z,United States,USD,Retail Sales,HIGH,10.02%,,8.54%,nasdaq_economic_calendar
2022-08-18-usd-retail-sales-ex-gas-autos-3996aa75,2022-08-18T08:30:00Z,United States,USD,Retail Sales Ex Gas/Autos,HIGH,0.7%,,0.7%,nasdaq_economic_calendar
2022-08-18-usd-fomc-member-bowman-speaks-c7bb7e61,2022-08-18T09:30:00Z,United States,USD,FOMC Member Bowman Speaks,HIGH,,,,nasdaq_economic_calendar
2022-08-18-usd-fomc-meeting-minutes-908579c4,2022-08-18T14:00:00Z,United States,USD,FOMC Meeting Minutes,HIGH,,,,nasdaq_economic_calendar
2022-08-18-usd-fomc-member-bowman-speaks-cb1480a2,2022-08-18T14:20:00Z,United States,USD,FOMC Member Bowman Speaks,HIGH,,,,nasdaq_economic_calendar
2022-08-19-usd-fomc-member-george-speaks-ef711f74,2022-08-19T13:20:00Z,United States,USD,FOMC Member George Speaks,HIGH,,,,nasdaq_economic_calendar
2022-08-19-usd-fomc-member-kashkari-speaks-b369de4d,2022-08-19T13:45:00Z,United States,USD,FOMC Member Kashkari Speaks,HIGH,,,,nasdaq_economic_calendar
2022-08-19-jpy-cpi-n-s-a-8d34b052,2022-08-19T19:30:00Z,Japan,JPY,"CPI, n.s.a",HIGH,0.5%,,0.3%,nasdaq_economic_calendar
2022-08-19-jpy-national-cpi-9605184d,2022-08-19T19:30:00Z,Japan,JPY,National CPI,HIGH,2.6%,,2.4%,nasdaq_economic_calendar
2022-08-19-jpy-national-core-cpi-eee1763c,2022-08-19T19:30:00Z,Japan,JPY,National Core CPI,HIGH,2.4%,2.4%,2.2%,nasdaq_economic_calendar
2022-08-19-jpy-national-cpi-d7de08a1,2022-08-19T19:50:00Z,Japan,JPY,National CPI,HIGH,0.5%,,0.0%,nasdaq_economic_calendar
2022-08-20-usd-fomc-member-barkin-speaks-c880d4cb,2022-08-20T09:00:00Z,United States,USD,FOMC Member Barkin Speaks,HIGH,,,,nasdaq_economic_calendar
2022-08-24-jpy-boj-core-cpi-e012a9ae,2022-08-24T01:00:00Z,Japan,JPY,BoJ Core CPI,HIGH,1.8%,1.5%,1.6%,nasdaq_economic_calendar
2022-08-24-usd-fomc-member-kashkari-speaks-7453e1ea,2022-08-24T19:00:00Z,United States,USD,FOMC Member Kashkari Speaks,HIGH,,,,nasdaq_economic_calendar
2022-08-25-usd-core-durable-goods-orders-9745eb5c,2022-08-25T08:30:00Z,United States,USD,Core Durable Goods Orders,HIGH,0.3%,0.2%,0.3%,nasdaq_economic_calendar
2022-08-25-usd-durable-goods-orders-29a6cbbd,2022-08-25T08:30:00Z,United States,USD,Durable Goods Orders,HIGH,0.0%,0.6%,2.0%,nasdaq_economic_calendar
2022-08-25-jpy-boj-board-member-nakamura-speaks-47ee5766,2022-08-25T21:30:00Z,Japan,JPY,BoJ Board Member Nakamura Speaks,HIGH,,,,nasdaq_economic_calendar
2022-08-26-usd-fomc-member-george-speaks-e65f119d,2022-08-26T07:30:00Z,United States,USD,FOMC Member George Speaks,HIGH,,,,nasdaq_economic_calendar
2022-08-26-usd-core-pce-prices-d2f5e1c6,2022-08-26T08:30:00Z,United States,USD,Core PCE Prices,HIGH,4.40%,4.40%,5.20%,nasdaq_economic_calendar
2022-08-26-usd-gdp-c9996690,2022-08-26T08:30:00Z,United States,USD,GDP,HIGH,-0.6%,-0.8%,-0.9%,nasdaq_economic_calendar
2022-08-26-usd-gdp-price-index-c5a5bffd,2022-08-26T08:30:00Z,United States,USD,GDP Price Index,HIGH,9.0%,8.7%,8.9%,nasdaq_economic_calendar
2022-08-26-usd-gdp-sales-3d4c7d96,2022-08-26T08:30:00Z,United States,USD,GDP Sales,HIGH,1.3%,,1.1%,nasdaq_economic_calendar
2022-08-26-usd-pce-prices-9324721c,2022-08-26T08:30:00Z,United States,USD,PCE Prices,HIGH,7.1%,,7.1%,nasdaq_economic_calendar
2022-08-26-jpy-cpi-tokyo-ex-food-and-energy-41039436,2022-08-26T19:30:00Z,Japan,JPY,CPI Tokyo Ex Food and Energy,HIGH,0.3%,,0.3%,nasdaq_economic_calendar
2022-08-26-jpy-tokyo-cpi-08cff708,2022-08-26T19:30:00Z,Japan,JPY,Tokyo CPI,HIGH,2.9%,,2.5%,nasdaq_economic_calendar
2022-08-26-jpy-tokyo-core-cpi-9ef07f49,2022-08-26T19:30:00Z,Japan,JPY,Tokyo Core CPI,HIGH,2.6%,2.5%,2.3%,nasdaq_economic_calendar
2022-08-27-usd-core-pce-price-index-80fb941b,2022-08-27T08:30:00Z,United States,USD,Core PCE Price Index,HIGH,0.1%,0.3%,0.6%,nasdaq_economic_calendar
2022-08-27-usd-fomc-member-bostic-speaks-b3e7c75f,2022-08-27T08:30:00Z,United States,USD,FOMC Member Bostic Speaks,HIGH,,,,nasdaq_economic_calendar
2022-08-27-usd-pce-price-index-78c6cc71,2022-08-27T08:30:00Z,United States,USD,PCE Price index,HIGH,6.3%,,6.8%,nasdaq_economic_calendar
2022-08-27-usd-pce-price-index-5ca779fc,2022-08-27T08:30:00Z,United States,USD,PCE price index,HIGH,-0.1%,,1.0%,nasdaq_economic_calendar
2022-08-27-usd-personal-income-724f9a76,2022-08-27T08:30:00Z,United States,USD,Personal Income,HIGH,0.2%,0.6%,0.7%,nasdaq_economic_calendar
2022-08-27-usd-real-personal-consumption-4597d794,2022-08-27T08:30:00Z,United States,USD,Real Personal Consumption,HIGH,0.2%,,0.1%,nasdaq_economic_calendar
2022-08-27-usd-fomc-member-harker-speaks-c1fd22b9,2022-08-27T09:00:00Z,United States,USD,FOMC Member Harker Speaks,HIGH,,,,nasdaq_economic_calendar
2022-08-27-usd-fomc-member-bullard-speaks-a7b8f535,2022-08-27T09:15:00Z,United States,USD,FOMC Member Bullard Speaks,HIGH,,,,nasdaq_economic_calendar
2022-08-27-usd-fomc-member-bostic-speaks-67cbbc83,2022-08-27T09:30:00Z,United States,USD,FOMC Member Bostic Speaks,HIGH,,,,nasdaq_economic_calendar
2022-08-27-usd-michigan-consumer-expectations-881f7847,2022-08-27T10:00:00Z,United States,USD,Michigan Consumer Expectations,HIGH,58.0,54.9,47.3,nasdaq_economic_calendar
2022-08-27-usd-michigan-consumer-sentiment-f4398fba,2022-08-27T10:00:00Z,United States,USD,Michigan Consumer Sentiment,HIGH,58.2,55.1,51.5,nasdaq_economic_calendar
2022-08-27-usd-fomc-member-mester-speaks-3fde4bf4,2022-08-27T12:30:00Z,United States,USD,FOMC Member Mester Speaks,HIGH,,,,nasdaq_economic_calendar
2022-08-27-usd-dallas-fed-pce-00d22097,2022-08-27T12:33:00Z,United States,USD,Dallas Fed PCE,HIGH,3.40%,,6.90%,nasdaq_economic_calendar
2022-08-31-usd-fomc-member-barkin-speaks-0edd8f15,2022-08-31T08:00:00Z,United States,USD,FOMC Member Barkin Speaks,HIGH,,,,nasdaq_economic_calendar
2022-08-31-usd-cb-consumer-confidence-9a3ee021,2022-08-31T10:00:00Z,United States,USD,CB Consumer Confidence,HIGH,103.2,97.9,95.3,nasdaq_economic_calendar
2022-08-31-usd-jolts-job-openings-5f902ced,2022-08-31T10:00:00Z,United States,USD,JOLTS Job Openings,HIGH,11.239M,10.475M,11.040M,nasdaq_economic_calendar
2022-08-31-usd-fomc-member-williams-speaks-f06194f6,2022-08-31T11:00:00Z,United States,USD,FOMC Member Williams Speaks,HIGH,,,,nasdaq_economic_calendar
2022-08-31-jpy-industrial-production-76780095,2022-08-31T19:50:00Z,Japan,JPY,Industrial Production,HIGH,1.0%,-0.5%,8.9%,nasdaq_economic_calendar
2022-08-31-jpy-industrial-production-forecast-1m-ahead-37968bc4,2022-08-31T19:50:00Z,Japan,JPY,Industrial Production forecast 1m ahead,HIGH,5.5%,,3.8%,nasdaq_economic_calendar
2022-08-31-jpy-industrial-production-forecast-2m-ahead-d6070524,2022-08-31T19:50:00Z,Japan,JPY,Industrial Production forecast 2m ahead,HIGH,0.8%,,6.0%,nasdaq_economic_calendar
2022-08-31-jpy-retail-sales-e2c4d602,2022-08-31T19:50:00Z,Japan,JPY,Retail Sales,HIGH,2.4%,1.9%,1.5%,nasdaq_economic_calendar
2022-08-31-jpy-boj-board-member-nakagawa-speaks-c1e0ee89,2022-08-31T21:30:00Z,Japan,JPY,BoJ Board Member Nakagawa Speaks,HIGH,,,,nasdaq_economic_calendar
2022-09-01-usd-fomc-member-mester-speaks-27eee760,2022-09-01T08:00:00Z,United States,USD,FOMC Member Mester Speaks,HIGH,,,,nasdaq_economic_calendar
2022-09-01-usd-adp-nonfarm-employment-change-6c70cb3f,2022-09-01T08:15:00Z,United States,USD,ADP Nonfarm Employment Change,HIGH,132K,300K,268K,nasdaq_economic_calendar
2022-09-01-usd-fomc-member-bostic-speaks-4ea455ed,2022-09-01T18:30:00Z,United States,USD,FOMC Member Bostic Speaks,HIGH,,,,nasdaq_economic_calendar
2022-09-02-usd-nonfarm-productivity-9688dc1b,2022-09-02T08:30:00Z,United States,USD,Nonfarm Productivity,HIGH,-4.1%,-4.5%,-4.6%,nasdaq_economic_calendar
2022-09-02-usd-ism-manufacturing-employment-026facfd,2022-09-02T10:00:00Z,United States,USD,ISM Manufacturing Employment,HIGH,54.2,49.0,49.9,nasdaq_economic_calendar
2022-09-02-usd-ism-manufacturing-new-orders-index-50aab087,2022-09-02T10:00:00Z,United States,USD,ISM Manufacturing New Orders Index,HIGH,51.3,,48.0,nasdaq_economic_calendar
2022-09-02-usd-ism-manufacturing-pmi-e2cdd135,2022-09-02T10:00:00Z,United States,USD,ISM Manufacturing PMI,HIGH,52.8,52.0,52.8,nasdaq_economic_calendar
2022-09-02-usd-ism-manufacturing-prices-8d7fbe99,2022-09-02T10:00:00Z,United States,USD,ISM Manufacturing Prices,HIGH,52.5,55.5,60.0,nasdaq_economic_calendar
2022-09-02-usd-fomc-member-bostic-speaks-234cfd01,2022-09-02T15:30:00Z,United States,USD,FOMC Member Bostic Speaks,HIGH,,,,nasdaq_economic_calendar
2022-09-03-usd-average-hourly-earnings-2314f9b8,2022-09-03T08:30:00Z,United States,USD,Average Hourly Earnings,HIGH,0.3%,0.4%,0.5%,nasdaq_economic_calendar
2022-09-03-usd-average-hourly-earnings-yoy-b8365b42,2022-09-03T08:30:00Z,United States,USD,Average Hourly Earnings (YoY),HIGH,5.2%,5.3%,5.2%,nasdaq_economic_calendar
2022-09-03-usd-nonfarm-payrolls-7c4eb3ad,2022-09-03T08:30:00Z,United States,USD,Nonfarm Payrolls,HIGH,315K,300K,526K,nasdaq_economic_calendar
2022-09-03-usd-private-nonfarm-payrolls-f2f75c31,2022-09-03T08:30:00Z,United States,USD,Private Nonfarm Payrolls,HIGH,308K,300K,477K,nasdaq_economic_calendar
2022-09-03-usd-u6-unemployment-rate-4b84f745,2022-09-03T08:30:00Z,United States,USD,U6 Unemployment Rate,HIGH,7.0%,,6.7%,nasdaq_economic_calendar
2022-09-03-usd-unemployment-rate-75d14e98,2022-09-03T08:30:00Z,United States,USD,Unemployment Rate,HIGH,3.7%,3.5%,3.5%,nasdaq_economic_calendar
2022-09-07-usd-ism-non-manufacturing-business-activity-33eab88e,2022-09-07T10:00:00Z,United States,USD,ISM Non-Manufacturing Business Activity,HIGH,60.9,,59.9,nasdaq_economic_calendar
2022-09-07-usd-ism-non-manufacturing-employment-5d060d88,2022-09-07T10:00:00Z,United States,USD,ISM Non-Manufacturing Employment,HIGH,50.2,,49.1,nasdaq_economic_calendar
2022-09-07-usd-ism-non-manufacturing-new-orders-762b396c,2022-09-07T10:00:00Z,United States,USD,ISM Non-Manufacturing New Orders,HIGH,61.8,,59.9,nasdaq_economic_calendar
2022-09-07-usd-ism-non-manufacturing-pmi-99f64e57,2022-09-07T10:00:00Z,United States,USD,ISM Non-Manufacturing PMI,HIGH,56.9,55.1,56.7,nasdaq_economic_calendar
2022-09-07-usd-ism-non-manufacturing-prices-26f947b4,2022-09-07T10:00:00Z,United States,USD,ISM Non-Manufacturing Prices,HIGH,71.5,,72.3,nasdaq_economic_calendar
2022-09-08-usd-fomc-member-barkin-speaks-30751d26,2022-09-08T09:00:00Z,United States,USD,FOMC Member Barkin Speaks,HIGH,,,,nasdaq_economic_calendar
2022-09-08-usd-fomc-member-mester-speaks-ec862637,2022-09-08T10:00:00Z,United States,USD,FOMC Member Mester Speaks,HIGH,,,,nasdaq_economic_calendar
2022-09-08-jpy-gdp-22c76f27,2022-09-08T19:50:00Z,Japan,JPY,GDP,HIGH,0.9%,0.7%,0.5%,nasdaq_economic_calendar
2022-09-08-jpy-gdp-capital-expenditure-e083b776,2022-09-08T19:50:00Z,Japan,JPY,GDP Capital Expenditure,HIGH,2.0%,1.8%,1.4%,nasdaq_economic_calendar
2022-09-08-jpy-gdp-external-demand-5addd171,2022-09-08T19:50:00Z,Japan,JPY,GDP External Demand,HIGH,0.1%,0.0%,-0.4%,nasdaq_economic_calendar
2022-09-08-jpy-gdp-price-index-193c727b,2022-09-08T19:50:00Z,Japan,JPY,GDP Price Index,HIGH,-0.3%,-0.4%,-0.5%,nasdaq_economic_calendar
2022-09-08-jpy-gdp-private-consumption-f0d8dae4,2022-09-08T19:50:00Z,Japan,JPY,GDP Private Consumption,HIGH,1.2%,1.1%,0.1%,nasdaq_economic_calendar
2022-09-10-usd-fomc-member-george-speaks-2420a45f,2022-09-10T12:00:00Z,United States,USD,FOMC Member George Speaks,HIGH,,,,nasdaq_economic_calendar
2022-09-14-usd-cpi-a895851d,2022-09-14T08:30:00Z,United States,USD,CPI,HIGH,0.1%,-0.1%,0.0%,nasdaq_economic_calendar
2022-09-14-usd-cpi-index-n-s-a-4f54b818,2022-09-14T08:30:00Z,United States,USD,"CPI Index, n.s.a.",HIGH,296.17,295.53,296.28,nasdaq_economic_calendar
2022-09-14-usd-cpi-index-s-a-307428f0,2022-09-14T08:30:00Z,United States,USD,"CPI Index, s.a",HIGH,295.62,,295.27,nasdaq_economic_calendar
2022-09-14-usd-cpi-n-s-a-78b1904d,2022-09-14T08:30:00Z,United States,USD,"CPI, n.s.a",HIGH,-0.04%,,-0.01%,nasdaq_economic_calendar
2022-09-14-usd-core-cpi-80c85e02,2022-09-14T08:30:00Z,United States,USD,Core CPI,HIGH,0.6%,0.3%,0.3%,nasdaq_economic_calendar
2022-09-14-usd-core-cpi-index-939ae096,2022-09-14T08:30:00Z,United States,USD,Core CPI Index,HIGH,296.95,,295.28,nasdaq_economic_calendar
2022-09-14-usd-cleveland-cpi-8143db5c,2022-09-14T11:00:00Z,United States,USD,Cleveland CPI,HIGH,0.7%,,0.5%,nasdaq_economic_calendar
2022-09-14-jpy-reuters-tankan-index-80e76625,2022-09-14T19:00:00Z,Japan,JPY,Reuters Tankan Index,HIGH,10,,13,nasdaq_economic_calendar
2022-09-15-jpy-industrial-production-b3344b95,2022-09-15T00:30:00Z,Japan,JPY,Industrial Production,HIGH,0.8%,1.0%,9.2%,nasdaq_economic_calendar
2022-09-15-usd-core-ppi-b41ff917,2022-09-15T08:30:00Z,United States,USD,Core PPI,HIGH,7.3%,7.1%,7.7%,nasdaq_economic_calendar
2022-09-15-usd-ppi-df82a827,2022-09-15T08:30:00Z,United States,USD,PPI,HIGH,-0.1%,-0.1%,-0.4%,nasdaq_economic_calendar
2022-09-15-usd-ppi-ex-food-energy-transport-bfa9c01e,2022-09-15T08:30:00Z,United States,USD,PPI ex. Food/Energy/Transport,HIGH,5.6%,,5.8%,nasdaq_economic_calendar
2022-09-15-jpy-adjusted-trade-balance-8b14d060,2022-09-15T19:50:00Z,Japan,JPY,Adjusted Trade Balance,HIGH,-2.37T,,-2.16T,nasdaq_economic_calendar
2022-09-15-jpy-trade-balance-cc6e541a,2022-09-15T19:50:00Z,Japan,JPY,Trade Balance,HIGH,"-2,817.3B","-2,398.2B","-1,433.9B",nasdaq_economic_calendar
2022-09-16-usd-core-retail-sales-02628e34,2022-09-16T08:30:00Z,United States,USD,Core Retail Sales,HIGH,-0.3%,0.1%,0.4%,nasdaq_economic_calendar
2022-09-16-usd-retail-sales-da12f502,2022-09-16T08:30:00Z,United States,USD,Retail Sales,HIGH,0.3%,0.2%,-0.4%,nasdaq_economic_calendar
2022-09-16-usd-retail-sales-ex-gas-autos-eab4f319,2022-09-16T08:30:00Z,United States,USD,Retail Sales Ex Gas/Autos,HIGH,0.3%,,0.3%,nasdaq_economic_calendar
2022-09-16-usd-industrial-production-d7a49ae0,2022-09-16T09:15:00Z,United States,USD,Industrial Production,HIGH,-0.2%,0.1%,0.5%,nasdaq_economic_calendar
2022-09-17-usd-michigan-consumer-expectations-bf0cfedc,2022-09-17T10:00:00Z,United States,USD,Michigan Consumer Expectations,HIGH,59.9,59.7,58.0,nasdaq_economic_calendar
2022-09-17-usd-michigan-consumer-sentiment-19c81fb5,2022-09-17T10:00:00Z,United States,USD,Michigan Consumer Sentiment,HIGH,59.5,60.0,58.2,nasdaq_economic_calendar
2022-09-20-jpy-cpi-n-s-a-c1f3d5ce,2022-09-20T19:30:00Z,Japan,JPY,"CPI, n.s.a",HIGH,0.4%,,0.5%,nasdaq_economic_calendar
2022-09-20-jpy-national-cpi-e05fbaf3,2022-09-20T19:30:00Z,Japan,JPY,National CPI,HIGH,3.0%,,2.6%,nasdaq_economic_calendar
2022-09-20-jpy-national-core-cpi-ac179b30,2022-09-20T19:30:00Z,Japan,JPY,National Core CPI,HIGH,2.8%,2.7%,2.4%,nasdaq_economic_calendar
2022-09-22-usd-fomc-economic-projections-afa28b09,2022-09-22T14:00:00Z,United States,USD,FOMC Economic Projections,HIGH,,,,nasdaq_economic_calendar
2022-09-22-usd-fomc-statement-c2f72769,2022-09-22T14:00:00Z,United States,USD,FOMC Statement,HIGH,,,,nasdaq_economic_calendar
2022-09-22-usd-fed-interest-rate-decision-48595271,2022-09-22T14:00:00Z,United States,USD,Fed Interest Rate Decision,HIGH,3.25%,3.25%,2.50%,nasdaq_economic_calendar
2022-09-22-usd-fomc-press-conference-ca347aa1,2022-09-22T14:30:00Z,United States,USD,FOMC Press Conference,HIGH,,,,nasdaq_economic_calendar
2022-09-22-jpy-boj-interest-rate-decision-49324e02,2022-09-22T22:51:00Z,Japan,JPY,BoJ Interest Rate Decision,HIGH,-0.10%,-0.10%,-0.10%,nasdaq_economic_calendar
2022-09-22-jpy-boj-monetary-policy-statement-0edd7265,2022-09-22T23:00:00Z,Japan,JPY,BoJ Monetary Policy Statement,HIGH,,,,nasdaq_economic_calendar
2022-09-23-jpy-boj-core-cpi-bc894cf0,2022-09-23T01:00:00Z,Japan,JPY,BoJ Core CPI,HIGH,1.9%,1.9%,1.8%,nasdaq_economic_calendar
2022-09-23-jpy-boj-press-conference-246414c0,2022-09-23T02:30:00Z,Japan,JPY,BoJ Press Conference,HIGH,,,,nasdaq_economic_calendar
2022-09-27-jpy-boj-governor-kuroda-speaks-211b059f,2022-09-27T01:35:00Z,Japan,JPY,BoJ Governor Kuroda Speaks,HIGH,,,,nasdaq_economic_calendar
2022-09-27-jpy-boj-deputy-governor-amamiya-speaks-c10b4faf,2022-09-27T02:30:00Z,Japan,JPY,BOJ Deputy Governor Amamiya Speaks,HIGH,,,,nasdaq_economic_calendar
2022-09-27-usd-fomc-member-rosengren-speaks-ce49bdba,2022-09-27T10:00:00Z,United States,USD,FOMC Member Rosengren Speaks,HIGH,,,,nasdaq_economic_calendar
2022-09-27-usd-fomc-member-bostic-speaks-ed8a1e60,2022-09-27T12:00:00Z,United States,USD,FOMC Member Bostic Speaks,HIGH,,,,nasdaq_economic_calendar
2022-09-27-usd-fomc-member-mester-speaks-5e5936bc,2022-09-27T16:00:00Z,United States,USD,FOMC Member Mester Speaks,HIGH,,,,nasdaq_economic_calendar
2022-09-28-usd-core-durable-goods-orders-61f8dcb0,2022-09-28T08:30:00Z,United States,USD,Core Durable Goods Orders,HIGH,0.2%,0.2%,0.2%,nasdaq_economic_calendar
2022-09-28-usd-durable-goods-orders-a5ab016d,2022-09-28T08:30:00Z,United States,USD,Durable Goods Orders,HIGH,-0.2%,-0.4%,-0.1%,nasdaq_economic_calendar
2022-09-28-usd-fomc-member-bullard-speaks-43c55320,2022-09-28T09:55:00Z,United States,USD,FOMC Member Bullard Speaks,HIGH,,,,nasdaq_economic_calendar
2022-09-28-usd-cb-consumer-confidence-2e41b760,2022-09-28T10:00:00Z,United States,USD,CB Consumer Confidence,HIGH,108.0,104.5,103.6,nasdaq_economic_calendar
2022-09-28-jpy-monetary-policy-meeting-minutes-f7cf1f8c,2022-09-28T19:50:00Z,Japan,JPY,Monetary Policy Meeting Minutes,HIGH,,,,nasdaq_economic_calendar
2022-09-28-usd-fomc-member-daly-speaks-fc5000d8,2022-09-28T20:35:00Z,United States,USD,FOMC Member Daly Speaks,HIGH,,,,nasdaq_economic_calendar
2022-09-29-usd-fomc-member-bostic-speaks-5c0ae607,2022-09-29T08:35:00Z,United States,USD,FOMC Member Bostic Speaks,HIGH,,,,nasdaq_economic_calendar
2022-09-29-usd-fomc-member-bullard-speaks-4d938a4a,2022-09-29T10:10:00Z,United States,USD,FOMC Member Bullard Speaks,HIGH,,,,nasdaq_economic_calendar
2022-09-29-usd-fomc-member-bowman-speaks-e8559a69,2022-09-29T11:00:00Z,United States,USD,FOMC Member Bowman Speaks,HIGH,,,,nasdaq_economic_calendar
2022-09-30-usd-core-pce-prices-57e173b3,2022-09-30T08:30:00Z,United States,USD,Core PCE Prices,HIGH,4.70%,4.40%,5.20%,nasdaq_economic_calendar
2022-09-30-usd-gdp-54a859a6,2022-09-30T08:30:00Z,United States,USD,GDP,HIGH,-0.6%,-0.6%,-1.6%,nasdaq_economic_calendar
2022-09-30-usd-gdp-price-index-d4b395b6,2022-09-30T08:30:00Z,United States,USD,GDP Price Index,HIGH,9.1%,8.9%,8.3%,nasdaq_economic_calendar
2022-09-30-usd-gdp-sales-10e61663,2022-09-30T08:30:00Z,United States,USD,GDP Sales,HIGH,1.3%,1.3%,-1.2%,nasdaq_economic_calendar
2022-09-30-usd-pce-prices-0c5b413f,2022-09-30T08:30:00Z,United States,USD,PCE Prices,HIGH,7.3%,7.1%,7.1%,nasdaq_economic_calendar
2022-09-30-usd-fomc-member-bullard-speaks-1344cae6,2022-09-30T09:30:00Z,United States,USD,FOMC Member Bullard Speaks,HIGH,,,,nasdaq_economic_calendar
2022-09-30-usd-fomc-member-mester-speaks-ff6dec51,2022-09-30T13:00:00Z,United States,USD,FOMC Member Mester Speaks,HIGH,,,,nasdaq_economic_calendar
2022-09-30-jpy-industrial-production-26322c2f,2022-09-30T19:50:00Z,Japan,JPY,Industrial Production,HIGH,2.7%,0.2%,0.8%,nasdaq_economic_calendar
2022-09-30-jpy-industrial-production-forecast-1m-ahead-06b0ce87,2022-09-30T19:50:00Z,Japan,JPY,Industrial Production forecast 1m ahead,HIGH,2.9%,,5.5%,nasdaq_economic_calendar
2022-09-30-jpy-industrial-production-forecast-2m-ahead-a14571c4,2022-09-30T19:50:00Z,Japan,JPY,Industrial Production forecast 2m ahead,HIGH,3.2%,,0.8%,nasdaq_economic_calendar
2022-09-30-jpy-retail-sales-c2bfb339,2022-09-30T19:50:00Z,Japan,JPY,Retail Sales,HIGH,4.1%,2.8%,2.4%,nasdaq_economic_calendar
2022-10-01-usd-core-pce-price-index-713b04ce,2022-10-01T08:30:00Z,United States,USD,Core PCE Price Index,HIGH,0.6%,0.5%,0.1%,nasdaq_economic_calendar
2022-10-01-usd-fomc-member-barkin-speaks-d668bf07,2022-10-01T08:30:00Z,United States,USD,FOMC Member Barkin Speaks,HIGH,,,,nasdaq_economic_calendar
2022-10-01-usd-pce-price-index-8f2d1fa3,2022-10-01T08:30:00Z,United States,USD,PCE Price index,HIGH,6.2%,,6.4%,nasdaq_economic_calendar
2022-10-01-usd-pce-price-index-2d1bffdd,2022-10-01T08:30:00Z,United States,USD,PCE price index,HIGH,0.3%,,-0.1%,nasdaq_economic_calendar
2022-10-01-usd-personal-income-b8c347fa,2022-10-01T08:30:00Z,United States,USD,Personal Income,HIGH,0.3%,0.3%,0.3%,nasdaq_economic_calendar
2022-10-01-usd-real-personal-consumption-8962b3b2,2022-10-01T08:30:00Z,United States,USD,Real Personal Consumption,HIGH,0.1%,,-0.1%,nasdaq_economic_calendar
2022-10-01-usd-fomc-member-mester-speaks-86826444,2022-10-01T09:00:00Z,United States,USD,FOMC Member Mester Speaks,HIGH,,,,nasdaq_economic_calendar
2022-10-01-usd-fomc-member-williams-speaks-b0a392d2,2022-10-01T09:00:00Z,United States,USD,FOMC Member Williams Speaks,HIGH,,,,nasdaq_economic_calendar
2022-10-01-usd-michigan-consumer-expectations-d2a824b7,2022-10-01T10:00:00Z,United States,USD,Michigan Consumer Expectations,HIGH,58.0,,59.9,nasdaq_economic_calendar
2022-10-01-usd-michigan-consumer-sentiment-c7f993a0,2022-10-01T10:00:00Z,United States,USD,Michigan Consumer Sentiment,HIGH,58.6,59.5,59.5,nasdaq_economic_calendar
2022-10-01-usd-fomc-member-bowman-speaks-476a8680,2022-10-01T11:00:00Z,United States,USD,FOMC Member Bowman Speaks,HIGH,,,,nasdaq_economic_calendar
2022-10-01-usd-dallas-fed-pce-d7f45bad,2022-10-01T12:55:00Z,United States,USD,Dallas Fed PCE,HIGH,6.00%,,3.70%,nasdaq_economic_calendar
2022-10-01-usd-fomc-member-williams-speaks-6aa578cf,2022-10-01T16:15:00Z,United States,USD,FOMC Member Williams Speaks,HIGH,,,,nasdaq_economic_calendar
2022-10-03-jpy-boj-summary-of-opinions-ee3dcabb,2022-10-03T19:50:00Z,Japan,JPY,BoJ Summary of Opinions,HIGH,,,,nasdaq_economic_calendar
2022-10-03-jpy-tankan-all-big-industry-capex-00599da7,2022-10-03T19:50:00Z,Japan,JPY,Tankan All Big Industry CAPEX,HIGH,21.5%,18.8%,18.6%,nasdaq_economic_calendar
2022-10-03-jpy-tankan-all-small-industry-capex-9f54dc3c,2022-10-03T19:50:00Z,Japan,JPY,Tankan All Small Industry CAPEX,HIGH,1.3%,1.6%,-1.4%,nasdaq_economic_calendar
2022-10-03-jpy-tankan-big-manufacturing-outlook-index-05e36326,2022-10-03T19:50:00Z,Japan,JPY,Tankan Big Manufacturing Outlook Index,HIGH,9,11,10,nasdaq_economic_calendar
2022-10-03-jpy-tankan-large-manufacturers-index-4d438b5e,2022-10-03T19:50:00Z,Japan,JPY,Tankan Large Manufacturers Index,HIGH,8,11,9,nasdaq_economic_calendar
2022-10-03-jpy-tankan-large-non-manufacturers-diffusion-index-a6bfa34a,2022-10-03T19:50:00Z,Japan,JPY,Tankan Large Non-Manufacturers Diffusion Index,HIGH,11,15,13,nasdaq_economic_calendar
2022-10-03-jpy-tankan-large-non-manufacturers-index-7b5c722e,2022-10-03T19:50:00Z,Japan,JPY,Tankan Large Non-Manufacturers Index,HIGH,14,13,13,nasdaq_economic_calendar
2022-10-03-jpy-tankan-small-manufacturers-diffusion-index-d2e7c54a,2022-10-03T19:50:00Z,Japan,JPY,Tankan Small Manufacturers Diffusion Index,HIGH,-5,-5,-5,nasdaq_economic_calendar
2022-10-03-jpy-tankan-small-manufacturing-index-c836daa5,2022-10-03T19:50:00Z,Japan,JPY,Tankan Small Manufacturing Index,HIGH,-4,-3,-4,nasdaq_economic_calendar
2022-10-03-jpy-tankan-small-non-manufacturers-diffusion-index-dffb1c95,2022-10-03T19:50:00Z,Japan,JPY,Tankan Small Non-Manufacturers Diffusion Index,HIGH,-3,-3,-5,nasdaq_economic_calendar
2022-10-03-jpy-tankan-small-non-manufacturing-index-94d1b9d6,2022-10-03T19:50:00Z,Japan,JPY,Tankan Small Non-Manufacturing Index,HIGH,2,-2,-1,nasdaq_economic_calendar
2022-10-04-usd-fomc-member-bostic-speaks-c6bd53c3,2022-10-04T09:05:00Z,United States,USD,FOMC Member Bostic Speaks,HIGH,,,,nasdaq_economic_calendar
2022-10-04-usd-ism-manufacturing-employment-2fcdbc78,2022-10-04T10:00:00Z,United States,USD,ISM Manufacturing Employment,HIGH,48.7,53.0,54.2,nasdaq_economic_calendar
2022-10-04-usd-ism-manufacturing-new-orders-index-8f4f7f2b,2022-10-04T10:00:00Z,United States,USD,ISM Manufacturing New Orders Index,HIGH,47.1,,51.3,nasdaq_economic_calendar
2022-10-04-usd-ism-manufacturing-pmi-6d4bc197,2022-10-04T10:00:00Z,United States,USD,ISM Manufacturing PMI,HIGH,50.9,52.2,52.8,nasdaq_economic_calendar
2022-10-04-usd-ism-manufacturing-prices-98aaa930,2022-10-04T10:00:00Z,United States,USD,ISM Manufacturing Prices,HIGH,51.7,51.9,52.5,nasdaq_economic_calendar
2022-10-04-usd-fomc-member-barkin-speaks-13e60642,2022-10-04T11:45:00Z,United States,USD,FOMC Member Barkin Speaks,HIGH,,,,nasdaq_economic_calendar
2022-10-04-usd-fomc-member-george-speaks-0c69b1a1,2022-10-04T14:15:00Z,United States,USD,FOMC Member George Speaks,HIGH,,,,nasdaq_economic_calendar
2022-10-04-usd-fomc-member-williams-speaks-960108fc,2022-10-04T15:10:00Z,United States,USD,FOMC Member Williams Speaks,HIGH,,,,nasdaq_economic_calendar
2022-10-04-usd-fomc-member-bostic-speaks-b3f0e3cc,2022-10-04T18:45:00Z,United States,USD,FOMC Member Bostic Speaks,HIGH,,,,nasdaq_economic_calendar
2022-10-04-jpy-cpi-tokyo-ex-food-and-energy-b98df182,2022-10-04T19:30:00Z,Japan,JPY,CPI Tokyo Ex Food and Energy,HIGH,0.3%,,0.3%,nasdaq_economic_calendar
2022-10-04-jpy-tokyo-cpi-33a67b91,2022-10-04T19:30:00Z,Japan,JPY,Tokyo CPI,HIGH,2.8%,,2.9%,nasdaq_economic_calendar
2022-10-04-jpy-tokyo-core-cpi-a95f02c8,2022-10-04T19:30:00Z,Japan,JPY,Tokyo Core CPI,HIGH,2.8%,2.8%,2.6%,nasdaq_economic_calendar
2022-10-05-usd-fomc-member-williams-speaks-492261ca,2022-10-05T09:00:00Z,United States,USD,FOMC Member Williams Speaks,HIGH,,,,nasdaq_economic_calendar
2022-10-05-usd-fomc-member-mester-speaks-6637b57c,2022-10-05T09:15:00Z,United States,USD,FOMC Member Mester Speaks,HIGH,,,,nasdaq_economic_calendar
2022-10-05-usd-jolts-job-openings-16d00c1a,2022-10-05T10:00:00Z,United States,USD,JOLTS Job Openings,HIGH,10.053M,10.775M,11.170M,nasdaq_economic_calendar
2022-10-05-usd-fomc-member-daly-speaks-b3295c85,2022-10-05T13:00:00Z,United States,USD,FOMC Member Daly Speaks,HIGH,,,,nasdaq_economic_calendar
2022-10-06-usd-adp-nonfarm-employment-change-837e087f,2022-10-06T08:15:00Z,United States,USD,ADP Nonfarm Employment Change,HIGH,208K,200K,185K,nasdaq_economic_calendar
2022-10-06-usd-ism-non-manufacturing-business-activity-0c7c46de,2022-10-06T10:00:00Z,United States,USD,ISM Non-Manufacturing Business Activity,HIGH,59.1,57.0,60.9,nasdaq_economic_calendar
2022-10-06-usd-ism-non-manufacturing-employment-0535f32c,2022-10-06T10:00:00Z,United States,USD,ISM Non-Manufacturing Employment,HIGH,53.0,,50.2,nasdaq_economic_calendar
2022-10-06-usd-ism-non-manufacturing-new-orders-81d6e2f7,2022-10-06T10:00:00Z,United States,USD,ISM Non-Manufacturing New Orders,HIGH,60.6,,61.8,nasdaq_economic_calendar
2022-10-06-usd-ism-non-manufacturing-pmi-acd6603b,2022-10-06T10:00:00Z,United States,USD,ISM Non-Manufacturing PMI,HIGH,56.7,56.0,56.9,nasdaq_economic_calendar
2022-10-06-usd-ism-non-manufacturing-prices-29d37a72,2022-10-06T10:00:00Z,United States,USD,ISM Non-Manufacturing Prices,HIGH,68.7,,71.5,nasdaq_economic_calendar
2022-10-06-usd-fomc-member-bostic-speaks-b5b404d7,2022-10-06T16:00:00Z,United States,USD,FOMC Member Bostic Speaks,HIGH,,,,nasdaq_economic_calendar
2022-10-06-jpy-boj-governor-kuroda-speaks-a0a24b63,2022-10-06T21:00:00Z,Japan,JPY,BoJ Governor Kuroda Speaks,HIGH,,,,nasdaq_economic_calendar
2022-10-07-usd-fomc-member-mester-speaks-5924dce8,2022-10-07T18:30:00Z,United States,USD,FOMC Member Mester Speaks,HIGH,,,,nasdaq_economic_calendar
2022-10-08-usd-average-hourly-earnings-3308f164,2022-10-08T08:30:00Z,United States,USD,Average Hourly Earnings,HIGH,0.3%,0.3%,0.3%,nasdaq_economic_calendar
2022-10-08-usd-average-hourly-earnings-yoy-a2d17de1,2022-10-08T08:30:00Z,United States,USD,Average Hourly Earnings (YoY),HIGH,5.0%,5.1%,5.2%,nasdaq_economic_calendar
2022-10-08-usd-nonfarm-payrolls-454c0401,2022-10-08T08:30:00Z,United States,USD,Nonfarm Payrolls,HIGH,263K,250K,315K,nasdaq_economic_calendar
2022-10-08-usd-private-nonfarm-payrolls-c63ab0b3,2022-10-08T08:30:00Z,United States,USD,Private Nonfarm Payrolls,HIGH,288K,265K,275K,nasdaq_economic_calendar
2022-10-08-usd-u6-unemployment-rate-96386eee,2022-10-08T08:30:00Z,United States,USD,U6 Unemployment Rate,HIGH,6.7%,,7.0%,nasdaq_economic_calendar
2022-10-08-usd-unemployment-rate-839e418c,2022-10-08T08:30:00Z,United States,USD,Unemployment Rate,HIGH,3.5%,3.7%,3.7%,nasdaq_economic_calendar
2022-10-08-usd-fomc-member-williams-speaks-a4d86a87,2022-10-08T10:00:00Z,United States,USD,FOMC Member Williams Speaks,HIGH,,,,nasdaq_economic_calendar
2022-10-12-usd-fomc-member-harker-speaks-c48fcf2b,2022-10-12T11:30:00Z,United States,USD,FOMC Member Harker Speaks,HIGH,,,,nasdaq_economic_calendar
2022-10-12-usd-fomc-member-mester-speaks-d620f1a7,2022-10-12T12:00:00Z,United States,USD,FOMC Member Mester Speaks,HIGH,,,,nasdaq_economic_calendar
2022-10-12-jpy-reuters-tankan-index-0ec93fb4,2022-10-12T19:00:00Z,Japan,JPY,Reuters Tankan Index,HIGH,5,,10,nasdaq_economic_calendar
2022-10-13-usd-core-ppi-d0634bd5,2022-10-13T08:30:00Z,United States,USD,Core PPI,HIGH,0.3%,0.3%,0.3%,nasdaq_economic_calendar
2022-10-13-usd-ppi-86873096,2022-10-13T08:30:00Z,United States,USD,PPI,HIGH,0.4%,0.2%,-0.2%,nasdaq_economic_calendar
2022-10-13-usd-ppi-ex-food-energy-transport-65013539,2022-10-13T08:30:00Z,United States,USD,PPI ex. Food/Energy/Transport,HIGH,5.6%,,5.6%,nasdaq_economic_calendar
2022-10-13-usd-fomc-meeting-minutes-b568607c,2022-10-13T14:00:00Z,United States,USD,FOMC Meeting Minutes,HIGH,,,,nasdaq_economic_calendar
2022-10-13-usd-fomc-member-bowman-speaks-49a6f1f0,2022-10-13T18:30:00Z,United States,USD,FOMC Member Bowman Speaks,HIGH,,,,nasdaq_economic_calendar
2022-10-14-usd-cpi-2e332c59,2022-10-14T08:30:00Z,United States,USD,CPI,HIGH,0.4%,0.2%,0.2%,nasdaq_economic_calendar
2022-10-14-usd-cpi-index-n-s-a-cb4f8827,2022-10-14T08:30:00Z,United States,USD,"CPI Index, n.s.a.",HIGH,296.81,296.43,296.17,nasdaq_economic_calendar
2022-10-14-usd-cpi-index-s-a-3e16e2c4,2022-10-14T08:30:00Z,United States,USD,"CPI Index, s.a",HIGH,296.76,,295.62,nasdaq_economic_calendar
2022-10-14-usd-cpi-n-s-a-0d49795b,2022-10-14T08:30:00Z,United States,USD,"CPI, n.s.a",HIGH,0.22%,,-0.04%,nasdaq_economic_calendar
2022-10-14-usd-core-cpi-bdcbf0ba,2022-10-14T08:30:00Z,United States,USD,Core CPI,HIGH,0.6%,0.5%,0.6%,nasdaq_economic_calendar
2022-10-14-usd-core-cpi-index-4bf74eb1,2022-10-14T08:30:00Z,United States,USD,Core CPI Index,HIGH,298.66,,296.95,nasdaq_economic_calendar
2022-10-14-usd-cleveland-cpi-0b10a214,2022-10-14T11:00:00Z,United States,USD,Cleveland CPI,HIGH,0.7%,,0.7%,nasdaq_economic_calendar
2022-10-15-usd-core-retail-sales-969b8c26,2022-10-15T08:30:00Z,United States,USD,Core Retail Sales,HIGH,0.1%,-0.1%,-0.1%,nasdaq_economic_calendar
2022-10-15-usd-retail-sales-f343a306,2022-10-15T08:30:00Z,United States,USD,Retail Sales,HIGH,0.0%,0.2%,0.4%,nasdaq_economic_calendar
2022-10-15-usd-retail-sales-ex-gas-autos-ff8b58de,2022-10-15T08:30:00Z,United States,USD,Retail Sales Ex Gas/Autos,HIGH,0.3%,,0.6%,nasdaq_economic_calendar
2022-10-15-usd-michigan-consumer-expectations-d0869858,2022-10-15T10:00:00Z,United States,USD,Michigan Consumer Expectations,HIGH,56.2,58.5,58.0,nasdaq_economic_calendar
2022-10-15-usd-michigan-consumer-sentiment-b9c0ce1a,2022-10-15T10:00:00Z,United States,USD,Michigan Consumer Sentiment,HIGH,59.8,59.0,58.6,nasdaq_economic_calendar
2022-10-16-usd-fomc-member-bullard-speaks-080fee18,2022-10-16T13:15:00Z,United States,USD,FOMC Member Bullard Speaks,HIGH,,,,nasdaq_economic_calendar
2022-10-18-jpy-industrial-production-6b0c4042,2022-10-18T00:30:00Z,Japan,JPY,Industrial Production,HIGH,3.4%,2.7%,2.7%,nasdaq_economic_calendar
2022-10-19-usd-industrial-production-b60f10f0,2022-10-19T09:15:00Z,United States,USD,Industrial Production,HIGH,0.4%,0.1%,-0.1%,nasdaq_economic_calendar
2022-10-19-usd-fomc-member-kashkari-speaks-35a0b8e3,2022-10-19T17:30:00Z,United States,USD,FOMC Member Kashkari Speaks,HIGH,,,,nasdaq_economic_calendar
2022-10-19-jpy-boj-board-member-adachi-speaks-d5824fc5,2022-10-19T21:30:00Z,Japan,JPY,BoJ Board Member Adachi Speaks,HIGH,,,,nasdaq_economic_calendar
2022-10-20-usd-fomc-member-kashkari-speaks-56499804,2022-10-20T13:00:00Z,United States,USD,FOMC Member Kashkari Speaks,HIGH,,,,nasdaq_economic_calendar
2022-10-20-usd-fomc-member-bullard-speaks-53810eac,2022-10-20T19:30:00Z,United States,USD,FOMC Member Bullard Speaks,HIGH,,,,nasdaq_economic_calendar
2022-10-20-jpy-adjusted-trade-balance-1e327ff2,2022-10-20T19:50:00Z,Japan,JPY,Adjusted Trade Balance,HIGH,-2.01T,,-2.34T,nasdaq_economic_calendar
2022-10-20-jpy-trade-balance-58e23101,2022-10-20T19:50:00Z,Japan,JPY,Trade Balance,HIGH,"-2,094.0B","-2,167.4B","-2,820.0B",nasdaq_economic_calendar
2022-10-21-usd-fomc-member-harker-speaks-b973c93d,2022-10-21T12:00:00Z,United States,USD,FOMC Member Harker Speaks,HIGH,,,,nasdaq_economic_calendar
2022-10-21-usd-fomc-member-bowman-speaks-3301d29e,2022-10-21T14:05:00Z,United States,USD,FOMC Member Bowman Speaks,HIGH,,,,nasdaq_economic_calendar
2022-10-21-jpy-cpi-n-s-a-374c7339,2022-10-21T19:30:00Z,Japan,JPY,"CPI, n.s.a",HIGH,0.4%,,0.4%,nasdaq_economic_calendar
2022-10-21-jpy-national-cpi-d8ac4776,2022-10-21T19:30:00Z,Japan,JPY,National CPI,HIGH,3.0%,,3.0%,nasdaq_economic_calendar
2022-10-21-jpy-national-core-cpi-d69ed0d4,2022-10-21T19:30:00Z,Japan,JPY,National Core CPI,HIGH,3.0%,3.0%,2.8%,nasdaq_economic_calendar
2022-10-22-usd-fomc-member-williams-speaks-46c395f0,2022-10-22T09:10:00Z,United States,USD,FOMC Member Williams Speaks,HIGH,,,,nasdaq_economic_calendar
2022-10-26-jpy-boj-core-cpi-bb228fad,2022-10-26T01:00:00Z,Japan,JPY,BoJ Core CPI,HIGH,2.0%,1.9%,1.9%,nasdaq_economic_calendar
2022-10-26-usd-cb-consumer-confidence-67ff87d0,2022-10-26T10:00:00Z,United States,USD,CB Consumer Confidence,HIGH,102.5,106.5,107.8,nasdaq_economic_calendar
2022-10-27-jpy-boj-outlook-report-f8395e82,2022-10-27T23:00:00Z,Japan,JPY,BoJ Outlook Report,HIGH,,,,nasdaq_economic_calendar
2022-10-28-usd-core-durable-goods-orders-992374ee,2022-10-28T08:30:00Z,United States,USD,Core Durable Goods Orders,HIGH,-0.5%,0.2%,0.3%,nasdaq_economic_calendar
2022-10-28-usd-core-pce-prices-ea00fe62,2022-10-28T08:30:00Z,United States,USD,Core PCE Prices,HIGH,4.50%,4.50%,4.70%,nasdaq_economic_calendar
2022-10-28-usd-durable-goods-orders-929433ef,2022-10-28T08:30:00Z,United States,USD,Durable Goods Orders,HIGH,0.4%,0.6%,0.2%,nasdaq_economic_calendar
2022-10-28-usd-gdp-5fb2bec8,2022-10-28T08:30:00Z,United States,USD,GDP,HIGH,2.6%,2.4%,-0.6%,nasdaq_economic_calendar
2022-10-28-usd-gdp-price-index-efc22a96,2022-10-28T08:30:00Z,United States,USD,GDP Price Index,HIGH,4.1%,5.3%,9.1%,nasdaq_economic_calendar
2022-10-28-usd-gdp-sales-c3c4f9ea,2022-10-28T08:30:00Z,United States,USD,GDP Sales,HIGH,3.3%,,1.3%,nasdaq_economic_calendar
2022-10-28-usd-pce-prices-13412349,2022-10-28T08:30:00Z,United States,USD,PCE Prices,HIGH,4.2%,,7.3%,nasdaq_economic_calendar
2022-10-28-jpy-cpi-tokyo-ex-food-and-energy-fbd05fc3,2022-10-28T19:30:00Z,Japan,JPY,CPI Tokyo Ex Food and Energy,HIGH,0.2%,,0.3%,nasdaq_economic_calendar
2022-10-28-jpy-tokyo-cpi-7a1d62aa,2022-10-28T19:30:00Z,Japan,JPY,Tokyo CPI,HIGH,3.5%,,2.8%,nasdaq_economic_calendar
2022-10-28-jpy-tokyo-core-cpi-5673f0ac,2022-10-28T19:30:00Z,Japan,JPY,Tokyo Core CPI,HIGH,3.4%,3.1%,2.8%,nasdaq_economic_calendar
2022-10-28-jpy-boj-interest-rate-decision-9de10f74,2022-10-28T22:50:00Z,Japan,JPY,BoJ Interest Rate Decision,HIGH,-0.10%,-0.10%,-0.10%,nasdaq_economic_calendar
2022-10-28-jpy-boj-monetary-policy-statement-ae91a815,2022-10-28T23:00:00Z,Japan,JPY,BoJ Monetary Policy Statement,HIGH,,,,nasdaq_economic_calendar
2022-10-28-jpy-boj-outlook-report-81e78854,2022-10-28T23:00:00Z,Japan,JPY,BoJ Outlook Report,HIGH,,,,nasdaq_economic_calendar
2022-10-29-jpy-boj-press-conference-a40bc946,2022-10-29T02:00:00Z,Japan,JPY,BoJ Press Conference,HIGH,,,,nasdaq_economic_calendar
2022-10-29-usd-core-pce-price-index-3ff1cac6,2022-10-29T08:30:00Z,United States,USD,Core PCE Price Index,HIGH,0.5%,0.5%,0.5%,nasdaq_economic_calendar
2022-10-29-usd-employment-cost-index-ae936667,2022-10-29T08:30:00Z,United States,USD,Employment Cost Index,HIGH,1.2%,1.2%,1.3%,nasdaq_economic_calendar
2022-10-29-usd-pce-price-index-ef0c389f,2022-10-29T08:30:00Z,United States,USD,PCE Price index,HIGH,6.2%,,6.2%,nasdaq_economic_calendar
2022-10-29-usd-pce-price-index-58b79fc7,2022-10-29T08:30:00Z,United States,USD,PCE price index,HIGH,0.3%,,0.3%,nasdaq_economic_calendar
2022-10-29-usd-personal-income-7db8f7c0,2022-10-29T08:30:00Z,United States,USD,Personal Income,HIGH,0.4%,0.3%,0.4%,nasdaq_economic_calendar
2022-10-29-usd-real-personal-consumption-d7780ae9,2022-10-29T08:30:00Z,United States,USD,Real Personal Consumption,HIGH,0.3%,,0.3%,nasdaq_economic_calendar
2022-10-29-usd-michigan-consumer-expectations-f708d88f,2022-10-29T10:00:00Z,United States,USD,Michigan Consumer Expectations,HIGH,56.2,,56.2,nasdaq_economic_calendar
2022-10-29-usd-michigan-consumer-sentiment-e79f14e3,2022-10-29T10:00:00Z,United States,USD,Michigan Consumer Sentiment,HIGH,59.9,59.8,59.8,nasdaq_economic_calendar
2022-10-29-usd-dallas-fed-pce-fab07a6e,2022-10-29T12:31:00Z,United States,USD,Dallas Fed PCE,HIGH,4.30%,,6.00%,nasdaq_economic_calendar
2022-10-31-jpy-industrial-production-94cf6d7f,2022-10-31T19:50:00Z,Japan,JPY,Industrial Production,HIGH,-1.6%,-1.0%,3.4%,nasdaq_economic_calendar
2022-10-31-jpy-industrial-production-forecast-1m-ahead-2bff4bdf,2022-10-31T19:50:00Z,Japan,JPY,Industrial Production forecast 1m ahead,HIGH,-0.4%,,2.9%,nasdaq_economic_calendar
2022-10-31-jpy-industrial-production-forecast-2m-ahead-3eacb3dd,2022-10-31T19:50:00Z,Japan,JPY,Industrial Production forecast 2m ahead,HIGH,0.8%,,3.2%,nasdaq_economic_calendar
2022-10-31-jpy-retail-sales-17b75db4,2022-10-31T19:50:00Z,Japan,JPY,Retail Sales,HIGH,4.5%,4.1%,4.1%,nasdaq_economic_calendar
2022-11-02-usd-ism-manufacturing-employment-f6c932d5,2022-11-02T10:00:00Z,United States,USD,ISM Manufacturing Employment,HIGH,50.0,53.0,48.7,nasdaq_economic_calendar
2022-11-02-usd-ism-manufacturing-new-orders-index-a3a2a52f,2022-11-02T10:00:00Z,United States,USD,ISM Manufacturing New Orders Index,HIGH,49.2,,47.1,nasdaq_economic_calendar
2022-11-02-usd-ism-manufacturing-pmi-0b1a70ca,2022-11-02T10:00:00Z,United States,USD,ISM Manufacturing PMI,HIGH,50.2,50.0,50.9,nasdaq_economic_calendar
2022-11-02-usd-ism-manufacturing-prices-19e47ecc,2022-11-02T10:00:00Z,United States,USD,ISM Manufacturing Prices,HIGH,46.6,52.5,51.7,nasdaq_economic_calendar
2022-11-02-usd-jolts-job-openings-2c08b184,2022-11-02T10:00:00Z,United States,USD,JOLTS Job Openings,HIGH,10.717M,10.000M,10.280M,nasdaq_economic_calendar
2022-11-02-jpy-monetary-policy-meeting-minutes-f9d28536,2022-11-02T19:50:00Z,Japan,JPY,Monetary Policy Meeting Minutes,HIGH,,,,nasdaq_economic_calendar
2022-11-03-usd-adp-nonfarm-employment-change-f53438b0,2022-11-03T08:15:00Z,United States,USD,ADP Nonfarm Employment Change,HIGH,239K,195K,192K,nasdaq_economic_calendar
2022-11-03-usd-fomc-statement-e5535296,2022-11-03T14:00:00Z,United States,USD,FOMC Statement,HIGH,,,,nasdaq_economic_calendar
2022-11-03-usd-fed-interest-rate-decision-43e2716a,2022-11-03T14:00:00Z,United States,USD,Fed Interest Rate Decision,HIGH,4.00%,4.00%,3.25%,nasdaq_economic_calendar
2022-11-03-usd-fomc-press-conference-50e38bc9,2022-11-03T14:30:00Z,United States,USD,FOMC Press Conference,HIGH,,,,nasdaq_economic_calendar
2022-11-04-usd-nonfarm-productivity-4ba94e5c,2022-11-04T08:30:00Z,United States,USD,Nonfarm Productivity,HIGH,0.3%,0.6%,-4.1%,nasdaq_economic_calendar
2022-11-04-usd-ism-non-manufacturing-business-activity-91797227,2022-11-04T10:00:00Z,United States,USD,ISM Non-Manufacturing Business Activity,HIGH,55.7,,59.1,nasdaq_economic_calendar
2022-11-04-usd-ism-non-manufacturing-employment-6d788f08,2022-11-04T10:00:00Z,United States,USD,ISM Non-Manufacturing Employment,HIGH,49.1,,53.0,nasdaq_economic_calendar
2022-11-04-usd-ism-non-manufacturing-new-orders-c98cae68,2022-11-04T10:00:00Z,United States,USD,ISM Non-Manufacturing New Orders,HIGH,56.5,,60.6,nasdaq_economic_calendar
2022-11-04-usd-ism-non-manufacturing-pmi-5f62d631,2022-11-04T10:00:00Z,United States,USD,ISM Non-Manufacturing PMI,HIGH,54.4,55.5,56.7,nasdaq_economic_calendar
2022-11-04-usd-ism-non-manufacturing-prices-06928389,2022-11-04T10:00:00Z,United States,USD,ISM Non-Manufacturing Prices,HIGH,70.7,,68.7,nasdaq_economic_calendar
2022-11-05-usd-average-hourly-earnings-4758a9a8,2022-11-05T08:30:00Z,United States,USD,Average Hourly Earnings,HIGH,0.4%,0.3%,0.3%,nasdaq_economic_calendar
2022-11-05-usd-average-hourly-earnings-yoy-9d2e3e1a,2022-11-05T08:30:00Z,United States,USD,Average Hourly Earnings (YoY),HIGH,4.7%,4.7%,5.0%,nasdaq_economic_calendar
2022-11-05-usd-nonfarm-payrolls-2b89b470,2022-11-05T08:30:00Z,United States,USD,Nonfarm Payrolls,HIGH,261K,200K,315K,nasdaq_economic_calendar
2022-11-05-usd-private-nonfarm-payrolls-93be5fec,2022-11-05T08:30:00Z,United States,USD,Private Nonfarm Payrolls,HIGH,233K,200K,319K,nasdaq_economic_calendar
2022-11-05-usd-u6-unemployment-rate-c57bff8c,2022-11-05T08:30:00Z,United States,USD,U6 Unemployment Rate,HIGH,6.8%,,6.7%,nasdaq_economic_calendar
2022-11-05-usd-unemployment-rate-d7dd8682,2022-11-05T08:30:00Z,United States,USD,Unemployment Rate,HIGH,3.7%,3.6%,3.5%,nasdaq_economic_calendar
2022-11-05-usd-fomc-member-rosengren-speaks-0b7a114f,2022-11-05T10:00:00Z,United States,USD,FOMC Member Rosengren Speaks,HIGH,,,,nasdaq_economic_calendar
2022-11-08-usd-fomc-member-mester-speaks-d651eb7a,2022-11-08T16:40:00Z,United States,USD,FOMC Member Mester Speaks,HIGH,,,,nasdaq_economic_calendar
2022-11-08-usd-fomc-member-barkin-speaks-87d2d7f3,2022-11-08T19:00:00Z,United States,USD,FOMC Member Barkin Speaks,HIGH,,,,nasdaq_economic_calendar
2022-11-08-jpy-boj-summary-of-opinions-baf41023,2022-11-08T19:50:00Z,Japan,JPY,BoJ Summary of Opinions,HIGH,,,,nasdaq_economic_calendar
2022-11-09-jpy-reuters-tankan-index-151668c1,2022-11-09T19:00:00Z,Japan,JPY,Reuters Tankan Index,HIGH,2,,5,nasdaq_economic_calendar
2022-11-10-usd-fomc-member-williams-speaks-d9c916f2,2022-11-10T04:00:00Z,United States,USD,FOMC Member Williams Speaks,HIGH,,,,nasdaq_economic_calendar
2022-11-10-usd-fomc-member-barkin-speaks-85921698,2022-11-10T12:00:00Z,United States,USD,FOMC Member Barkin Speaks,HIGH,,,,nasdaq_economic_calendar
2022-11-11-usd-cpi-f6ae30b2,2022-11-11T09:30:00Z,United States,USD,CPI,HIGH,0.4%,0.6%,0.4%,nasdaq_economic_calendar
2022-11-11-usd-cpi-index-n-s-a-d01e42ba,2022-11-11T09:30:00Z,United States,USD,"CPI Index, n.s.a.",HIGH,298.01,298.58,296.81,nasdaq_economic_calendar
2022-11-11-usd-cpi-index-s-a-a7f604a7,2022-11-11T09:30:00Z,United States,USD,"CPI Index, s.a",HIGH,298.06,,296.76,nasdaq_economic_calendar
2022-11-11-usd-cpi-n-s-a-77f0fd41,2022-11-11T09:30:00Z,United States,USD,"CPI, n.s.a",HIGH,0.41%,,0.22%,nasdaq_economic_calendar
2022-11-11-usd-core-cpi-1de39e74,2022-11-11T09:30:00Z,United States,USD,Core CPI,HIGH,0.3%,0.5%,0.6%,nasdaq_economic_calendar
2022-11-11-usd-core-cpi-index-0a990662,2022-11-11T09:30:00Z,United States,USD,Core CPI Index,HIGH,299.47,,298.66,nasdaq_economic_calendar
2022-11-11-usd-fomc-member-harker-speaks-923c3105,2022-11-11T10:00:00Z,United States,USD,FOMC Member Harker Speaks,HIGH,,,,nasdaq_economic_calendar
2022-11-11-usd-cleveland-cpi-55cc6b02,2022-11-11T12:00:00Z,United States,USD,Cleveland CPI,HIGH,0.5%,,0.7%,nasdaq_economic_calendar
2022-11-11-usd-fomc-member-mester-speaks-a94a1b66,2022-11-11T13:30:00Z,United States,USD,FOMC Member Mester Speaks,HIGH,,,,nasdaq_economic_calendar
2022-11-11-usd-fomc-member-george-speaks-df0cd01b,2022-11-11T14:30:00Z,United States,USD,FOMC Member George Speaks,HIGH,,,,nasdaq_economic_calendar
2022-11-11-usd-fomc-member-williams-speaks-80fb65e6,2022-11-11T19:35:00Z,United States,USD,FOMC Member Williams Speaks,HIGH,,,,nasdaq_economic_calendar
2022-11-12-usd-michigan-consumer-expectations-001d06ee,2022-11-12T11:00:00Z,United States,USD,Michigan Consumer Expectations,HIGH,52.7,56.0,56.2,nasdaq_economic_calendar
2022-11-12-usd-michigan-consumer-sentiment-ed955de0,2022-11-12T11:00:00Z,United States,USD,Michigan Consumer Sentiment,HIGH,54.7,59.5,59.9,nasdaq_economic_calendar
2022-11-15-usd-fomc-member-williams-speaks-1e66dbcc,2022-11-15T19:30:00Z,United States,USD,FOMC Member Williams Speaks,HIGH,,,,nasdaq_economic_calendar
2022-11-15-jpy-gdp-993a16fc,2022-11-15T19:50:00Z,Japan,JPY,GDP,HIGH,-0.3%,0.3%,1.1%,nasdaq_economic_calendar
2022-11-15-jpy-gdp-capital-expenditure-a861b690,2022-11-15T19:50:00Z,Japan,JPY,GDP Capital Expenditure,HIGH,1.5%,2.1%,2.4%,nasdaq_economic_calendar
2022-11-15-jpy-gdp-external-demand-dc687990,2022-11-15T19:50:00Z,Japan,JPY,GDP External Demand,HIGH,-0.7%,-0.2%,0.2%,nasdaq_economic_calendar
2022-11-15-jpy-gdp-price-index-cdfb5899,2022-11-15T19:50:00Z,Japan,JPY,GDP Price Index,HIGH,-0.5%,-0.2%,-0.3%,nasdaq_economic_calendar
2022-11-15-jpy-gdp-private-consumption-30f30e98,2022-11-15T19:50:00Z,Japan,JPY,GDP Private Consumption,HIGH,0.3%,0.2%,1.2%,nasdaq_economic_calendar
2022-11-16-jpy-industrial-production-8a4dc243,2022-11-16T00:30:00Z,Japan,JPY,Industrial Production,HIGH,-1.7%,-1.6%,3.4%,nasdaq_economic_calendar
2022-11-16-usd-core-ppi-0ed61d57,2022-11-16T09:30:00Z,United States,USD,Core PPI,HIGH,0.0%,0.3%,0.2%,nasdaq_economic_calendar
2022-11-16-usd-ppi-aee6bad7,2022-11-16T09:30:00Z,United States,USD,PPI,HIGH,0.2%,0.4%,0.2%,nasdaq_economic_calendar
2022-11-16-usd-ppi-ex-food-energy-transport-71dbebf8,2022-11-16T09:30:00Z,United States,USD,PPI ex. Food/Energy/Transport,HIGH,0.2%,,0.3%,nasdaq_economic_calendar
2022-11-17-usd-core-retail-sales-91621fba,2022-11-17T09:30:00Z,United States,USD,Core Retail Sales,HIGH,1.3%,0.4%,0.1%,nasdaq_economic_calendar
2022-11-17-usd-retail-sales-4e53b63d,2022-11-17T09:30:00Z,United States,USD,Retail Sales,HIGH,1.3%,1.0%,0.0%,nasdaq_economic_calendar
2022-11-17-usd-retail-sales-ex-gas-autos-e18da3b8,2022-11-17T09:30:00Z,United States,USD,Retail Sales Ex Gas/Autos,HIGH,0.9%,0.2%,0.6%,nasdaq_economic_calendar
2022-11-17-usd-industrial-production-efe6b00b,2022-11-17T10:15:00Z,United States,USD,Industrial Production,HIGH,3.28%,,4.96%,nasdaq_economic_calendar
2022-11-17-usd-fomc-member-williams-speaks-dd49cfb7,2022-11-17T10:50:00Z,United States,USD,FOMC Member Williams Speaks,HIGH,,,,nasdaq_economic_calendar
2022-11-17-jpy-adjusted-trade-balance-8ff0d6bd,2022-11-17T19:50:00Z,Japan,JPY,Adjusted Trade Balance,HIGH,-2.30T,-2.23T,-2.04T,nasdaq_economic_calendar
2022-11-17-jpy-trade-balance-587add4d,2022-11-17T19:50:00Z,Japan,JPY,Trade Balance,HIGH,"-2,162.3B","-1,610.0B","-2,094.3B",nasdaq_economic_calendar
2022-11-18-usd-fomc-member-bullard-speaks-75d07d90,2022-11-18T09:00:00Z,United States,USD,FOMC Member Bullard Speaks,HIGH,,,,nasdaq_economic_calendar
2022-11-18-usd-fomc-member-bowman-speaks-f6c233ac,2022-11-18T10:15:00Z,United States,USD,FOMC Member Bowman Speaks,HIGH,,,,nasdaq_economic_calendar
2022-11-18-usd-fomc-member-mester-speaks-07a205b0,2022-11-18T10:40:00Z,United States,USD,FOMC Member Mester Speaks,HIGH,,,,nasdaq_economic_calendar
2022-11-18-jpy-national-cpi-f530a202,2022-11-18T19:30:00Z,Japan,JPY,National CPI,HIGH,3.7%,,3.0%,nasdaq_economic_calendar
2022-11-18-jpy-national-core-cpi-344037c4,2022-11-18T19:30:00Z,Japan,JPY,National Core CPI,HIGH,3.6%,3.5%,3.0%,nasdaq_economic_calendar
2022-11-18-usd-fomc-member-williams-speaks-7164f9af,2022-11-18T20:10:00Z,United States,USD,FOMC Member Williams Speaks,HIGH,,,,nasdaq_economic_calendar
2022-11-20-usd-fomc-member-bostic-speaks-5a5a2711,2022-11-20T14:45:00Z,United States,USD,FOMC Member Bostic Speaks,HIGH,,,,nasdaq_economic_calendar
2022-11-23-jpy-boj-core-cpi-3b25c52e,2022-11-23T01:00:00Z,Japan,JPY,BoJ Core CPI,HIGH,2.7%,2.2%,2.0%,nasdaq_economic_calendar
2022-11-23-usd-fomc-member-mester-speaks-be552a46,2022-11-23T12:00:00Z,United States,USD,FOMC Member Mester Speaks,HIGH,,,,nasdaq_economic_calendar
2022-11-23-usd-fomc-member-george-speaks-30f2e18e,2022-11-23T15:15:00Z,United States,USD,FOMC Member George Speaks,HIGH,,,,nasdaq_economic_calendar
2022-11-23-usd-fomc-member-bullard-speaks-a0431334,2022-11-23T15:45:00Z,United States,USD,FOMC Member Bullard Speaks,HIGH,,,,nasdaq_economic_calendar
2022-11-24-usd-core-durable-goods-orders-421387b7,2022-11-24T09:30:00Z,United States,USD,Core Durable Goods Orders,HIGH,0.5%,0.1%,-0.9%,nasdaq_economic_calendar
2022-11-24-usd-durable-goods-orders-79e301b7,2022-11-24T09:30:00Z,United States,USD,Durable Goods Orders,HIGH,1.0%,0.4%,0.3%,nasdaq_economic_calendar
2022-11-24-usd-michigan-consumer-expectations-3b9cbc6a,2022-11-24T11:00:00Z,United States,USD,Michigan Consumer Expectations,HIGH,55.6,52.7,56.2,nasdaq_economic_calendar
2022-11-24-usd-michigan-consumer-sentiment-d43e9db0,2022-11-24T11:00:00Z,United States,USD,Michigan Consumer Sentiment,HIGH,56.8,55.0,54.7,nasdaq_economic_calendar
2022-11-24-usd-fomc-meeting-minutes-229ffbbb,2022-11-24T15:00:00Z,United States,USD,FOMC Meeting Minutes,HIGH,,,,nasdaq_economic_calendar
2022-11-25-jpy-cpi-tokyo-ex-food-and-energy-18520c81,2022-11-25T19:30:00Z,Japan,JPY,CPI Tokyo Ex Food and Energy,HIGH,0.2%,,0.2%,nasdaq_economic_calendar
2022-11-25-jpy-tokyo-cpi-e65f7502,2022-11-25T19:30:00Z,Japan,JPY,Tokyo CPI,HIGH,3.8%,,3.5%,nasdaq_economic_calendar
2022-11-25-jpy-tokyo-core-cpi-69c98b6f,2022-11-25T19:30:00Z,Japan,JPY,Tokyo Core CPI,HIGH,3.6%,3.5%,3.4%,nasdaq_economic_calendar
2022-11-28-jpy-boj-deputy-governor-amamiya-speaks-b9a5f5a3,2022-11-28T00:10:00Z,Japan,JPY,BOJ Deputy Governor Amamiya Speaks,HIGH,,,,nasdaq_economic_calendar
2022-11-29-usd-fomc-member-bullard-speaks-e9053832,2022-11-29T13:00:00Z,United States,USD,FOMC Member Bullard Speaks,HIGH,,,,nasdaq_economic_calendar
2022-11-29-usd-fomc-member-williams-speaks-afa59aec,2022-11-29T13:00:00Z,United States,USD,FOMC Member Williams Speaks,HIGH,,,,nasdaq_economic_calendar
2022-11-29-jpy-retail-sales-6a7c801b,2022-11-29T19:50:00Z,Japan,JPY,Retail Sales,HIGH,4.3%,5.0%,4.8%,nasdaq_economic_calendar
2022-11-30-usd-cb-consumer-confidence-4c0ac9a7,2022-11-30T11:00:00Z,United States,USD,CB Consumer Confidence,HIGH,100.2,100.0,102.2,nasdaq_economic_calendar
2022-11-30-jpy-industrial-production-2106b85d,2022-11-30T19:50:00Z,Japan,JPY,Industrial Production,HIGH,-2.6%,-1.5%,-1.7%,nasdaq_economic_calendar
2022-11-30-jpy-industrial-production-forecast-1m-ahead-aaf3be3a,2022-11-30T19:50:00Z,Japan,JPY,Industrial Production forecast 1m ahead,HIGH,3.3%,,-0.4%,nasdaq_economic_calendar
2022-11-30-jpy-industrial-production-forecast-2m-ahead-2821b95f,2022-11-30T19:50:00Z,Japan,JPY,Industrial Production forecast 2m ahead,HIGH,2.4%,,0.8%,nasdaq_economic_calendar
2022-12-01-usd-adp-nonfarm-employment-change-82be90b4,2022-12-01T09:15:00Z,United States,USD,ADP Nonfarm Employment Change,HIGH,127K,200K,239K,nasdaq_economic_calendar
2022-12-01-usd-core-pce-prices-d92f9a9c,2022-12-01T09:30:00Z,United States,USD,Core PCE Prices,HIGH,4.60%,4.50%,4.70%,nasdaq_economic_calendar
2022-12-01-usd-gdp-f4f2c033,2022-12-01T09:30:00Z,United States,USD,GDP,HIGH,2.9%,2.7%,2.6%,nasdaq_economic_calendar
2022-12-01-usd-gdp-price-index-8e412255,2022-12-01T09:30:00Z,United States,USD,GDP Price Index,HIGH,4.3%,4.1%,9.0%,nasdaq_economic_calendar
2022-12-01-usd-gdp-sales-cdc261cc,2022-12-01T09:30:00Z,United States,USD,GDP Sales,HIGH,4.0%,3.3%,1.3%,nasdaq_economic_calendar
2022-12-01-usd-pce-prices-51660245,2022-12-01T09:30:00Z,United States,USD,PCE Prices,HIGH,4.3%,4.2%,7.3%,nasdaq_economic_calendar
2022-12-01-usd-jolts-job-openings-b367be0c,2022-12-01T11:00:00Z,United States,USD,JOLTS Job Openings,HIGH,10.334M,10.300M,10.687M,nasdaq_economic_calendar
2022-12-01-jpy-boj-board-member-noguchi-speaks-cbccc017,2022-12-01T21:30:00Z,Japan,JPY,BoJ Board Member Noguchi Speaks,HIGH,,,,nasdaq_economic_calendar
2022-12-02-jpy-boj-governor-kuroda-speaks-7c09c0bf,2022-12-02T02:00:00Z,Japan,JPY,BoJ Governor Kuroda Speaks,HIGH,,,,nasdaq_economic_calendar
2022-12-02-usd-core-pce-price-index-c94515f6,2022-12-02T09:30:00Z,United States,USD,Core PCE Price Index,HIGH,0.2%,0.3%,0.5%,nasdaq_economic_calendar
2022-12-02-usd-pce-price-index-e919e39b,2022-12-02T09:30:00Z,United States,USD,PCE Price index,HIGH,6.0%,6.0%,6.3%,nasdaq_economic_calendar
2022-12-02-usd-pce-price-index-20c4d244,2022-12-02T09:30:00Z,United States,USD,PCE price index,HIGH,0.3%,0.5%,0.3%,nasdaq_economic_calendar
2022-12-02-usd-personal-income-4611b6cc,2022-12-02T09:30:00Z,United States,USD,Personal Income,HIGH,0.7%,0.4%,0.4%,nasdaq_economic_calendar
2022-12-02-usd-real-personal-consumption-8e1dd3f1,2022-12-02T09:30:00Z,United States,USD,Real Personal Consumption,HIGH,0.5%,,0.3%,nasdaq_economic_calendar
2022-12-02-usd-fomc-member-bowman-speaks-0ea78f8a,2022-12-02T10:30:00Z,United States,USD,FOMC Member Bowman Speaks,HIGH,,,,nasdaq_economic_calendar
2022-12-02-usd-ism-manufacturing-employment-efbb4699,2022-12-02T11:00:00Z,United States,USD,ISM Manufacturing Employment,HIGH,48.4,,50.0,nasdaq_economic_calendar
2022-12-02-usd-ism-manufacturing-new-orders-index-c3c1ba5a,2022-12-02T11:00:00Z,United States,USD,ISM Manufacturing New Orders Index,HIGH,47.2,,49.2,nasdaq_economic_calendar
2022-12-02-usd-ism-manufacturing-pmi-33c7e30f,2022-12-02T11:00:00Z,United States,USD,ISM Manufacturing PMI,HIGH,49.0,49.8,50.2,nasdaq_economic_calendar
2022-12-02-usd-ism-manufacturing-prices-b07ae091,2022-12-02T11:00:00Z,United States,USD,ISM Manufacturing Prices,HIGH,43.0,47.5,46.6,nasdaq_economic_calendar
2022-12-02-usd-dallas-fed-pce-7b97b13b,2022-12-02T15:48:00Z,United States,USD,Dallas Fed PCE,HIGH,3.40%,,4.30%,nasdaq_economic_calendar
2022-12-03-usd-unemployment-rate-d342aaf3,2022-12-03T08:30:00Z,United States,USD,Unemployment Rate,HIGH,3.7%,3.7%,3.7%,nasdaq_economic_calendar
2022-12-03-usd-average-hourly-earnings-c9f60a75,2022-12-03T09:30:00Z,United States,USD,Average Hourly Earnings,HIGH,0.6%,0.3%,0.5%,nasdaq_economic_calendar
2022-12-03-usd-average-hourly-earnings-yoy-3953395d,2022-12-03T09:30:00Z,United States,USD,Average Hourly Earnings (YoY),HIGH,5.1%,4.6%,4.9%,nasdaq_economic_calendar
2022-12-03-usd-nonfarm-payrolls-74990bdc,2022-12-03T09:30:00Z,United States,USD,Nonfarm Payrolls,HIGH,263K,200K,284K,nasdaq_economic_calendar
2022-12-03-usd-private-nonfarm-payrolls-24420256,2022-12-03T09:30:00Z,United States,USD,Private Nonfarm Payrolls,HIGH,221K,190K,248K,nasdaq_economic_calendar
2022-12-03-usd-u6-unemployment-rate-b78cc351,2022-12-03T09:30:00Z,United States,USD,U6 Unemployment Rate,HIGH,6.7%,,6.8%,nasdaq_economic_calendar
2022-12-06-usd-ism-non-manufacturing-business-activity-ff9fd674,2022-12-06T11:00:00Z,United States,USD,ISM Non-Manufacturing Business Activity,HIGH,64.7,,55.7,nasdaq_economic_calendar
2022-12-06-usd-ism-non-manufacturing-employment-44487264,2022-12-06T11:00:00Z,United States,USD,ISM Non-Manufacturing Employment,HIGH,51.5,,49.1,nasdaq_economic_calendar
2022-12-06-usd-ism-non-manufacturing-new-orders-d47ec691,2022-12-06T11:00:00Z,United States,USD,ISM Non-Manufacturing New Orders,HIGH,56.0,,56.5,nasdaq_economic_calendar
2022-12-06-usd-ism-non-manufacturing-pmi-dce129da,2022-12-06T11:00:00Z,United States,USD,ISM Non-Manufacturing PMI,HIGH,56.5,53.3,54.4,nasdaq_economic_calendar
2022-12-06-usd-ism-non-manufacturing-prices-be80ec89,2022-12-06T11:00:00Z,United States,USD,ISM Non-Manufacturing Prices,HIGH,70.0,,70.7,nasdaq_economic_calendar
2022-12-07-jpy-reuters-tankan-index-dab68fd7,2022-12-07T19:00:00Z,Japan,JPY,Reuters Tankan Index,HIGH,8,,2,nasdaq_economic_calendar
2022-12-07-jpy-boj-board-member-nakamura-speaks-cedc93a6,2022-12-07T21:30:00Z,Japan,JPY,BoJ Board Member Nakamura Speaks,HIGH,,,,nasdaq_economic_calendar
2022-12-08-usd-nonfarm-productivity-5a082f66,2022-12-08T09:30:00Z,United States,USD,Nonfarm Productivity,HIGH,0.8%,0.6%,0.3%,nasdaq_economic_calendar
2022-12-08-jpy-gdp-755ed202,2022-12-08T19:50:00Z,Japan,JPY,GDP,HIGH,-0.8%,-1.1%,-1.2%,nasdaq_economic_calendar
2022-12-08-jpy-gdp-capital-expenditure-6ab68214,2022-12-08T19:50:00Z,Japan,JPY,GDP Capital Expenditure,HIGH,1.5%,1.5%,2.0%,nasdaq_economic_calendar
2022-12-08-jpy-gdp-external-demand-bb5a4283,2022-12-08T19:50:00Z,Japan,JPY,GDP External Demand,HIGH,-0.6%,,-0.7%,nasdaq_economic_calendar
2022-12-08-jpy-gdp-price-index-0d8566da,2022-12-08T19:50:00Z,Japan,JPY,GDP Price Index,HIGH,-0.3%,-0.5%,-0.3%,nasdaq_economic_calendar
2022-12-08-jpy-gdp-private-consumption-0f60bd31,2022-12-08T19:50:00Z,Japan,JPY,GDP Private Consumption,HIGH,0.1%,,0.3%,nasdaq_economic_calendar
2022-12-10-usd-core-ppi-c305d863,2022-12-10T09:30:00Z,United States,USD,Core PPI,HIGH,6.2%,5.9%,6.8%,nasdaq_economic_calendar
2022-12-10-usd-ppi-8ab9e08f,2022-12-10T09:30:00Z,United States,USD,PPI,HIGH,0.3%,0.2%,0.3%,nasdaq_economic_calendar
2022-12-10-usd-ppi-ex-food-energy-transport-6d612c5f,2022-12-10T09:30:00Z,United States,USD,PPI ex. Food/Energy/Transport,HIGH,4.9%,,5.4%,nasdaq_economic_calendar
2022-12-10-usd-michigan-consumer-expectations-99ea7fdd,2022-12-10T11:00:00Z,United States,USD,Michigan Consumer Expectations,HIGH,58.4,56.0,55.6,nasdaq_economic_calendar
2022-12-10-usd-michigan-consumer-sentiment-de6e6ad4,2022-12-10T11:00:00Z,United States,USD,Michigan Consumer Sentiment,HIGH,59.1,56.9,56.8,nasdaq_economic_calendar
2022-12-14-usd-cpi-0dea21a3,2022-12-14T09:30:00Z,United States,USD,CPI,HIGH,0.1%,0.3%,0.5%,nasdaq_economic_calendar
2022-12-14-usd-cpi-index-n-s-a-ced0e6e0,2022-12-14T09:30:00Z,United States,USD,"CPI Index, n.s.a.",HIGH,297.71,298.05,298.01,nasdaq_economic_calendar
2022-12-14-usd-cpi-index-s-a-fd1a19b2,2022-12-14T09:30:00Z,United States,USD,"CPI Index, s.a",HIGH,298.35,,298.06,nasdaq_economic_calendar
2022-12-14-usd-cpi-n-s-a-c8df8b14,2022-12-14T09:30:00Z,United States,USD,"CPI, n.s.a",HIGH,-0.10%,,0.41%,nasdaq_economic_calendar
2022-12-14-usd-core-cpi-165c943e,2022-12-14T09:30:00Z,United States,USD,Core CPI,HIGH,0.2%,0.3%,0.3%,nasdaq_economic_calendar
2022-12-14-usd-core-cpi-index-b51ab57b,2022-12-14T09:30:00Z,United States,USD,Core CPI Index,HIGH,300.07,,299.47,nasdaq_economic_calendar
2022-12-14-jpy-tankan-all-big-industry-capex-076ab4f3,2022-12-14T19:50:00Z,Japan,JPY,Tankan All Big Industry CAPEX,HIGH,19.2%,20.9%,21.5%,nasdaq_economic_calendar
2022-12-14-jpy-tankan-all-small-industry-capex-7dbde991,2022-12-14T19:50:00Z,Japan,JPY,Tankan All Small Industry CAPEX,HIGH,3.8%,4.3%,1.3%,nasdaq_economic_calendar
2022-12-14-jpy-tankan-big-manufacturing-outlook-index-1613d7a2,2022-12-14T19:50:00Z,Japan,JPY,Tankan Big Manufacturing Outlook Index,HIGH,6,6,9,nasdaq_economic_calendar
2022-12-14-jpy-tankan-large-manufacturers-index-eec2eac3,2022-12-14T19:50:00Z,Japan,JPY,Tankan Large Manufacturers Index,HIGH,7,6,8,nasdaq_economic_calendar
2022-12-14-jpy-tankan-large-non-manufacturers-diffusion-index-ca27f0a3,2022-12-14T19:50:00Z,Japan,JPY,Tankan Large Non-Manufacturers Diffusion Index,HIGH,11,16,11,nasdaq_economic_calendar
2022-12-14-jpy-tankan-large-non-manufacturers-index-263b2ff5,2022-12-14T19:50:00Z,Japan,JPY,Tankan Large Non-Manufacturers Index,HIGH,19,17,14,nasdaq_economic_calendar
2022-12-14-jpy-tankan-small-manufacturers-diffusion-index-ade6b1ee,2022-12-14T19:50:00Z,Japan,JPY,Tankan Small Manufacturers Diffusion Index,HIGH,-5,-7,-5,nasdaq_economic_calendar
2022-12-14-jpy-tankan-small-manufacturing-index-9150b8b9,2022-12-14T19:50:00Z,Japan,JPY,Tankan Small Manufacturing Index,HIGH,-2,-6,-4,nasdaq_economic_calendar
2022-12-14-jpy-tankan-small-non-manufacturers-diffusion-index-1253c35f,2022-12-14T19:50:00Z,Japan,JPY,Tankan Small Non-Manufacturers Diffusion Index,HIGH,-1,2,-3,nasdaq_economic_calendar
2022-12-14-jpy-tankan-small-non-manufacturing-index-74709d89,2022-12-14T19:50:00Z,Japan,JPY,Tankan Small Non-Manufacturing Index,HIGH,6,5,2,nasdaq_economic_calendar
2022-12-15-jpy-industrial-production-825718c1,2022-12-15T00:30:00Z,Japan,JPY,Industrial Production,HIGH,-3.2%,-2.6%,-1.7%,nasdaq_economic_calendar
2022-12-15-usd-cleveland-cpi-ec700cab,2022-12-15T12:00:00Z,United States,USD,Cleveland CPI,HIGH,0.5%,,0.5%,nasdaq_economic_calendar
2022-12-15-usd-fomc-economic-projections-f4cb9f22,2022-12-15T15:00:00Z,United States,USD,FOMC Economic Projections,HIGH,,,,nasdaq_economic_calendar
2022-12-15-usd-fomc-statement-8c1bbcf5,2022-12-15T15:00:00Z,United States,USD,FOMC Statement,HIGH,,,,nasdaq_economic_calendar
2022-12-15-usd-fed-interest-rate-decision-3e0c0488,2022-12-15T15:00:00Z,United States,USD,Fed Interest Rate Decision,HIGH,4.50%,4.50%,4.00%,nasdaq_economic_calendar
2022-12-15-usd-fomc-press-conference-d8ff5c77,2022-12-15T15:30:00Z,United States,USD,FOMC Press Conference,HIGH,,,,nasdaq_economic_calendar
2022-12-15-jpy-adjusted-trade-balance-6a1461ba,2022-12-15T19:50:00Z,Japan,JPY,Adjusted Trade Balance,HIGH,-1.73T,,-2.21T,nasdaq_economic_calendar
2022-12-15-jpy-trade-balance-f88d3595,2022-12-15T19:50:00Z,Japan,JPY,Trade Balance,HIGH,"-2,027.4B","-1,680.3B","-2,166.2B",nasdaq_economic_calendar
2022-12-16-usd-core-retail-sales-c620f472,2022-12-16T09:30:00Z,United States,USD,Core Retail Sales,HIGH,-0.2%,0.2%,1.2%,nasdaq_economic_calendar
2022-12-16-usd-retail-sales-a9db6846,2022-12-16T09:30:00Z,United States,USD,Retail Sales,HIGH,7.60%,,7.51%,nasdaq_economic_calendar
2022-12-16-usd-retail-sales-ex-gas-autos-377d780b,2022-12-16T09:30:00Z,United States,USD,Retail Sales Ex Gas/Autos,HIGH,-0.2%,,0.8%,nasdaq_economic_calendar
2022-12-16-usd-industrial-production-908e012d,2022-12-16T10:15:00Z,United States,USD,Industrial Production,HIGH,-0.2%,0.1%,-0.1%,nasdaq_economic_calendar
2022-12-20-jpy-boj-monetary-policy-statement-a75b505a,2022-12-20T23:00:00Z,Japan,JPY,BoJ Monetary Policy Statement,HIGH,,,,nasdaq_economic_calendar
2022-12-20-jpy-boj-press-conference-5ea39f0a,2022-12-20T23:00:00Z,Japan,JPY,BoJ Press Conference,HIGH,,,,nasdaq_economic_calendar
2022-12-20-jpy-boj-interest-rate-decision-857c4de7,2022-12-20T23:01:00Z,Japan,JPY,BoJ Interest Rate Decision,HIGH,-0.10%,-0.10%,-0.10%,nasdaq_economic_calendar
2022-12-22-usd-cb-consumer-confidence-84e9b325,2022-12-22T11:00:00Z,United States,USD,CB Consumer Confidence,HIGH,108.3,101.0,101.4,nasdaq_economic_calendar
2022-12-23-usd-core-pce-prices-76dc52b6,2022-12-23T09:30:00Z,United States,USD,Core PCE Prices,HIGH,4.70%,4.60%,4.60%,nasdaq_economic_calendar
2022-12-23-usd-gdp-ce99d5cc,2022-12-23T09:30:00Z,United States,USD,GDP,HIGH,3.2%,2.9%,-0.6%,nasdaq_economic_calendar
2022-12-23-usd-gdp-price-index-e285a8c5,2022-12-23T09:30:00Z,United States,USD,GDP Price Index,HIGH,4.4%,4.3%,9.0%,nasdaq_economic_calendar
2022-12-23-usd-gdp-sales-14858b2f,2022-12-23T09:30:00Z,United States,USD,GDP Sales,HIGH,4.5%,,4.0%,nasdaq_economic_calendar
2022-12-23-usd-pce-prices-92882029,2022-12-23T09:30:00Z,United States,USD,PCE Prices,HIGH,4.3%,,4.3%,nasdaq_economic_calendar
2022-12-23-jpy-cpi-n-s-a-83915f61,2022-12-23T19:30:00Z,Japan,JPY,"CPI, n.s.a",HIGH,0.2%,,0.6%,nasdaq_economic_calendar
2022-12-23-jpy-national-cpi-3f7e4a1f,2022-12-23T19:30:00Z,Japan,JPY,National CPI,HIGH,3.8%,,3.7%,nasdaq_economic_calendar
2022-12-23-jpy-national-core-cpi-92a79108,2022-12-23T19:30:00Z,Japan,JPY,National Core CPI,HIGH,3.7%,3.7%,3.6%,nasdaq_economic_calendar
2022-12-23-jpy-monetary-policy-meeting-minutes-8452a01c,2022-12-23T19:50:00Z,Japan,JPY,Monetary Policy Meeting Minutes,HIGH,,,,nasdaq_economic_calendar
2022-12-24-usd-core-durable-goods-orders-52dfddaa,2022-12-24T09:30:00Z,United States,USD,Core Durable Goods Orders,HIGH,0.2%,0.1%,0.1%,nasdaq_economic_calendar
2022-12-24-usd-core-pce-price-index-7ee60d55,2022-12-24T09:30:00Z,United States,USD,Core PCE Price Index,HIGH,0.2%,0.2%,0.3%,nasdaq_economic_calendar
2022-12-24-usd-durable-goods-orders-d91f1437,2022-12-24T09:30:00Z,United States,USD,Durable Goods Orders,HIGH,-2.1%,-0.6%,0.7%,nasdaq_economic_calendar
2022-12-24-usd-pce-price-index-e84f9cab,2022-12-24T09:30:00Z,United States,USD,PCE Price index,HIGH,5.5%,,6.1%,nasdaq_economic_calendar
2022-12-24-usd-pce-price-index-64242c99,2022-12-24T09:30:00Z,United States,USD,PCE price index,HIGH,0.1%,,0.4%,nasdaq_economic_calendar
2022-12-24-usd-personal-income-e0c9bf1e,2022-12-24T09:30:00Z,United States,USD,Personal Income,HIGH,0.4%,0.3%,0.7%,nasdaq_economic_calendar
2022-12-24-usd-real-personal-consumption-0d8d6c18,2022-12-24T09:30:00Z,United States,USD,Real Personal Consumption,HIGH,0.0%,,0.5%,nasdaq_economic_calendar
2022-12-24-usd-michigan-consumer-expectations-d04663d3,2022-12-24T11:00:00Z,United States,USD,Michigan Consumer Expectations,HIGH,59.9,,58.4,nasdaq_economic_calendar
2022-12-24-usd-michigan-consumer-sentiment-36a6b75a,2022-12-24T11:00:00Z,United States,USD,Michigan Consumer Sentiment,HIGH,59.7,59.1,59.1,nasdaq_economic_calendar
2022-12-24-usd-dallas-fed-pce-fe77a6bc,2022-12-24T13:24:00Z,United States,USD,Dallas Fed PCE,HIGH,3.40%,,3.90%,nasdaq_economic_calendar
2022-12-27-jpy-boj-governor-kuroda-speaks-c5970afc,2022-12-27T00:30:00Z,Japan,JPY,BoJ Governor Kuroda Speaks,HIGH,,,,nasdaq_economic_calendar
2022-12-27-jpy-retail-sales-c95115ae,2022-12-27T19:50:00Z,Japan,JPY,Retail Sales,HIGH,2.6%,3.7%,4.4%,nasdaq_economic_calendar
2022-12-28-jpy-boj-core-cpi-557d80b3,2022-12-28T01:00:00Z,Japan,JPY,BoJ Core CPI,HIGH,2.9%,2.8%,2.7%,nasdaq_economic_calendar
2022-12-28-jpy-boj-summary-of-opinions-5b997dee,2022-12-28T19:50:00Z,Japan,JPY,BoJ Summary of Opinions,HIGH,,,,nasdaq_economic_calendar
2022-12-28-jpy-industrial-production-5afed706,2022-12-28T19:50:00Z,Japan,JPY,Industrial Production,HIGH,-0.1%,-0.3%,-3.2%,nasdaq_economic_calendar
2022-12-28-jpy-industrial-production-forecast-1m-ahead-4a1ae03e,2022-12-28T19:50:00Z,Japan,JPY,Industrial Production forecast 1m ahead,HIGH,2.8%,,3.3%,nasdaq_economic_calendar
2022-12-28-jpy-industrial-production-forecast-2m-ahead-ba3d3903,2022-12-28T19:50:00Z,Japan,JPY,Industrial Production forecast 2m ahead,HIGH,-0.6%,,2.4%,nasdaq_economic_calendar
2023-01-05-usd-ism-manufacturing-employment-f6ae284b,2023-01-05T11:00:00Z,United States,USD,ISM Manufacturing Employment,HIGH,51.4,48.3,48.4,nasdaq_economic_calendar
2023-01-05-usd-ism-manufacturing-new-orders-index-b86857c6,2023-01-05T11:00:00Z,United States,USD,ISM Manufacturing New Orders Index,HIGH,45.2,,47.2,nasdaq_economic_calendar
2023-01-05-usd-ism-manufacturing-pmi-bb06ddf6,2023-01-05T11:00:00Z,United States,USD,ISM Manufacturing PMI,HIGH,48.4,48.5,49.0,nasdaq_economic_calendar
2023-01-05-usd-ism-manufacturing-prices-493bd4f9,2023-01-05T11:00:00Z,United States,USD,ISM Manufacturing Prices,HIGH,39.4,42.6,43.0,nasdaq_economic_calendar
2023-01-05-usd-jolts-job-openings-36450057,2023-01-05T11:00:00Z,United States,USD,JOLTS Job Openings,HIGH,10.458M,10.000M,10.512M,nasdaq_economic_calendar
2023-01-05-usd-fomc-meeting-minutes-afe9a37e,2023-01-05T15:00:00Z,United States,USD,FOMC Meeting Minutes,HIGH,,,,nasdaq_economic_calendar
2023-01-06-usd-adp-nonfarm-employment-change-562534ec,2023-01-06T09:15:00Z,United States,USD,ADP Nonfarm Employment Change,HIGH,235K,150K,182K,nasdaq_economic_calendar
2023-01-06-usd-fomc-member-bostic-speaks-4d81c079,2023-01-06T10:20:00Z,United States,USD,FOMC Member Bostic Speaks,HIGH,,,,nasdaq_economic_calendar
2023-01-06-usd-fomc-member-bullard-speaks-508f9922,2023-01-06T14:20:00Z,United States,USD,FOMC Member Bullard Speaks,HIGH,,,,nasdaq_economic_calendar
2023-01-07-usd-average-hourly-earnings-903628a4,2023-01-07T09:30:00Z,United States,USD,Average Hourly Earnings,HIGH,0.3%,0.4%,0.4%,nasdaq_economic_calendar
2023-01-07-usd-average-hourly-earnings-yoy-5ecb66ed,2023-01-07T09:30:00Z,United States,USD,Average Hourly Earnings (YoY),HIGH,4.6%,5.0%,4.8%,nasdaq_economic_calendar
2023-01-07-usd-nonfarm-payrolls-15153141,2023-01-07T09:30:00Z,United States,USD,Nonfarm Payrolls,HIGH,223K,200K,256K,nasdaq_economic_calendar
2023-01-07-usd-private-nonfarm-payrolls-067a95e7,2023-01-07T09:30:00Z,United States,USD,Private Nonfarm Payrolls,HIGH,220K,180K,202K,nasdaq_economic_calendar
2023-01-07-usd-u6-unemployment-rate-ad46e359,2023-01-07T09:30:00Z,United States,USD,U6 Unemployment Rate,HIGH,6.5%,,6.7%,nasdaq_economic_calendar
2023-01-07-usd-unemployment-rate-2d269730,2023-01-07T09:30:00Z,United States,USD,Unemployment Rate,HIGH,3.5%,3.7%,3.6%,nasdaq_economic_calendar
2023-01-07-usd-ism-non-manufacturing-business-activity-ac362f2d,2023-01-07T11:00:00Z,United States,USD,ISM Non-Manufacturing Business Activity,HIGH,54.7,59.5,64.7,nasdaq_economic_calendar
2023-01-07-usd-ism-non-manufacturing-employment-f3d32864,2023-01-07T11:00:00Z,United States,USD,ISM Non-Manufacturing Employment,HIGH,49.8,,51.5,nasdaq_economic_calendar
2023-01-07-usd-ism-non-manufacturing-new-orders-841cc868,2023-01-07T11:00:00Z,United States,USD,ISM Non-Manufacturing New Orders,HIGH,45.2,,56.0,nasdaq_economic_calendar
2023-01-07-usd-ism-non-manufacturing-pmi-2cca01d2,2023-01-07T11:00:00Z,United States,USD,ISM Non-Manufacturing PMI,HIGH,49.6,55.0,56.5,nasdaq_economic_calendar
2023-01-07-usd-ism-non-manufacturing-prices-d031de28,2023-01-07T11:00:00Z,United States,USD,ISM Non-Manufacturing Prices,HIGH,67.6,,70.0,nasdaq_economic_calendar
2023-01-07-usd-fomc-member-bostic-speaks-72fde082,2023-01-07T12:15:00Z,United States,USD,FOMC Member Bostic Speaks,HIGH,,,,nasdaq_economic_calendar
2023-01-07-usd-fomc-member-barkin-speaks-4ca5b46c,2023-01-07T13:15:00Z,United States,USD,FOMC Member Barkin Speaks,HIGH,,,,nasdaq_economic_calendar
2023-01-07-usd-fomc-member-bostic-speaks-3a0e7147,2023-01-07T16:30:00Z,United States,USD,FOMC Member Bostic Speaks,HIGH,,,,nasdaq_economic_calendar
2023-01-10-jpy-cpi-tokyo-ex-food-and-energy-54ecf43a,2023-01-10T19:30:00Z,Japan,JPY,CPI Tokyo Ex Food and Energy,HIGH,0.2%,,-0.1%,nasdaq_economic_calendar
2023-01-10-jpy-tokyo-cpi-0d4bd2a5,2023-01-10T19:30:00Z,Japan,JPY,Tokyo CPI,HIGH,4.0%,,3.7%,nasdaq_economic_calendar
2023-01-10-jpy-tokyo-core-cpi-488ed1f9,2023-01-10T19:30:00Z,Japan,JPY,Tokyo Core CPI,HIGH,4.0%,3.8%,3.6%,nasdaq_economic_calendar
2023-01-11-jpy-boj-governor-kuroda-speaks-32b4d509,2023-01-11T06:10:00Z,Japan,JPY,BoJ Governor Kuroda Speaks,HIGH,,,,nasdaq_economic_calendar
2023-01-13-usd-fomc-member-harker-speaks-771b4bcf,2023-01-13T08:30:00Z,United States,USD,FOMC Member Harker Speaks,HIGH,,,,nasdaq_economic_calendar
2023-01-13-usd-cpi-c2f7f1eb,2023-01-13T09:30:00Z,United States,USD,CPI,HIGH,-0.1%,0.0%,0.2%,nasdaq_economic_calendar
2023-01-13-usd-cpi-index-n-s-a-d8382948,2023-01-13T09:30:00Z,United States,USD,"CPI Index, n.s.a.",HIGH,296.80,296.70,297.71,nasdaq_economic_calendar
2023-01-13-usd-cpi-index-s-a-755e8fb3,2023-01-13T09:30:00Z,United States,USD,"CPI Index, s.a",HIGH,298.11,,298.35,nasdaq_economic_calendar
2023-01-13-usd-cpi-n-s-a-112b66ff,2023-01-13T09:30:00Z,United States,USD,"CPI, n.s.a",HIGH,-0.31%,,-0.10%,nasdaq_economic_calendar
2023-01-13-usd-core-cpi-80a5ae10,2023-01-13T09:30:00Z,United States,USD,Core CPI,HIGH,0.3%,0.3%,0.3%,nasdaq_economic_calendar
2023-01-13-usd-core-cpi-index-15a3ce4c,2023-01-13T09:30:00Z,United States,USD,Core CPI Index,HIGH,300.97,,300.07,nasdaq_economic_calendar
2023-01-13-usd-cleveland-cpi-c200db74,2023-01-13T12:00:00Z,United States,USD,Cleveland CPI,HIGH,0.4%,,0.5%,nasdaq_economic_calendar
2023-01-14-usd-fomc-member-harker-speaks-fa3f4f59,2023-01-14T08:30:00Z,United States,USD,FOMC Member Harker Speaks,HIGH,,,,nasdaq_economic_calendar
2023-01-14-usd-michigan-consumer-expectations-a6939126,2023-01-14T11:00:00Z,United States,USD,Michigan Consumer Expectations,HIGH,62.0,59.5,59.9,nasdaq_economic_calendar
2023-01-14-usd-michigan-consumer-sentiment-2f03a8ee,2023-01-14T11:00:00Z,United States,USD,Michigan Consumer Sentiment,HIGH,64.6,60.5,59.7,nasdaq_economic_calendar
2023-01-18-usd-fomc-member-williams-speaks-3fea0a34,2023-01-18T16:00:00Z,United States,USD,FOMC Member Williams Speaks,HIGH,,,,nasdaq_economic_calendar
2023-01-18-jpy-reuters-tankan-index-71ceebc6,2023-01-18T19:00:00Z,Japan,JPY,Reuters Tankan Index,HIGH,-6,,8,nasdaq_economic_calendar
2023-01-18-jpy-boj-interest-rate-decision-578a462b,2023-01-18T22:40:00Z,Japan,JPY,BoJ Interest Rate Decision,HIGH,-0.10%,-0.10%,-0.10%,nasdaq_economic_calendar
2023-01-18-jpy-boj-monetary-policy-statement-702fa339,2023-01-18T23:00:00Z,Japan,JPY,BoJ Monetary Policy Statement,HIGH,,,,nasdaq_economic_calendar
2023-01-18-jpy-boj-outlook-report-f7b52799,2023-01-18T23:00:00Z,Japan,JPY,BoJ Outlook Report,HIGH,,,,nasdaq_economic_calendar
2023-01-19-jpy-industrial-production-b59ef73e,2023-01-19T00:30:00Z,Japan,JPY,Industrial Production,HIGH,0.2%,-0.1%,-0.1%,nasdaq_economic_calendar
2023-01-19-jpy-boj-press-conference-820778b5,2023-01-19T01:00:00Z,Japan,JPY,BoJ Press Conference,HIGH,,,,nasdaq_economic_calendar
2023-01-19-usd-core-ppi-2cc17634,2023-01-19T09:30:00Z,United States,USD,Core PPI,HIGH,0.1%,0.1%,0.2%,nasdaq_economic_calendar
2023-01-19-usd-core-retail-sales-d6aec844,2023-01-19T09:30:00Z,United States,USD,Core Retail Sales,HIGH,-1.1%,-0.4%,-0.6%,nasdaq_economic_calendar
2023-01-19-usd-ppi-7347f0f6,2023-01-19T09:30:00Z,United States,USD,PPI,HIGH,6.2%,6.8%,7.3%,nasdaq_economic_calendar
2023-01-19-usd-ppi-ex-food-energy-transport-dfdbfeb9,2023-01-19T09:30:00Z,United States,USD,PPI ex. Food/Energy/Transport,HIGH,4.6%,,4.9%,nasdaq_economic_calendar
2023-01-19-usd-retail-sales-5c2369f7,2023-01-19T09:30:00Z,United States,USD,Retail Sales,HIGH,-1.1%,-0.8%,-1.0%,nasdaq_economic_calendar
2023-01-19-usd-retail-sales-ex-gas-autos-e1a0dc92,2023-01-19T09:30:00Z,United States,USD,Retail Sales Ex Gas/Autos,HIGH,-0.7%,,-0.5%,nasdaq_economic_calendar
2023-01-19-usd-fomc-member-bostic-speaks-fade7778,2023-01-19T10:00:00Z,United States,USD,FOMC Member Bostic Speaks,HIGH,,,,nasdaq_economic_calendar
2023-01-19-usd-industrial-production-8256f971,2023-01-19T10:15:00Z,United States,USD,Industrial Production,HIGH,-0.7%,-0.1%,-0.6%,nasdaq_economic_calendar
2023-01-19-usd-fomc-member-bullard-speaks-7d226478,2023-01-19T10:30:00Z,United States,USD,FOMC Member Bullard Speaks,HIGH,,,,nasdaq_economic_calendar
2023-01-19-usd-fomc-member-george-speaks-bd08451e,2023-01-19T14:00:00Z,United States,USD,FOMC Member George Speaks,HIGH,,,,nasdaq_economic_calendar
2023-01-19-usd-fomc-member-harker-speaks-3a7a84d4,2023-01-19T15:00:00Z,United States,USD,FOMC Member Harker Speaks,HIGH,,,,nasdaq_economic_calendar
2023-01-19-jpy-adjusted-trade-balance-a1fe0db8,2023-01-19T19:50:00Z,Japan,JPY,Adjusted Trade Balance,HIGH,-1.72T,,-1.78T,nasdaq_economic_calendar
2023-01-19-jpy-trade-balance-cd065698,2023-01-19T19:50:00Z,Japan,JPY,Trade Balance,HIGH,"-1,448.5B","-1,652.8B","-2,027.4B",nasdaq_economic_calendar
2023-01-20-jpy-cpi-n-s-a-a9678e9c,2023-01-20T19:30:00Z,Japan,JPY,"CPI, n.s.a",HIGH,0.2%,,0.2%,nasdaq_economic_calendar
2023-01-20-jpy-national-cpi-78b3166c,2023-01-20T19:30:00Z,Japan,JPY,National CPI,HIGH,4.0%,,3.8%,nasdaq_economic_calendar
2023-01-20-jpy-national-core-cpi-3e2ea672,2023-01-20T19:30:00Z,Japan,JPY,National Core CPI,HIGH,4.0%,4.0%,3.7%,nasdaq_economic_calendar
2023-01-20-usd-fomc-member-williams-speaks-536c2ace,2023-01-20T19:35:00Z,United States,USD,FOMC Member Williams Speaks,HIGH,,,,nasdaq_economic_calendar
2023-01-21-usd-fomc-member-harker-speaks-250aaf98,2023-01-21T10:00:00Z,United States,USD,FOMC Member Harker Speaks,HIGH,,,,nasdaq_economic_calendar
2023-01-23-jpy-monetary-policy-meeting-minutes-e45ab4b1,2023-01-23T19:50:00Z,Japan,JPY,Monetary Policy Meeting Minutes,HIGH,,,,nasdaq_economic_calendar
2023-01-25-jpy-boj-core-cpi-ff40de51,2023-01-25T01:00:00Z,Japan,JPY,BoJ Core CPI,HIGH,3.1%,2.9%,2.9%,nasdaq_economic_calendar
2023-01-26-jpy-boj-summary-of-opinions-9a60eadf,2023-01-26T19:50:00Z,Japan,JPY,BoJ Summary of Opinions,HIGH,,,,nasdaq_economic_calendar
2023-01-27-usd-core-durable-goods-orders-cec70265,2023-01-27T09:30:00Z,United States,USD,Core Durable Goods Orders,HIGH,-0.1%,-0.2%,0.1%,nasdaq_economic_calendar
2023-01-27-usd-core-pce-prices-5757075d,2023-01-27T09:30:00Z,United States,USD,Core PCE Prices,HIGH,3.90%,4.00%,4.70%,nasdaq_economic_calendar
2023-01-27-usd-durable-goods-orders-3ef1dd18,2023-01-27T09:30:00Z,United States,USD,Durable Goods Orders,HIGH,5.6%,2.5%,-1.7%,nasdaq_economic_calendar
2023-01-27-usd-gdp-35e4d79b,2023-01-27T09:30:00Z,United States,USD,GDP,HIGH,2.9%,2.6%,3.2%,nasdaq_economic_calendar
2023-01-27-usd-gdp-price-index-285a42f8,2023-01-27T09:30:00Z,United States,USD,GDP Price Index,HIGH,3.5%,3.3%,4.4%,nasdaq_economic_calendar
2023-01-27-usd-gdp-sales-ff11a0fa,2023-01-27T09:30:00Z,United States,USD,GDP Sales,HIGH,1.4%,,4.5%,nasdaq_economic_calendar
2023-01-27-usd-pce-prices-4b896f3c,2023-01-27T09:30:00Z,United States,USD,PCE Prices,HIGH,3.2%,,4.3%,nasdaq_economic_calendar
2023-01-27-jpy-cpi-tokyo-ex-food-and-energy-69676315,2023-01-27T19:30:00Z,Japan,JPY,CPI Tokyo Ex Food and Energy,HIGH,0.1%,,0.1%,nasdaq_economic_calendar
2023-01-27-jpy-tokyo-cpi-8c4e2940,2023-01-27T19:30:00Z,Japan,JPY,Tokyo CPI,HIGH,4.4%,,4.0%,nasdaq_economic_calendar
2023-01-27-jpy-tokyo-core-cpi-38e7999d,2023-01-27T19:30:00Z,Japan,JPY,Tokyo Core CPI,HIGH,4.3%,4.2%,4.0%,nasdaq_economic_calendar
2023-01-28-usd-core-pce-price-index-ae69b804,2023-01-28T09:30:00Z,United States,USD,Core PCE Price Index,HIGH,0.3%,0.3%,0.2%,nasdaq_economic_calendar
2023-01-28-usd-pce-price-index-4a6e8b5e,2023-01-28T09:30:00Z,United States,USD,PCE Price index,HIGH,5.0%,5.5%,5.5%,nasdaq_economic_calendar
2023-01-28-usd-pce-price-index-fc84970c,2023-01-28T09:30:00Z,United States,USD,PCE price index,HIGH,0.1%,0.2%,0.1%,nasdaq_economic_calendar
2023-01-28-usd-personal-income-005be8ee,2023-01-28T09:30:00Z,United States,USD,Personal Income,HIGH,0.2%,0.2%,0.3%,nasdaq_economic_calendar
2023-01-28-usd-real-personal-consumption-4d6314a8,2023-01-28T09:30:00Z,United States,USD,Real Personal Consumption,HIGH,-0.3%,,-0.2%,nasdaq_economic_calendar
2023-01-28-usd-michigan-consumer-expectations-8d740259,2023-01-28T11:00:00Z,United States,USD,Michigan Consumer Expectations,HIGH,62.7,62.0,59.9,nasdaq_economic_calendar
2023-01-28-usd-michigan-consumer-sentiment-c7c44bba,2023-01-28T11:00:00Z,United States,USD,Michigan Consumer Sentiment,HIGH,64.9,64.6,59.7,nasdaq_economic_calendar
2023-01-28-usd-dallas-fed-pce-ad29f1f6,2023-01-28T14:14:00Z,United States,USD,Dallas Fed PCE,HIGH,2.30%,,3.00%,nasdaq_economic_calendar
2023-01-31-jpy-industrial-production-fd8c61c1,2023-01-31T19:50:00Z,Japan,JPY,Industrial Production,HIGH,-0.1%,-1.2%,0.2%,nasdaq_economic_calendar
2023-01-31-jpy-industrial-production-forecast-1m-ahead-2096b494,2023-01-31T19:50:00Z,Japan,JPY,Industrial Production forecast 1m ahead,HIGH,0.0%,,2.8%,nasdaq_economic_calendar
2023-01-31-jpy-industrial-production-forecast-2m-ahead-b88a1e60,2023-01-31T19:50:00Z,Japan,JPY,Industrial Production forecast 2m ahead,HIGH,4.1%,,-0.6%,nasdaq_economic_calendar
2023-01-31-jpy-retail-sales-2db7ac80,2023-01-31T19:50:00Z,Japan,JPY,Retail Sales,HIGH,3.8%,3.0%,2.5%,nasdaq_economic_calendar
2023-02-01-usd-employment-cost-index-6eca2cd4,2023-02-01T09:30:00Z,United States,USD,Employment Cost Index,HIGH,1.0%,1.1%,1.2%,nasdaq_economic_calendar
2023-02-01-usd-cb-consumer-confidence-7d3ed929,2023-02-01T11:00:00Z,United States,USD,CB Consumer Confidence,HIGH,107.1,109.0,109.0,nasdaq_economic_calendar
2023-02-02-usd-adp-nonfarm-employment-change-fc2377c6,2023-02-02T09:15:00Z,United States,USD,ADP Nonfarm Employment Change,HIGH,106K,178K,253K,nasdaq_economic_calendar
2023-02-02-usd-ism-manufacturing-employment-70f586a5,2023-02-02T11:00:00Z,United States,USD,ISM Manufacturing Employment,HIGH,50.6,49.0,50.8,nasdaq_economic_calendar
2023-02-02-usd-ism-manufacturing-new-orders-index-38242d21,2023-02-02T11:00:00Z,United States,USD,ISM Manufacturing New Orders Index,HIGH,42.5,,45.1,nasdaq_economic_calendar
2023-02-02-usd-ism-manufacturing-pmi-997b4441,2023-02-02T11:00:00Z,United States,USD,ISM Manufacturing PMI,HIGH,47.4,48.0,48.4,nasdaq_economic_calendar
2023-02-02-usd-ism-manufacturing-prices-e320f725,2023-02-02T11:00:00Z,United States,USD,ISM Manufacturing Prices,HIGH,44.5,39.5,39.4,nasdaq_economic_calendar
2023-02-02-usd-jolts-job-openings-8e4a9ff1,2023-02-02T11:00:00Z,United States,USD,JOLTS Job Openings,HIGH,11.012M,10.250M,10.440M,nasdaq_economic_calendar
2023-02-02-usd-fomc-statement-6b0ff006,2023-02-02T15:00:00Z,United States,USD,FOMC Statement,HIGH,,,,nasdaq_economic_calendar
2023-02-02-usd-fed-interest-rate-decision-7476a280,2023-02-02T15:00:00Z,United States,USD,Fed Interest Rate Decision,HIGH,4.75%,4.75%,4.50%,nasdaq_economic_calendar
2023-02-02-usd-fomc-press-conference-5a57404d,2023-02-02T15:30:00Z,United States,USD,FOMC Press Conference,HIGH,,,,nasdaq_economic_calendar
2023-02-03-usd-nonfarm-productivity-5e0bc477,2023-02-03T09:30:00Z,United States,USD,Nonfarm Productivity,HIGH,3.0%,2.4%,1.4%,nasdaq_economic_calendar
2023-02-04-usd-average-hourly-earnings-3423eadf,2023-02-04T09:30:00Z,United States,USD,Average Hourly Earnings,HIGH,0.3%,0.3%,0.4%,nasdaq_economic_calendar
2023-02-04-usd-average-hourly-earnings-yoy-ee03b661,2023-02-04T09:30:00Z,United States,USD,Average Hourly Earnings (YoY),HIGH,4.4%,4.3%,4.8%,nasdaq_economic_calendar
2023-02-04-usd-nonfarm-payrolls-818ffc2d,2023-02-04T09:30:00Z,United States,USD,Nonfarm Payrolls,HIGH,517K,185K,260K,nasdaq_economic_calendar
2023-02-04-usd-private-nonfarm-payrolls-4ad32222,2023-02-04T09:30:00Z,United States,USD,Private Nonfarm Payrolls,HIGH,443K,190K,269K,nasdaq_economic_calendar
2023-02-04-usd-u6-unemployment-rate-1b4ee316,2023-02-04T09:30:00Z,United States,USD,U6 Unemployment Rate,HIGH,6.6%,,6.5%,nasdaq_economic_calendar
2023-02-04-usd-unemployment-rate-e4b87967,2023-02-04T09:30:00Z,United States,USD,Unemployment Rate,HIGH,3.4%,3.6%,3.5%,nasdaq_economic_calendar
2023-02-04-usd-ism-non-manufacturing-business-activity-34d52f66,2023-02-04T11:00:00Z,United States,USD,ISM Non-Manufacturing Business Activity,HIGH,60.4,54.5,53.5,nasdaq_economic_calendar
2023-02-04-usd-ism-non-manufacturing-employment-7c437118,2023-02-04T11:00:00Z,United States,USD,ISM Non-Manufacturing Employment,HIGH,50.0,,49.4,nasdaq_economic_calendar
2023-02-04-usd-ism-non-manufacturing-new-orders-50c983ec,2023-02-04T11:00:00Z,United States,USD,ISM Non-Manufacturing New Orders,HIGH,60.4,,45.2,nasdaq_economic_calendar
2023-02-04-usd-ism-non-manufacturing-pmi-3fa9412a,2023-02-04T11:00:00Z,United States,USD,ISM Non-Manufacturing PMI,HIGH,55.2,50.4,49.2,nasdaq_economic_calendar
2023-02-04-usd-ism-non-manufacturing-prices-185e1473,2023-02-04T11:00:00Z,United States,USD,ISM Non-Manufacturing Prices,HIGH,67.8,,68.1,nasdaq_economic_calendar
2023-02-09-usd-fomc-member-williams-speaks-6cb844b9,2023-02-09T10:15:00Z,United States,USD,FOMC Member Williams Speaks,HIGH,,,,nasdaq_economic_calendar
2023-02-11-usd-michigan-consumer-expectations-b159459f,2023-02-11T11:00:00Z,United States,USD,Michigan Consumer Expectations,HIGH,62.3,62.9,62.7,nasdaq_economic_calendar
2023-02-11-usd-michigan-consumer-sentiment-f2deb3ce,2023-02-11T11:00:00Z,United States,USD,Michigan Consumer Sentiment,HIGH,66.4,65.0,64.9,nasdaq_economic_calendar
2023-02-11-usd-fomc-member-harker-speaks-b5a13681,2023-02-11T17:00:00Z,United States,USD,FOMC Member Harker Speaks,HIGH,,,,nasdaq_economic_calendar
2023-02-14-usd-fomc-member-bowman-speaks-deeb8f84,2023-02-14T09:00:00Z,United States,USD,FOMC Member Bowman Speaks,HIGH,,,,nasdaq_economic_calendar
2023-02-14-jpy-gdp-b9c5be37,2023-02-14T19:50:00Z,Japan,JPY,GDP,HIGH,0.2%,0.5%,-0.3%,nasdaq_economic_calendar
2023-02-14-jpy-gdp-capital-expenditure-34867977,2023-02-14T19:50:00Z,Japan,JPY,GDP Capital Expenditure,HIGH,-0.5%,-0.2%,1.5%,nasdaq_economic_calendar
2023-02-14-jpy-gdp-external-demand-39bd151a,2023-02-14T19:50:00Z,Japan,JPY,GDP External Demand,HIGH,0.3%,0.4%,-0.6%,nasdaq_economic_calendar
2023-02-14-jpy-gdp-price-index-5a3248ae,2023-02-14T19:50:00Z,Japan,JPY,GDP Price Index,HIGH,1.1%,-0.3%,-0.3%,nasdaq_economic_calendar
2023-02-14-jpy-gdp-private-consumption-8a2f60d8,2023-02-14T19:50:00Z,Japan,JPY,GDP Private Consumption,HIGH,0.5%,0.5%,0.1%,nasdaq_economic_calendar
2023-02-15-jpy-industrial-production-7ba062b8,2023-02-15T00:30:00Z,Japan,JPY,Industrial Production,HIGH,0.3%,-0.1%,-0.1%,nasdaq_economic_calendar
2023-02-15-usd-cpi-b1bd0591,2023-02-15T09:30:00Z,United States,USD,CPI,HIGH,0.5%,0.5%,0.1%,nasdaq_economic_calendar
2023-02-15-usd-cpi-index-n-s-a-d87cbd06,2023-02-15T09:30:00Z,United States,USD,"CPI Index, n.s.a.",HIGH,299.17,298.66,296.80,nasdaq_economic_calendar
2023-02-15-usd-cpi-index-s-a-bd59d855,2023-02-15T09:30:00Z,United States,USD,"CPI Index, s.a",HIGH,300.54,,298.99,nasdaq_economic_calendar
2023-02-15-usd-cpi-n-s-a-87904c1f,2023-02-15T09:30:00Z,United States,USD,"CPI, n.s.a",HIGH,0.80%,,-0.31%,nasdaq_economic_calendar
2023-02-15-usd-core-cpi-97810b35,2023-02-15T09:30:00Z,United States,USD,Core CPI,HIGH,0.4%,0.4%,0.4%,nasdaq_economic_calendar
2023-02-15-usd-core-cpi-index-f412b7ad,2023-02-15T09:30:00Z,United States,USD,Core CPI Index,HIGH,302.70,,301.46,nasdaq_economic_calendar
2023-02-15-usd-cleveland-cpi-fbf238f9,2023-02-15T12:00:00Z,United States,USD,Cleveland CPI,HIGH,0.7%,,0.6%,nasdaq_economic_calendar
2023-02-15-usd-fomc-member-harker-speaks-16158f31,2023-02-15T12:30:00Z,United States,USD,FOMC Member Harker Speaks,HIGH,,,,nasdaq_economic_calendar
2023-02-15-usd-fomc-member-williams-speaks-4f345bad,2023-02-15T15:05:00Z,United States,USD,FOMC Member Williams Speaks,HIGH,,,,nasdaq_economic_calendar
2023-02-16-usd-core-retail-sales-3b483ff8,2023-02-16T09:30:00Z,United States,USD,Core Retail Sales,HIGH,2.3%,0.8%,-0.9%,nasdaq_economic_calendar
2023-02-16-usd-retail-sales-ac458f01,2023-02-16T09:30:00Z,United States,USD,Retail Sales,HIGH,3.0%,1.8%,-1.1%,nasdaq_economic_calendar
2023-02-16-usd-retail-sales-ex-gas-autos-0b4c30ae,2023-02-16T09:30:00Z,United States,USD,Retail Sales Ex Gas/Autos,HIGH,2.6%,,-0.4%,nasdaq_economic_calendar
2023-02-16-usd-industrial-production-914fdee3,2023-02-16T10:15:00Z,United States,USD,Industrial Production,HIGH,0.0%,0.5%,-1.0%,nasdaq_economic_calendar
2023-02-16-jpy-adjusted-trade-balance-904ba1e5,2023-02-16T19:50:00Z,Japan,JPY,Adjusted Trade Balance,HIGH,-1.82T,-2.35T,-1.82T,nasdaq_economic_calendar
2023-02-16-jpy-trade-balance-0c079252,2023-02-16T19:50:00Z,Japan,JPY,Trade Balance,HIGH,"-3,496.6B","-3,871.5B","-1,451.8B",nasdaq_economic_calendar
2023-02-17-usd-core-ppi-0ae86177,2023-02-17T09:30:00Z,United States,USD,Core PPI,HIGH,5.4%,4.9%,5.8%,nasdaq_economic_calendar
2023-02-17-usd-ppi-8ae98ed9,2023-02-17T09:30:00Z,United States,USD,PPI,HIGH,0.7%,0.4%,-0.2%,nasdaq_economic_calendar
2023-02-17-usd-ppi-ex-food-energy-transport-5a4199d5,2023-02-17T09:30:00Z,United States,USD,PPI ex. Food/Energy/Transport,HIGH,4.5%,,4.7%,nasdaq_economic_calendar
2023-02-17-usd-fomc-member-mester-speaks-462224a1,2023-02-17T09:45:00Z,United States,USD,FOMC Member Mester Speaks,HIGH,,,,nasdaq_economic_calendar
2023-02-17-usd-fomc-member-bullard-speaks-a9c44285,2023-02-17T14:30:00Z,United States,USD,FOMC Member Bullard Speaks,HIGH,,,,nasdaq_economic_calendar
2023-02-17-usd-fomc-member-mester-speaks-eb849f0e,2023-02-17T19:00:00Z,United States,USD,FOMC Member Mester Speaks,HIGH,,,,nasdaq_economic_calendar
2023-02-18-usd-fomc-member-barkin-speaks-a4587d5d,2023-02-18T09:30:00Z,United States,USD,FOMC Member Barkin Speaks,HIGH,,,,nasdaq_economic_calendar
2023-02-18-usd-fomc-member-bowman-speaks-748edc9f,2023-02-18T09:45:00Z,United States,USD,FOMC Member Bowman Speaks,HIGH,,,,nasdaq_economic_calendar
2023-02-22-jpy-reuters-tankan-index-28172e29,2023-02-22T19:00:00Z,Japan,JPY,Reuters Tankan Index,HIGH,-5,,-6,nasdaq_economic_calendar
2023-02-22-jpy-boj-tamura-speaks-bb10e4c2,2023-02-22T21:30:00Z,Japan,JPY,BoJ Tamura Speaks,HIGH,,,,nasdaq_economic_calendar
2023-02-23-usd-fomc-meeting-minutes-ab514b43,2023-02-23T15:00:00Z,United States,USD,FOMC Meeting Minutes,HIGH,,,,nasdaq_economic_calendar
2023-02-23-usd-fomc-member-williams-speaks-a27550d0,2023-02-23T19:30:00Z,United States,USD,FOMC Member Williams Speaks,HIGH,,,,nasdaq_economic_calendar
2023-02-24-usd-core-pce-prices-c75cada0,2023-02-24T09:30:00Z,United States,USD,Core PCE Prices,HIGH,4.30%,3.90%,4.70%,nasdaq_economic_calendar
2023-02-24-usd-gdp-b4b9ebf7,2023-02-24T09:30:00Z,United States,USD,GDP,HIGH,2.7%,2.9%,3.2%,nasdaq_economic_calendar
2023-02-24-usd-gdp-price-index-f8200e45,2023-02-24T09:30:00Z,United States,USD,GDP Price Index,HIGH,3.9%,3.5%,4.4%,nasdaq_economic_calendar
2023-02-24-usd-gdp-sales-745a32a7,2023-02-24T09:30:00Z,United States,USD,GDP Sales,HIGH,1.2%,,4.5%,nasdaq_economic_calendar
2023-02-24-usd-pce-prices-9c6f25b5,2023-02-24T09:30:00Z,United States,USD,PCE Prices,HIGH,3.7%,,4.3%,nasdaq_economic_calendar
2023-02-24-usd-fomc-member-bostic-speaks-dec7d5d4,2023-02-24T11:50:00Z,United States,USD,FOMC Member Bostic Speaks,HIGH,,,,nasdaq_economic_calendar
2023-02-24-jpy-cpi-n-s-a-3c111266,2023-02-24T19:30:00Z,Japan,JPY,"CPI, n.s.a",HIGH,0.5%,,0.2%,nasdaq_economic_calendar
2023-02-24-jpy-national-cpi-93d89665,2023-02-24T19:30:00Z,Japan,JPY,National CPI,HIGH,4.3%,,4.0%,nasdaq_economic_calendar
2023-02-24-jpy-national-core-cpi-a52b287a,2023-02-24T19:30:00Z,Japan,JPY,National Core CPI,HIGH,4.2%,4.2%,4.0%,nasdaq_economic_calendar
2023-02-24-jpy-boj-gov-ueda-speaks-444dbbe0,2023-02-24T21:05:00Z,Japan,JPY,BOJ Gov Ueda Speaks,HIGH,,,,nasdaq_economic_calendar
2023-02-27-jpy-boj-gov-ueda-speaks-96e8b4bd,2023-02-27T21:05:00Z,Japan,JPY,BOJ Gov Ueda Speaks,HIGH,,,,nasdaq_economic_calendar
2023-02-28-jpy-boj-core-cpi-bac5fcf4,2023-02-28T01:00:00Z,Japan,JPY,BoJ Core CPI,HIGH,3.1%,3.1%,3.1%,nasdaq_economic_calendar
2023-02-28-usd-cb-consumer-confidence-8421bb84,2023-02-28T11:00:00Z,United States,USD,CB Consumer Confidence,HIGH,102.9,108.5,106.0,nasdaq_economic_calendar
2023-02-28-jpy-boj-board-member-nakagawa-speaks-f4c68164,2023-02-28T21:30:00Z,Japan,JPY,BoJ Board Member Nakagawa Speaks,HIGH,,,,nasdaq_economic_calendar
2023-03-01-jpy-boj-core-cpi-7aed68e9,2023-03-01T01:00:00Z,Japan,JPY,BoJ Core CPI,HIGH,3.1%,3.1%,3.1%,nasdaq_economic_calendar
2023-03-01-usd-cb-consumer-confidence-f7bd188e,2023-03-01T11:00:00Z,United States,USD,CB Consumer Confidence,HIGH,102.9,108.5,106.0,nasdaq_economic_calendar
2023-03-01-jpy-boj-board-member-nakagawa-speaks-fcdaf5d8,2023-03-01T21:30:00Z,Japan,JPY,BoJ Board Member Nakagawa Speaks,HIGH,,,,nasdaq_economic_calendar
2023-03-02-usd-fomc-member-kashkari-speaks-61e02c20,2023-03-02T10:00:00Z,United States,USD,FOMC Member Kashkari Speaks,HIGH,,,,nasdaq_economic_calendar
2023-03-02-usd-ism-manufacturing-employment-29377dae,2023-03-02T11:00:00Z,United States,USD,ISM Manufacturing Employment,HIGH,49.1,,50.6,nasdaq_economic_calendar
2023-03-02-usd-ism-manufacturing-new-orders-index-75d42101,2023-03-02T11:00:00Z,United States,USD,ISM Manufacturing New Orders Index,HIGH,47.0,,42.5,nasdaq_economic_calendar
2023-03-02-usd-ism-manufacturing-pmi-30bd1bbb,2023-03-02T11:00:00Z,United States,USD,ISM Manufacturing PMI,HIGH,47.7,48.0,47.4,nasdaq_economic_calendar
2023-03-02-usd-ism-manufacturing-prices-c52a573c,2023-03-02T11:00:00Z,United States,USD,ISM Manufacturing Prices,HIGH,51.3,45.1,44.5,nasdaq_economic_calendar
2023-03-03-usd-ism-non-manufacturing-business-activity-f62c9c9f,2023-03-03T11:00:00Z,United States,USD,ISM Non-Manufacturing Business Activity,HIGH,56.3,,60.4,nasdaq_economic_calendar
2023-03-03-usd-ism-non-manufacturing-employment-1e1786da,2023-03-03T11:00:00Z,United States,USD,ISM Non-Manufacturing Employment,HIGH,54.0,,50.0,nasdaq_economic_calendar
2023-03-03-usd-ism-non-manufacturing-new-orders-3ee8b817,2023-03-03T11:00:00Z,United States,USD,ISM Non-Manufacturing New Orders,HIGH,62.6,,60.4,nasdaq_economic_calendar
2023-03-03-usd-ism-non-manufacturing-pmi-6ef5aa69,2023-03-03T11:00:00Z,United States,USD,ISM Non-Manufacturing PMI,HIGH,55.1,54.5,55.2,nasdaq_economic_calendar
2023-03-03-usd-ism-non-manufacturing-prices-ed1ef6a4,2023-03-03T11:00:00Z,United States,USD,ISM Non-Manufacturing Prices,HIGH,65.6,,67.8,nasdaq_economic_calendar
2023-03-03-usd-fomc-member-bostic-speaks-a22aae33,2023-03-03T12:45:00Z,United States,USD,FOMC Member Bostic Speaks,HIGH,,,,nasdaq_economic_calendar
2023-03-03-usd-fomc-member-bowman-speaks-e029dc15,2023-03-03T16:00:00Z,United States,USD,FOMC Member Bowman Speaks,HIGH,,,,nasdaq_economic_calendar
2023-03-03-usd-fomc-member-barkin-speaks-8ca29fad,2023-03-03T17:45:00Z,United States,USD,FOMC Member Barkin Speaks,HIGH,,,,nasdaq_economic_calendar
2023-03-04-usd-ism-non-manufacturing-business-activity-3f7dda49,2023-03-04T11:00:00Z,United States,USD,ISM Non-Manufacturing Business Activity,HIGH,56.3,,60.4,nasdaq_economic_calendar
2023-03-04-usd-ism-non-manufacturing-employment-9b85e624,2023-03-04T11:00:00Z,United States,USD,ISM Non-Manufacturing Employment,HIGH,54.0,,50.0,nasdaq_economic_calendar
2023-03-04-usd-ism-non-manufacturing-new-orders-6e5aa857,2023-03-04T11:00:00Z,United States,USD,ISM Non-Manufacturing New Orders,HIGH,62.6,,60.4,nasdaq_economic_calendar
2023-03-04-usd-ism-non-manufacturing-pmi-04cfe699,2023-03-04T11:00:00Z,United States,USD,ISM Non-Manufacturing PMI,HIGH,55.1,54.5,55.2,nasdaq_economic_calendar
2023-03-04-usd-ism-non-manufacturing-prices-0d6d8416,2023-03-04T11:00:00Z,United States,USD,ISM Non-Manufacturing Prices,HIGH,65.6,,67.8,nasdaq_economic_calendar
2023-03-04-usd-fomc-member-bostic-speaks-3bae335a,2023-03-04T12:45:00Z,United States,USD,FOMC Member Bostic Speaks,HIGH,,,,nasdaq_economic_calendar
2023-03-04-usd-fomc-member-bowman-speaks-374b4ce5,2023-03-04T16:00:00Z,United States,USD,FOMC Member Bowman Speaks,HIGH,,,,nasdaq_economic_calendar
2023-03-04-usd-fomc-member-barkin-speaks-4723c5d6,2023-03-04T17:45:00Z,United States,USD,FOMC Member Barkin Speaks,HIGH,,,,nasdaq_economic_calendar
2023-03-05-usd-fomc-member-daly-speaks-4a77822c,2023-03-05T14:00:00Z,United States,USD,FOMC Member Daly Speaks,HIGH,,,,nasdaq_economic_calendar
2023-03-09-usd-adp-nonfarm-employment-change-a5dc6f33,2023-03-09T09:15:00Z,United States,USD,ADP Nonfarm Employment Change,HIGH,242K,200K,119K,nasdaq_economic_calendar
2023-03-09-usd-jolts-job-openings-e76a0988,2023-03-09T11:00:00Z,United States,USD,JOLTS Job Openings,HIGH,10.824M,10.500M,11.234M,nasdaq_economic_calendar
2023-03-09-jpy-gdp-235e8db7,2023-03-09T19:50:00Z,Japan,JPY,GDP,HIGH,0.0%,0.2%,-0.3%,nasdaq_economic_calendar
2023-03-09-jpy-gdp-capital-expenditure-5e560c46,2023-03-09T19:50:00Z,Japan,JPY,GDP Capital Expenditure,HIGH,-0.5%,-0.4%,1.5%,nasdaq_economic_calendar
2023-03-09-jpy-gdp-external-demand-a0e000d0,2023-03-09T19:50:00Z,Japan,JPY,GDP External Demand,HIGH,0.4%,0.3%,-0.6%,nasdaq_economic_calendar
2023-03-09-jpy-gdp-price-index-a114653f,2023-03-09T19:50:00Z,Japan,JPY,GDP Price Index,HIGH,1.2%,1.1%,-0.3%,nasdaq_economic_calendar
2023-03-09-jpy-gdp-private-consumption-dae06348,2023-03-09T19:50:00Z,Japan,JPY,GDP Private Consumption,HIGH,0.3%,0.5%,0.0%,nasdaq_economic_calendar
2023-03-10-jpy-boj-interest-rate-decision-3287eace,2023-03-10T22:30:00Z,Japan,JPY,BoJ Interest Rate Decision,HIGH,-0.10%,-0.10%,-0.10%,nasdaq_economic_calendar
2023-03-10-jpy-boj-monetary-policy-statement-a3d74d88,2023-03-10T23:00:00Z,Japan,JPY,BoJ Monetary Policy Statement,HIGH,,,,nasdaq_economic_calendar
2023-03-11-jpy-boj-press-conference-8c5a9a64,2023-03-11T01:00:00Z,Japan,JPY,BoJ Press Conference,HIGH,,,,nasdaq_economic_calendar
2023-03-11-usd-average-hourly-earnings-9cfde417,2023-03-11T09:30:00Z,United States,USD,Average Hourly Earnings,HIGH,0.2%,0.3%,0.3%,nasdaq_economic_calendar
2023-03-11-usd-average-hourly-earnings-yoy-09dd164e,2023-03-11T09:30:00Z,United States,USD,Average Hourly Earnings (YoY),HIGH,4.6%,4.7%,4.4%,nasdaq_economic_calendar
2023-03-11-usd-nonfarm-payrolls-1f7bd326,2023-03-11T09:30:00Z,United States,USD,Nonfarm Payrolls,HIGH,311K,205K,504K,nasdaq_economic_calendar
2023-03-11-usd-private-nonfarm-payrolls-f75289dd,2023-03-11T09:30:00Z,United States,USD,Private Nonfarm Payrolls,HIGH,265K,210K,386K,nasdaq_economic_calendar
2023-03-11-usd-u6-unemployment-rate-daf5930f,2023-03-11T09:30:00Z,United States,USD,U6 Unemployment Rate,HIGH,6.8%,,6.6%,nasdaq_economic_calendar
2023-03-11-usd-unemployment-rate-f0fb3cc0,2023-03-11T09:30:00Z,United States,USD,Unemployment Rate,HIGH,3.6%,3.4%,3.4%,nasdaq_economic_calendar
2023-03-15-usd-cpi-517988e0,2023-03-15T08:30:00Z,United States,USD,CPI,HIGH,0.4%,0.4%,0.5%,nasdaq_economic_calendar
2023-03-15-usd-cpi-index-n-s-a-48c2f91f,2023-03-15T08:30:00Z,United States,USD,"CPI Index, n.s.a.",HIGH,300.84,300.86,299.17,nasdaq_economic_calendar
2023-03-15-usd-cpi-index-s-a-c07ca3eb,2023-03-15T08:30:00Z,United States,USD,"CPI Index, s.a",HIGH,301.65,,300.54,nasdaq_economic_calendar
2023-03-15-usd-cpi-n-s-a-f0784583,2023-03-15T08:30:00Z,United States,USD,"CPI, n.s.a",HIGH,0.56%,,0.80%,nasdaq_economic_calendar
2023-03-15-usd-core-cpi-3c715ffe,2023-03-15T08:30:00Z,United States,USD,Core CPI,HIGH,0.5%,0.4%,0.4%,nasdaq_economic_calendar
2023-03-15-usd-core-cpi-index-59e65111,2023-03-15T08:30:00Z,United States,USD,Core CPI Index,HIGH,304.07,,302.70,nasdaq_economic_calendar
2023-03-15-usd-cleveland-cpi-3a6489fe,2023-03-15T11:00:00Z,United States,USD,Cleveland CPI,HIGH,0.6%,,0.7%,nasdaq_economic_calendar
2023-03-15-usd-fomc-member-bowman-speaks-acb8a446,2023-03-15T17:20:00Z,United States,USD,FOMC Member Bowman Speaks,HIGH,,,,nasdaq_economic_calendar
2023-03-15-jpy-monetary-policy-meeting-minutes-c132e682,2023-03-15T19:50:00Z,Japan,JPY,Monetary Policy Meeting Minutes,HIGH,,,,nasdaq_economic_calendar
2023-03-16-usd-core-ppi-2fb4dc8b,2023-03-16T08:30:00Z,United States,USD,Core PPI,HIGH,4.4%,5.2%,5.0%,nasdaq_economic_calendar
2023-03-16-usd-core-retail-sales-9c241c00,2023-03-16T08:30:00Z,United States,USD,Core Retail Sales,HIGH,-0.1%,-0.1%,2.4%,nasdaq_economic_calendar
2023-03-16-usd-ppi-0f941537,2023-03-16T08:30:00Z,United States,USD,PPI,HIGH,-0.1%,0.3%,0.3%,nasdaq_economic_calendar
2023-03-16-usd-ppi-ex-food-energy-transport-bd71c3ce,2023-03-16T08:30:00Z,United States,USD,PPI ex. Food/Energy/Transport,HIGH,4.4%,,4.4%,nasdaq_economic_calendar
2023-03-16-usd-retail-sales-c1cdecb9,2023-03-16T08:30:00Z,United States,USD,Retail Sales,HIGH,-0.4%,-0.3%,3.2%,nasdaq_economic_calendar
2023-03-16-usd-retail-sales-ex-gas-autos-c04f7cf1,2023-03-16T08:30:00Z,United States,USD,Retail Sales Ex Gas/Autos,HIGH,0.0%,,2.8%,nasdaq_economic_calendar
2023-03-16-jpy-adjusted-trade-balance-2449ebf7,2023-03-16T19:50:00Z,Japan,JPY,Adjusted Trade Balance,HIGH,-1.19T,,-1.82T,nasdaq_economic_calendar
2023-03-16-jpy-trade-balance-5bce2613,2023-03-16T19:50:00Z,Japan,JPY,Trade Balance,HIGH,-897.7B,"-1,069.4B","-3,498.6B",nasdaq_economic_calendar
2023-03-17-jpy-industrial-production-7cc57fdc,2023-03-17T00:30:00Z,Japan,JPY,Industrial Production,HIGH,-5.3%,-4.6%,0.3%,nasdaq_economic_calendar
2023-03-18-usd-industrial-production-7cc42e04,2023-03-18T09:15:00Z,United States,USD,Industrial Production,HIGH,0.0%,0.2%,0.3%,nasdaq_economic_calendar
2023-03-18-usd-michigan-consumer-expectations-0bbc27b7,2023-03-18T10:00:00Z,United States,USD,Michigan Consumer Expectations,HIGH,61.5,64.5,64.7,nasdaq_economic_calendar
2023-03-18-usd-michigan-consumer-sentiment-6d74047c,2023-03-18T10:00:00Z,United States,USD,Michigan Consumer Sentiment,HIGH,63.4,66.9,67.0,nasdaq_economic_calendar
2023-03-20-jpy-boj-summary-of-opinions-d03ece37,2023-03-20T19:50:00Z,Japan,JPY,BoJ Summary of Opinions,HIGH,,,,nasdaq_economic_calendar
2023-03-23-usd-fomc-economic-projections-e287702d,2023-03-23T14:00:00Z,United States,USD,FOMC Economic Projections,HIGH,,,,nasdaq_economic_calendar
2023-03-23-usd-fed-interest-rate-decision-3ff986d3,2023-03-23T14:00:00Z,United States,USD,Fed Interest Rate Decision,HIGH,5.00%,5.00%,4.75%,nasdaq_economic_calendar
2023-03-23-usd-fomc-press-conference-aa027a82,2023-03-23T14:30:00Z,United States,USD,FOMC Press Conference,HIGH,,,,nasdaq_economic_calendar
2023-03-23-jpy-reuters-tankan-index-74dd44f5,2023-03-23T19:00:00Z,Japan,JPY,Reuters Tankan Index,HIGH,-3,,-5,nasdaq_economic_calendar
2023-03-24-jpy-cpi-n-s-a-92b2dd4e,2023-03-24T19:30:00Z,Japan,JPY,"CPI, n.s.a",HIGH,-0.6%,,0.4%,nasdaq_economic_calendar
2023-03-24-jpy-national-cpi-66675daf,2023-03-24T19:30:00Z,Japan,JPY,National CPI,HIGH,3.3%,,4.3%,nasdaq_economic_calendar
2023-03-24-jpy-national-core-cpi-78b7fa77,2023-03-24T19:30:00Z,Japan,JPY,National Core CPI,HIGH,3.1%,3.1%,4.2%,nasdaq_economic_calendar
2023-03-25-usd-core-durable-goods-orders-41c563e4,2023-03-25T08:30:00Z,United States,USD,Core Durable Goods Orders,HIGH,0.0%,0.2%,0.4%,nasdaq_economic_calendar
2023-03-25-usd-durable-goods-orders-2eb1b720,2023-03-25T08:30:00Z,United States,USD,Durable Goods Orders,HIGH,-1.0%,0.6%,-5.0%,nasdaq_economic_calendar
2023-03-25-usd-fomc-member-bullard-speaks-b4eb0941,2023-03-25T09:30:00Z,United States,USD,FOMC Member Bullard Speaks,HIGH,,,,nasdaq_economic_calendar
2023-03-29-jpy-boj-core-cpi-a8b17251,2023-03-29T01:00:00Z,Japan,JPY,BoJ Core CPI,HIGH,2.7%,3.5%,3.1%,nasdaq_economic_calendar
2023-03-29-usd-cb-consumer-confidence-ccafa96a,2023-03-29T10:00:00Z,United States,USD,CB Consumer Confidence,HIGH,104.2,101.0,103.4,nasdaq_economic_calendar
2023-03-31-usd-core-pce-prices-7c874bb6,2023-03-31T08:30:00Z,United States,USD,Core PCE Prices,HIGH,4.40%,4.30%,4.70%,nasdaq_economic_calendar
2023-03-31-usd-gdp-cc771d6f,2023-03-31T08:30:00Z,United States,USD,GDP,HIGH,2.6%,2.7%,3.2%,nasdaq_economic_calendar
2023-03-31-usd-gdp-price-index-cbb63385,2023-03-31T08:30:00Z,United States,USD,GDP Price Index,HIGH,3.9%,3.9%,4.4%,nasdaq_economic_calendar
2023-03-31-usd-gdp-sales-e3c9bafd,2023-03-31T08:30:00Z,United States,USD,GDP Sales,HIGH,1.1%,,4.5%,nasdaq_economic_calendar
2023-03-31-usd-pce-prices-436cd2a6,2023-03-31T08:30:00Z,United States,USD,PCE Prices,HIGH,3.7%,,4.3%,nasdaq_economic_calendar
2023-03-31-usd-fomc-member-barkin-speaks-d511b565,2023-03-31T12:45:00Z,United States,USD,FOMC Member Barkin Speaks,HIGH,,,,nasdaq_economic_calendar
2023-03-31-usd-fomc-member-kashkari-speaks-b43e748c,2023-03-31T13:00:00Z,United States,USD,FOMC Member Kashkari Speaks,HIGH,,,,nasdaq_economic_calendar
2023-03-31-jpy-cpi-tokyo-ex-food-and-energy-c584c844,2023-03-31T19:30:00Z,Japan,JPY,CPI Tokyo Ex Food and Energy,HIGH,0.4%,,0.2%,nasdaq_economic_calendar
2023-03-31-jpy-tokyo-cpi-69802b5c,2023-03-31T19:30:00Z,Japan,JPY,Tokyo CPI,HIGH,3.3%,,3.4%,nasdaq_economic_calendar
2023-03-31-jpy-tokyo-core-cpi-43c3c664,2023-03-31T19:30:00Z,Japan,JPY,Tokyo Core CPI,HIGH,3.2%,3.1%,3.3%,nasdaq_economic_calendar
2023-03-31-jpy-industrial-production-d40c8dc1,2023-03-31T19:50:00Z,Japan,JPY,Industrial Production,HIGH,4.5%,2.7%,-5.3%,nasdaq_economic_calendar
2023-03-31-jpy-industrial-production-forecast-1m-ahead-40b0fd55,2023-03-31T19:50:00Z,Japan,JPY,Industrial Production forecast 1m ahead,HIGH,2.3%,,8.0%,nasdaq_economic_calendar
2023-03-31-jpy-industrial-production-forecast-2m-ahead-d8229150,2023-03-31T19:50:00Z,Japan,JPY,Industrial Production forecast 2m ahead,HIGH,4.4%,,0.7%,nasdaq_economic_calendar
2023-03-31-jpy-retail-sales-1a0cb811,2023-03-31T19:50:00Z,Japan,JPY,Retail Sales,HIGH,6.6%,5.8%,5.0%,nasdaq_economic_calendar
2023-04-01-usd-core-pce-price-index-26f6298c,2023-04-01T08:30:00Z,United States,USD,Core PCE Price Index,HIGH,0.3%,0.4%,0.5%,nasdaq_economic_calendar
2023-04-01-usd-pce-price-index-d5ee74dd,2023-04-01T08:30:00Z,United States,USD,PCE Price index,HIGH,5.0%,5.1%,5.3%,nasdaq_economic_calendar
2023-04-01-usd-pce-price-index-530ff76c,2023-04-01T08:30:00Z,United States,USD,PCE price index,HIGH,0.3%,0.5%,0.6%,nasdaq_economic_calendar
2023-04-01-usd-personal-income-f16bbd4e,2023-04-01T08:30:00Z,United States,USD,Personal Income,HIGH,0.3%,0.2%,0.6%,nasdaq_economic_calendar
2023-04-01-usd-real-personal-consumption-3814625f,2023-04-01T08:30:00Z,United States,USD,Real Personal Consumption,HIGH,-0.1%,0.0%,1.5%,nasdaq_economic_calendar
2023-04-01-usd-michigan-consumer-expectations-9f24d845,2023-04-01T10:00:00Z,United States,USD,Michigan Consumer Expectations,HIGH,59.2,61.5,64.7,nasdaq_economic_calendar
2023-04-01-usd-michigan-consumer-sentiment-1530e028,2023-04-01T10:00:00Z,United States,USD,Michigan Consumer Sentiment,HIGH,62.0,63.2,63.4,nasdaq_economic_calendar
2023-04-01-usd-dallas-fed-pce-3ec34570,2023-04-01T13:23:00Z,United States,USD,Dallas Fed PCE,HIGH,4.00%,,5.80%,nasdaq_economic_calendar
2023-04-01-usd-fomc-member-williams-speaks-da6fbbce,2023-04-01T15:05:00Z,United States,USD,FOMC Member Williams Speaks,HIGH,,,,nasdaq_economic_calendar
2023-04-03-jpy-tankan-all-big-industry-capex-4d93d8bc,2023-04-03T19:50:00Z,Japan,JPY,Tankan All Big Industry CAPEX,HIGH,3.2%,4.9%,19.2%,nasdaq_economic_calendar
2023-04-03-jpy-tankan-all-small-industry-capex-6b190cea,2023-04-03T19:50:00Z,Japan,JPY,Tankan All Small Industry CAPEX,HIGH,1.4%,-9.0%,3.8%,nasdaq_economic_calendar
2023-04-03-jpy-tankan-big-manufacturing-outlook-index-ffed0da1,2023-04-03T19:50:00Z,Japan,JPY,Tankan Big Manufacturing Outlook Index,HIGH,3,4,6,nasdaq_economic_calendar
2023-04-03-jpy-tankan-large-manufacturers-index-3c64e31f,2023-04-03T19:50:00Z,Japan,JPY,Tankan Large Manufacturers Index,HIGH,1,3,7,nasdaq_economic_calendar
2023-04-03-jpy-tankan-large-non-manufacturers-diffusion-index-060a57a9,2023-04-03T19:50:00Z,Japan,JPY,Tankan Large Non-Manufacturers Diffusion Index,HIGH,15,16,11,nasdaq_economic_calendar
2023-04-03-jpy-tankan-large-non-manufacturers-index-4dea0973,2023-04-03T19:50:00Z,Japan,JPY,Tankan Large Non-Manufacturers Index,HIGH,20,20,19,nasdaq_economic_calendar
2023-04-03-jpy-tankan-small-manufacturers-diffusion-index-75c8964d,2023-04-03T19:50:00Z,Japan,JPY,Tankan Small Manufacturers Diffusion Index,HIGH,-4,-6,-5,nasdaq_economic_calendar
2023-04-03-jpy-tankan-small-manufacturing-index-d71784bc,2023-04-03T19:50:00Z,Japan,JPY,Tankan Small Manufacturing Index,HIGH,-6,-6,-2,nasdaq_economic_calendar
2023-04-03-jpy-tankan-small-non-manufacturers-diffusion-index-b7bc495e,2023-04-03T19:50:00Z,Japan,JPY,Tankan Small Non-Manufacturers Diffusion Index,HIGH,3,1,-1,nasdaq_economic_calendar
2023-04-03-jpy-tankan-small-non-manufacturing-index-8df0db59,2023-04-03T19:50:00Z,Japan,JPY,Tankan Small Non-Manufacturing Index,HIGH,8,7,6,nasdaq_economic_calendar
2023-04-04-usd-ism-manufacturing-employment-ab3a7f8f,2023-04-04T10:00:00Z,United States,USD,ISM Manufacturing Employment,HIGH,46.9,50.0,49.1,nasdaq_economic_calendar
2023-04-04-usd-ism-manufacturing-new-orders-index-29bb8ce8,2023-04-04T10:00:00Z,United States,USD,ISM Manufacturing New Orders Index,HIGH,44.3,49.0,47.0,nasdaq_economic_calendar
2023-04-04-usd-ism-manufacturing-pmi-55e109a7,2023-04-04T10:00:00Z,United States,USD,ISM Manufacturing PMI,HIGH,46.3,47.5,47.7,nasdaq_economic_calendar
2023-04-04-usd-ism-manufacturing-prices-41327251,2023-04-04T10:00:00Z,United States,USD,ISM Manufacturing Prices,HIGH,49.2,51.2,51.3,nasdaq_economic_calendar
2023-04-05-usd-jolts-job-openings-c7a65fc7,2023-04-05T10:00:00Z,United States,USD,JOLTS Job Openings,HIGH,9.931M,10.400M,10.563M,nasdaq_economic_calendar
2023-04-05-usd-fomc-member-rosengren-speaks-04d58fde,2023-04-05T13:30:00Z,United States,USD,FOMC Member Rosengren Speaks,HIGH,,,,nasdaq_economic_calendar
2023-04-05-usd-fomc-member-mester-speaks-af02c480,2023-04-05T18:45:00Z,United States,USD,FOMC Member Mester Speaks,HIGH,,,,nasdaq_economic_calendar
2023-04-06-usd-adp-nonfarm-employment-change-f3080670,2023-04-06T08:15:00Z,United States,USD,ADP Nonfarm Employment Change,HIGH,-53K,200K,261K,nasdaq_economic_calendar
2023-04-06-usd-ism-non-manufacturing-business-activity-7ac1f8ab,2023-04-06T10:00:00Z,United States,USD,ISM Non-Manufacturing Business Activity,HIGH,55.4,55.0,56.3,nasdaq_economic_calendar
2023-04-06-usd-ism-non-manufacturing-employment-94ae880a,2023-04-06T10:00:00Z,United States,USD,ISM Non-Manufacturing Employment,HIGH,51.3,53.0,54.0,nasdaq_economic_calendar
2023-04-06-usd-ism-non-manufacturing-new-orders-5a946e79,2023-04-06T10:00:00Z,United States,USD,ISM Non-Manufacturing New Orders,HIGH,52.2,62.0,62.6,nasdaq_economic_calendar
2023-04-06-usd-ism-non-manufacturing-pmi-9591cf00,2023-04-06T10:00:00Z,United States,USD,ISM Non-Manufacturing PMI,HIGH,51.2,54.5,55.1,nasdaq_economic_calendar
2023-04-06-usd-ism-non-manufacturing-prices-4ab56b29,2023-04-06T10:00:00Z,United States,USD,ISM Non-Manufacturing Prices,HIGH,59.5,65.0,65.6,nasdaq_economic_calendar
2023-04-07-usd-fomc-member-bullard-speaks-592516a3,2023-04-07T10:00:00Z,United States,USD,FOMC Member Bullard Speaks,HIGH,,,,nasdaq_economic_calendar
2023-04-08-usd-average-hourly-earnings-3a90e1f9,2023-04-08T08:30:00Z,United States,USD,Average Hourly Earnings,HIGH,0.3%,0.3%,0.2%,nasdaq_economic_calendar
2023-04-08-usd-average-hourly-earnings-yoy-c2c829fb,2023-04-08T08:30:00Z,United States,USD,Average Hourly Earnings (YoY),HIGH,4.2%,4.3%,4.6%,nasdaq_economic_calendar
2023-04-08-usd-nonfarm-payrolls-5a5f5c8d,2023-04-08T08:30:00Z,United States,USD,Nonfarm Payrolls,HIGH,236K,239K,326K,nasdaq_economic_calendar
2023-04-08-usd-private-nonfarm-payrolls-15362bbe,2023-04-08T08:30:00Z,United States,USD,Private Nonfarm Payrolls,HIGH,189K,215K,266K,nasdaq_economic_calendar
2023-04-08-usd-u6-unemployment-rate-28af4ae1,2023-04-08T08:30:00Z,United States,USD,U6 Unemployment Rate,HIGH,6.7%,6.7%,6.8%,nasdaq_economic_calendar
2023-04-08-usd-unemployment-rate-19aea9b0,2023-04-08T08:30:00Z,United States,USD,Unemployment Rate,HIGH,3.5%,3.6%,3.6%,nasdaq_economic_calendar
2023-04-11-usd-fomc-member-williams-speaks-9b8ddc78,2023-04-11T16:15:00Z,United States,USD,FOMC Member Williams Speaks,HIGH,,,,nasdaq_economic_calendar
2023-04-12-usd-fomc-member-harker-speaks-4d504074,2023-04-12T16:00:00Z,United States,USD,FOMC Member Harker Speaks,HIGH,,,,nasdaq_economic_calendar
2023-04-12-usd-fomc-member-kashkari-speaks-be3c74dd,2023-04-12T19:30:00Z,United States,USD,FOMC Member Kashkari Speaks,HIGH,,,,nasdaq_economic_calendar
2023-04-13-usd-cpi-eccfc7a6,2023-04-13T08:30:00Z,United States,USD,CPI,HIGH,0.1%,0.2%,0.4%,nasdaq_economic_calendar
2023-04-13-usd-cpi-index-n-s-a-8f92b6f4,2023-04-13T08:30:00Z,United States,USD,"CPI Index, n.s.a.",HIGH,301.84,302.25,300.84,nasdaq_economic_calendar
2023-04-13-usd-cpi-index-s-a-bbaeb08c,2023-04-13T08:30:00Z,United States,USD,"CPI Index, s.a",HIGH,301.81,302.60,301.65,nasdaq_economic_calendar
2023-04-13-usd-cpi-n-s-a-057692a7,2023-04-13T08:30:00Z,United States,USD,"CPI, n.s.a",HIGH,0.33%,0.40%,0.56%,nasdaq_economic_calendar
2023-04-13-usd-core-cpi-322ef5ab,2023-04-13T08:30:00Z,United States,USD,Core CPI,HIGH,0.4%,0.4%,0.5%,nasdaq_economic_calendar
2023-04-13-usd-core-cpi-index-488369db,2023-04-13T08:30:00Z,United States,USD,Core CPI Index,HIGH,305.24,305.57,304.07,nasdaq_economic_calendar
2023-04-13-usd-cleveland-cpi-504bd35b,2023-04-13T11:00:00Z,United States,USD,Cleveland CPI,HIGH,0.4%,0.6%,0.6%,nasdaq_economic_calendar
2023-04-13-usd-fomc-meeting-minutes-dbbc66cd,2023-04-13T14:00:00Z,United States,USD,FOMC Meeting Minutes,HIGH,,,,nasdaq_economic_calendar
2023-04-14-usd-core-ppi-c4e4c881,2023-04-14T08:30:00Z,United States,USD,Core PPI,HIGH,-0.1%,0.3%,0.2%,nasdaq_economic_calendar
2023-04-14-usd-ppi-6748bb89,2023-04-14T08:30:00Z,United States,USD,PPI,HIGH,2.7%,3.0%,4.9%,nasdaq_economic_calendar
2023-04-14-usd-ppi-ex-food-energy-transport-930da183,2023-04-14T08:30:00Z,United States,USD,PPI ex. Food/Energy/Transport,HIGH,3.6%,3.1%,4.5%,nasdaq_economic_calendar
2023-04-15-usd-core-retail-sales-fe6ab06d,2023-04-15T08:30:00Z,United States,USD,Core Retail Sales,HIGH,-0.8%,-0.3%,0.0%,nasdaq_economic_calendar
2023-04-15-usd-retail-sales-117a570f,2023-04-15T08:30:00Z,United States,USD,Retail Sales,HIGH,-1.0%,-0.4%,-0.2%,nasdaq_economic_calendar
2023-04-15-usd-retail-sales-ex-gas-autos-b8f13b0b,2023-04-15T08:30:00Z,United States,USD,Retail Sales Ex Gas/Autos,HIGH,-0.3%,-0.1%,0.0%,nasdaq_economic_calendar
2023-04-15-usd-industrial-production-e456e4ad,2023-04-15T09:15:00Z,United States,USD,Industrial Production,HIGH,0.4%,0.2%,0.2%,nasdaq_economic_calendar
2023-04-15-usd-michigan-consumer-expectations-527c9e2e,2023-04-15T10:00:00Z,United States,USD,Michigan Consumer Expectations,HIGH,60.3,60.0,59.2,nasdaq_economic_calendar
2023-04-15-usd-michigan-consumer-sentiment-ed895817,2023-04-15T10:00:00Z,United States,USD,Michigan Consumer Sentiment,HIGH,63.5,62.0,62.0,nasdaq_economic_calendar
2023-04-19-usd-fomc-member-bowman-speaks-f15ba032,2023-04-19T13:00:00Z,United States,USD,FOMC Member Bowman Speaks,HIGH,,,,nasdaq_economic_calendar
2023-04-19-jpy-reuters-tankan-index-2f6f99be,2023-04-19T19:00:00Z,Japan,JPY,Reuters Tankan Index,HIGH,-3,-1,-3,nasdaq_economic_calendar
2023-04-20-jpy-industrial-production-aef271f0,2023-04-20T00:30:00Z,Japan,JPY,Industrial Production,HIGH,4.6%,4.5%,-5.3%,nasdaq_economic_calendar
2023-04-20-usd-fomc-member-williams-speaks-674733dd,2023-04-20T19:00:00Z,United States,USD,FOMC Member Williams Speaks,HIGH,,,,nasdaq_economic_calendar
2023-04-20-jpy-adjusted-trade-balance-274e94bd,2023-04-20T19:50:00Z,Japan,JPY,Adjusted Trade Balance,HIGH,-1.21T,-1.78T,-1.25T,nasdaq_economic_calendar
2023-04-20-jpy-trade-balance-167841e0,2023-04-20T19:50:00Z,Japan,JPY,Trade Balance,HIGH,-754.5B,"-1,294.8B",-898.1B,nasdaq_economic_calendar
2023-04-21-usd-fomc-member-bowman-speaks-9ffae6eb,2023-04-21T15:00:00Z,United States,USD,FOMC Member Bowman Speaks,HIGH,,,,nasdaq_economic_calendar
2023-04-21-jpy-cpi-n-s-a-caa7d168,2023-04-21T19:30:00Z,Japan,JPY,"CPI, n.s.a",HIGH,0.4%,0.1%,-0.6%,nasdaq_economic_calendar
2023-04-21-jpy-national-cpi-a613164d,2023-04-21T19:30:00Z,Japan,JPY,National CPI,HIGH,3.2%,3.2%,3.3%,nasdaq_economic_calendar
2023-04-21-jpy-national-core-cpi-62354cdd,2023-04-21T19:30:00Z,Japan,JPY,National Core CPI,HIGH,3.1%,3.1%,3.1%,nasdaq_economic_calendar
2023-04-26-jpy-boj-core-cpi-2eecfe9c,2023-04-26T01:00:00Z,Japan,JPY,BoJ Core CPI,HIGH,2.9%,2.4%,2.7%,nasdaq_economic_calendar
2023-04-26-usd-cb-consumer-confidence-929548e2,2023-04-26T10:00:00Z,United States,USD,CB Consumer Confidence,HIGH,101.3,104.0,104.0,nasdaq_economic_calendar
2023-04-27-usd-core-durable-goods-orders-58ce8374,2023-04-27T08:30:00Z,United States,USD,Core Durable Goods Orders,HIGH,0.3%,-0.2%,-0.3%,nasdaq_economic_calendar
2023-04-27-usd-durable-goods-orders-bd0280f7,2023-04-27T08:30:00Z,United States,USD,Durable Goods Orders,HIGH,3.2%,0.7%,-1.2%,nasdaq_economic_calendar
2023-04-28-usd-core-pce-prices-f1aa6c6b,2023-04-28T08:30:00Z,United States,USD,Core PCE Prices,HIGH,4.90%,4.70%,4.40%,nasdaq_economic_calendar
2023-04-28-usd-gdp-06883c23,2023-04-28T08:30:00Z,United States,USD,GDP,HIGH,1.1%,2.0%,2.6%,nasdaq_economic_calendar
2023-04-28-usd-gdp-price-index-71d900cf,2023-04-28T08:30:00Z,United States,USD,GDP Price Index,HIGH,4.0%,3.7%,3.9%,nasdaq_economic_calendar
2023-04-28-usd-gdp-sales-0998d4e9,2023-04-28T08:30:00Z,United States,USD,GDP Sales,HIGH,3.4%,2.3%,1.1%,nasdaq_economic_calendar
2023-04-28-usd-pce-prices-1ba9658d,2023-04-28T08:30:00Z,United States,USD,PCE Prices,HIGH,4.2%,0.5%,3.7%,nasdaq_economic_calendar
2023-04-28-jpy-cpi-tokyo-ex-food-and-energy-10b44454,2023-04-28T19:30:00Z,Japan,JPY,CPI Tokyo Ex Food and Energy,HIGH,0.7%,,0.4%,nasdaq_economic_calendar
2023-04-28-jpy-tokyo-cpi-12367697,2023-04-28T19:30:00Z,Japan,JPY,Tokyo CPI,HIGH,3.5%,3.1%,3.3%,nasdaq_economic_calendar
2023-04-28-jpy-tokyo-core-cpi-6f465d5b,2023-04-28T19:30:00Z,Japan,JPY,Tokyo Core CPI,HIGH,3.5%,3.2%,3.2%,nasdaq_economic_calendar
2023-04-28-jpy-industrial-production-912da20f,2023-04-28T19:50:00Z,Japan,JPY,Industrial Production,HIGH,0.8%,0.5%,4.6%,nasdaq_economic_calendar
2023-04-28-jpy-industrial-production-forecast-1m-ahead-b9947100,2023-04-28T19:50:00Z,Japan,JPY,Industrial Production forecast 1m ahead,HIGH,4.1%,,0.7%,nasdaq_economic_calendar
2023-04-28-jpy-industrial-production-forecast-2m-ahead-0869f59a,2023-04-28T19:50:00Z,Japan,JPY,Industrial Production forecast 2m ahead,HIGH,-2.0%,,5.8%,nasdaq_economic_calendar
2023-04-28-jpy-retail-sales-aeb81eab,2023-04-28T19:50:00Z,Japan,JPY,Retail Sales,HIGH,7.2%,5.8%,7.3%,nasdaq_economic_calendar
2023-04-28-jpy-boj-monetary-policy-statement-c2e632ca,2023-04-28T23:00:00Z,Japan,JPY,BoJ Monetary Policy Statement,HIGH,,,,nasdaq_economic_calendar
2023-04-28-jpy-boj-outlook-report-0eb07f68,2023-04-28T23:00:00Z,Japan,JPY,BoJ Outlook Report,HIGH,,,,nasdaq_economic_calendar
2023-04-29-jpy-boj-press-conference-ddb17973,2023-04-29T02:30:00Z,Japan,JPY,BoJ Press Conference,HIGH,,,,nasdaq_economic_calendar
2023-04-29-usd-core-pce-price-index-8b663826,2023-04-29T08:30:00Z,United States,USD,Core PCE Price Index,HIGH,0.3%,0.3%,0.3%,nasdaq_economic_calendar
2023-04-29-usd-employment-cost-index-d86d5f44,2023-04-29T08:30:00Z,United States,USD,Employment Cost Index,HIGH,1.2%,1.1%,1.1%,nasdaq_economic_calendar
2023-04-29-usd-pce-price-index-a6dc5ca7,2023-04-29T08:30:00Z,United States,USD,PCE Price index,HIGH,4.2%,,5.1%,nasdaq_economic_calendar
2023-04-29-usd-pce-price-index-19dfe5f9,2023-04-29T08:30:00Z,United States,USD,PCE price index,HIGH,0.1%,0.3%,0.3%,nasdaq_economic_calendar
2023-04-29-usd-personal-income-7969993a,2023-04-29T08:30:00Z,United States,USD,Personal Income,HIGH,0.3%,0.2%,0.3%,nasdaq_economic_calendar
2023-04-29-usd-real-personal-consumption-12c107f9,2023-04-29T08:30:00Z,United States,USD,Real Personal Consumption,HIGH,0.0%,,-0.2%,nasdaq_economic_calendar
2023-04-29-usd-michigan-consumer-expectations-22d087f1,2023-04-29T10:00:00Z,United States,USD,Michigan Consumer Expectations,HIGH,60.5,61.8,60.3,nasdaq_economic_calendar
2023-04-29-usd-michigan-consumer-sentiment-a2fa9e15,2023-04-29T10:00:00Z,United States,USD,Michigan Consumer Sentiment,HIGH,63.5,63.5,63.5,nasdaq_economic_calendar
2023-04-29-usd-dallas-fed-pce-6b139ea3,2023-04-29T11:20:00Z,United States,USD,Dallas Fed PCE,HIGH,3.40%,,4.60%,nasdaq_economic_calendar
2023-05-02-usd-ism-manufacturing-employment-e142cbee,2023-05-02T10:00:00Z,United States,USD,ISM Manufacturing Employment,HIGH,50.2,47.9,46.9,nasdaq_economic_calendar
2023-05-02-usd-ism-manufacturing-new-orders-index-7ef360e3,2023-05-02T10:00:00Z,United States,USD,ISM Manufacturing New Orders Index,HIGH,45.7,45.5,44.3,nasdaq_economic_calendar
2023-05-02-usd-ism-manufacturing-pmi-661839ad,2023-05-02T10:00:00Z,United States,USD,ISM Manufacturing PMI,HIGH,47.1,46.8,46.3,nasdaq_economic_calendar
2023-05-02-usd-ism-manufacturing-prices-47a63d9e,2023-05-02T10:00:00Z,United States,USD,ISM Manufacturing Prices,HIGH,53.2,49.0,49.2,nasdaq_economic_calendar
2023-05-03-usd-jolts-job-openings-4ff1936a,2023-05-03T10:00:00Z,United States,USD,JOLTS Job Openings,HIGH,9.590M,9.775M,9.974M,nasdaq_economic_calendar
2023-05-04-usd-adp-nonfarm-employment-change-4a103f44,2023-05-04T08:15:00Z,United States,USD,ADP Nonfarm Employment Change,HIGH,296K,148K,142K,nasdaq_economic_calendar
2023-05-04-usd-ism-non-manufacturing-business-activity-6aa78236,2023-05-04T10:00:00Z,United States,USD,ISM Non-Manufacturing Business Activity,HIGH,52.0,54.5,55.4,nasdaq_economic_calendar
2023-05-04-usd-ism-non-manufacturing-employment-ded70e28,2023-05-04T10:00:00Z,United States,USD,ISM Non-Manufacturing Employment,HIGH,50.8,52.6,51.3,nasdaq_economic_calendar
2023-05-04-usd-ism-non-manufacturing-new-orders-4c121a49,2023-05-04T10:00:00Z,United States,USD,ISM Non-Manufacturing New Orders,HIGH,56.1,57.0,52.2,nasdaq_economic_calendar
2023-05-04-usd-ism-non-manufacturing-pmi-75397dee,2023-05-04T10:00:00Z,United States,USD,ISM Non-Manufacturing PMI,HIGH,51.9,51.8,51.2,nasdaq_economic_calendar
2023-05-04-usd-ism-non-manufacturing-prices-b725c57f,2023-05-04T10:00:00Z,United States,USD,ISM Non-Manufacturing Prices,HIGH,59.6,59.9,59.5,nasdaq_economic_calendar
2023-05-04-usd-fomc-statement-d0eaac52,2023-05-04T14:00:00Z,United States,USD,FOMC Statement,HIGH,,,,nasdaq_economic_calendar
2023-05-04-usd-fed-interest-rate-decision-4a86ff02,2023-05-04T14:00:00Z,United States,USD,Fed Interest Rate Decision,HIGH,5.25%,5.25%,5.00%,nasdaq_economic_calendar
2023-05-04-usd-fomc-press-conference-305c2553,2023-05-04T14:30:00Z,United States,USD,FOMC Press Conference,HIGH,,,,nasdaq_economic_calendar
2023-05-05-usd-nonfarm-productivity-2b341d7b,2023-05-05T08:30:00Z,United States,USD,Nonfarm Productivity,HIGH,-2.7%,-1.8%,1.6%,nasdaq_economic_calendar
2023-05-06-usd-average-hourly-earnings-58f0ac47,2023-05-06T08:30:00Z,United States,USD,Average Hourly Earnings,HIGH,0.5%,0.3%,0.3%,nasdaq_economic_calendar
2023-05-06-usd-average-hourly-earnings-yoy-6b5f6166,2023-05-06T08:30:00Z,United States,USD,Average Hourly Earnings (YoY),HIGH,4.4%,4.2%,4.3%,nasdaq_economic_calendar
2023-05-06-usd-nonfarm-payrolls-99ac6ab8,2023-05-06T08:30:00Z,United States,USD,Nonfarm Payrolls,HIGH,253K,180K,165K,nasdaq_economic_calendar
2023-05-06-usd-private-nonfarm-payrolls-63616245,2023-05-06T08:30:00Z,United States,USD,Private Nonfarm Payrolls,HIGH,230K,160K,123K,nasdaq_economic_calendar
2023-05-06-usd-u6-unemployment-rate-4de94514,2023-05-06T08:30:00Z,United States,USD,U6 Unemployment Rate,HIGH,6.6%,6.7%,6.7%,nasdaq_economic_calendar
2023-05-06-usd-unemployment-rate-6553ff54,2023-05-06T08:30:00Z,United States,USD,Unemployment Rate,HIGH,3.4%,3.6%,3.5%,nasdaq_economic_calendar
2023-05-06-usd-fomc-member-bullard-speaks-fd1d9fa7,2023-05-06T13:00:00Z,United States,USD,FOMC Member Bullard Speaks,HIGH,,,,nasdaq_economic_calendar
2023-05-08-jpy-monetary-policy-meeting-minutes-36fd614b,2023-05-08T19:50:00Z,Japan,JPY,Monetary Policy Meeting Minutes,HIGH,,,,nasdaq_economic_calendar
2023-05-10-usd-fomc-member-williams-speaks-faf32aca,2023-05-10T12:05:00Z,United States,USD,FOMC Member Williams Speaks,HIGH,,,,nasdaq_economic_calendar
2023-05-11-usd-cpi-700bf807,2023-05-11T08:30:00Z,United States,USD,CPI,HIGH,0.4%,0.4%,0.1%,nasdaq_economic_calendar
2023-05-11-usd-cpi-index-n-s-a-6c0886f6,2023-05-11T08:30:00Z,United States,USD,"CPI Index, n.s.a.",HIGH,303.36,303.53,301.84,nasdaq_economic_calendar
2023-05-11-usd-cpi-index-s-a-d6e64b0a,2023-05-11T08:30:00Z,United States,USD,"CPI Index, s.a",HIGH,302.92,303.28,301.81,nasdaq_economic_calendar
2023-05-11-usd-cpi-n-s-a-2947a548,2023-05-11T08:30:00Z,United States,USD,"CPI, n.s.a",HIGH,0.51%,,0.33%,nasdaq_economic_calendar
2023-05-11-usd-core-cpi-911919cd,2023-05-11T08:30:00Z,United States,USD,Core CPI,HIGH,0.4%,0.4%,0.4%,nasdaq_economic_calendar
2023-05-11-usd-core-cpi-index-de92aea3,2023-05-11T08:30:00Z,United States,USD,Core CPI Index,HIGH,306.49,306.21,305.24,nasdaq_economic_calendar
2023-05-11-usd-cleveland-cpi-e0583225,2023-05-11T11:00:00Z,United States,USD,Cleveland CPI,HIGH,0.4%,0.6%,0.4%,nasdaq_economic_calendar
2023-05-11-jpy-boj-summary-of-opinions-d6abe530,2023-05-11T19:50:00Z,Japan,JPY,BoJ Summary of Opinions,HIGH,,,,nasdaq_economic_calendar
2023-05-12-usd-core-ppi-af0fe841,2023-05-12T08:30:00Z,United States,USD,Core PPI,HIGH,0.2%,0.2%,0.0%,nasdaq_economic_calendar
2023-05-12-usd-ppi-748b8d17,2023-05-12T08:30:00Z,United States,USD,PPI,HIGH,2.3%,2.4%,2.7%,nasdaq_economic_calendar
2023-05-12-usd-ppi-ex-food-energy-transport-66f4f54c,2023-05-12T08:30:00Z,United States,USD,PPI ex. Food/Energy/Transport,HIGH,3.4%,,3.7%,nasdaq_economic_calendar
2023-05-13-usd-fomc-member-bowman-speaks-492382b2,2023-05-13T03:00:00Z,United States,USD,FOMC Member Bowman Speaks,HIGH,,,,nasdaq_economic_calendar
2023-05-13-usd-michigan-consumer-expectations-a9e165de,2023-05-13T10:00:00Z,United States,USD,Michigan Consumer Expectations,HIGH,53.4,59.8,60.5,nasdaq_economic_calendar
2023-05-13-usd-michigan-consumer-sentiment-20f955b1,2023-05-13T10:00:00Z,United States,USD,Michigan Consumer Sentiment,HIGH,57.7,63.0,63.5,nasdaq_economic_calendar
2023-05-13-usd-fomc-member-bullard-speaks-34791cf2,2023-05-13T19:45:00Z,United States,USD,FOMC Member Bullard Speaks,HIGH,,,,nasdaq_economic_calendar
2023-05-16-usd-fomc-member-bostic-speaks-d63637b9,2023-05-16T08:45:00Z,United States,USD,FOMC Member Bostic Speaks,HIGH,,,,nasdaq_economic_calendar
2023-05-16-usd-fomc-member-kashkari-speaks-bb099413,2023-05-16T09:15:00Z,United States,USD,FOMC Member Kashkari Speaks,HIGH,,,,nasdaq_economic_calendar
2023-05-16-usd-fomc-member-barkin-speaks-196e3b99,2023-05-16T12:30:00Z,United States,USD,FOMC Member Barkin Speaks,HIGH,,,,nasdaq_economic_calendar
2023-05-17-usd-fomc-member-mester-speaks-1d7a2232,2023-05-17T08:15:00Z,United States,USD,FOMC Member Mester Speaks,HIGH,,,,nasdaq_economic_calendar
2023-05-17-usd-core-retail-sales-618df156,2023-05-17T08:30:00Z,United States,USD,Core Retail Sales,HIGH,0.4%,0.4%,-0.5%,nasdaq_economic_calendar
2023-05-17-usd-retail-sales-13953502,2023-05-17T08:30:00Z,United States,USD,Retail Sales,HIGH,0.4%,0.8%,-0.7%,nasdaq_economic_calendar
2023-05-17-usd-retail-sales-ex-gas-autos-c9d34239,2023-05-17T08:30:00Z,United States,USD,Retail Sales Ex Gas/Autos,HIGH,0.6%,0.2%,-0.5%,nasdaq_economic_calendar
2023-05-17-usd-fomc-member-bostic-speaks-24620f3b,2023-05-17T08:55:00Z,United States,USD,FOMC Member Bostic Speaks,HIGH,,,,nasdaq_economic_calendar
2023-05-17-usd-industrial-production-3bcf7e69,2023-05-17T09:15:00Z,United States,USD,Industrial Production,HIGH,0.5%,-0.1%,0.0%,nasdaq_economic_calendar
2023-05-17-usd-fomc-member-williams-speaks-874bc1e3,2023-05-17T12:15:00Z,United States,USD,FOMC Member Williams Speaks,HIGH,,,,nasdaq_economic_calendar
2023-05-17-usd-fomc-member-bostic-speaks-069823ba,2023-05-17T19:00:00Z,United States,USD,FOMC Member Bostic Speaks,HIGH,,,,nasdaq_economic_calendar
2023-05-17-jpy-gdp-3f457b20,2023-05-17T19:50:00Z,Japan,JPY,GDP,HIGH,1.6%,0.7%,-0.1%,nasdaq_economic_calendar
2023-05-17-jpy-gdp-capital-expenditure-7a3d64cd,2023-05-17T19:50:00Z,Japan,JPY,GDP Capital Expenditure,HIGH,0.9%,-0.4%,-0.7%,nasdaq_economic_calendar
2023-05-17-jpy-gdp-external-demand-2a8f5f5e,2023-05-17T19:50:00Z,Japan,JPY,GDP External Demand,HIGH,-0.3%,-0.2%,0.4%,nasdaq_economic_calendar
2023-05-17-jpy-gdp-price-index-bd61a730,2023-05-17T19:50:00Z,Japan,JPY,GDP Price Index,HIGH,2.1%,2.0%,1.2%,nasdaq_economic_calendar
2023-05-17-jpy-gdp-private-consumption-1808a7ae,2023-05-17T19:50:00Z,Japan,JPY,GDP Private Consumption,HIGH,0.6%,0.4%,0.2%,nasdaq_economic_calendar
2023-05-18-jpy-industrial-production-eacf41e4,2023-05-18T00:30:00Z,Japan,JPY,Industrial Production,HIGH,1.1%,0.8%,4.6%,nasdaq_economic_calendar
2023-05-18-jpy-adjusted-trade-balance-fb04767a,2023-05-18T19:50:00Z,Japan,JPY,Adjusted Trade Balance,HIGH,-1.02T,-1.08T,-1.21T,nasdaq_economic_calendar
2023-05-18-jpy-trade-balance-53cc77da,2023-05-18T19:50:00Z,Japan,JPY,Trade Balance,HIGH,-432.4B,-613.8B,-755.1B,nasdaq_economic_calendar
2023-05-19-jpy-cpi-n-s-a-d5f91e81,2023-05-19T19:30:00Z,Japan,JPY,"CPI, n.s.a",HIGH,0.6%,,0.4%,nasdaq_economic_calendar
2023-05-19-jpy-national-cpi-3f270e4a,2023-05-19T19:30:00Z,Japan,JPY,National CPI,HIGH,3.5%,2.5%,3.2%,nasdaq_economic_calendar
2023-05-19-jpy-national-core-cpi-f7a0cadc,2023-05-19T19:30:00Z,Japan,JPY,National Core CPI,HIGH,3.4%,3.4%,3.1%,nasdaq_economic_calendar
2023-05-20-usd-fomc-member-williams-speaks-f51c4533,2023-05-20T08:45:00Z,United States,USD,FOMC Member Williams Speaks,HIGH,,,,nasdaq_economic_calendar
2023-05-20-usd-fomc-member-bowman-speaks-66d7469a,2023-05-20T09:00:00Z,United States,USD,FOMC Member Bowman Speaks,HIGH,,,,nasdaq_economic_calendar
2023-05-22-usd-fomc-member-daly-speaks-b9110feb,2023-05-22T23:05:00Z,United States,USD,FOMC Member Daly Speaks,HIGH,,,,nasdaq_economic_calendar
2023-05-23-usd-fomc-member-bullard-speaks-93afeffe,2023-05-23T08:30:00Z,United States,USD,FOMC Member Bullard Speaks,HIGH,,,,nasdaq_economic_calendar
2023-05-23-usd-fomc-member-barkin-speaks-b1f16d68,2023-05-23T10:50:00Z,United States,USD,FOMC Member Barkin Speaks,HIGH,,,,nasdaq_economic_calendar
2023-05-23-usd-fomc-member-bostic-speaks-c5a71bc9,2023-05-23T10:50:00Z,United States,USD,FOMC Member Bostic Speaks,HIGH,,,,nasdaq_economic_calendar
2023-05-23-usd-fomc-member-daly-speaks-87c3d0ea,2023-05-23T11:05:00Z,United States,USD,FOMC Member Daly Speaks,HIGH,,,,nasdaq_economic_calendar
2023-05-24-jpy-boj-core-cpi-393578a7,2023-05-24T01:00:00Z,Japan,JPY,BoJ Core CPI,HIGH,3.0%,2.8%,2.9%,nasdaq_economic_calendar
2023-05-24-jpy-reuters-tankan-index-4f99c539,2023-05-24T19:00:00Z,Japan,JPY,Reuters Tankan Index,HIGH,6,,-3,nasdaq_economic_calendar
2023-05-25-usd-fomc-meeting-minutes-2247e8ba,2023-05-25T14:00:00Z,United States,USD,FOMC Meeting Minutes,HIGH,,,,nasdaq_economic_calendar
2023-05-26-usd-core-pce-prices-8646f48c,2023-05-26T08:30:00Z,United States,USD,Core PCE Prices,HIGH,5.00%,4.90%,4.40%,nasdaq_economic_calendar
2023-05-26-usd-gdp-938942b9,2023-05-26T08:30:00Z,United States,USD,GDP,HIGH,1.3%,1.1%,2.6%,nasdaq_economic_calendar
2023-05-26-usd-gdp-price-index-139a0b0b,2023-05-26T08:30:00Z,United States,USD,GDP Price Index,HIGH,4.1%,4.0%,3.9%,nasdaq_economic_calendar
2023-05-26-usd-gdp-sales-77a7df5d,2023-05-26T08:30:00Z,United States,USD,GDP Sales,HIGH,3.4%,3.4%,1.1%,nasdaq_economic_calendar
2023-05-26-usd-pce-prices-818eae1c,2023-05-26T08:30:00Z,United States,USD,PCE Prices,HIGH,4.2%,4.2%,3.7%,nasdaq_economic_calendar
2023-05-26-jpy-cpi-tokyo-ex-food-and-energy-6b147838,2023-05-26T19:30:00Z,Japan,JPY,CPI Tokyo Ex Food and Energy,HIGH,0.2%,,0.7%,nasdaq_economic_calendar
2023-05-26-jpy-tokyo-cpi-55211919,2023-05-26T19:30:00Z,Japan,JPY,Tokyo CPI,HIGH,3.2%,3.9%,3.5%,nasdaq_economic_calendar
2023-05-26-jpy-tokyo-core-cpi-4184fa62,2023-05-26T19:30:00Z,Japan,JPY,Tokyo Core CPI,HIGH,3.2%,3.3%,3.5%,nasdaq_economic_calendar
2023-05-27-usd-core-durable-goods-orders-43bb7c00,2023-05-27T08:30:00Z,United States,USD,Core Durable Goods Orders,HIGH,-0.2%,0.0%,0.3%,nasdaq_economic_calendar
2023-05-27-usd-core-pce-price-index-9676557e,2023-05-27T08:30:00Z,United States,USD,Core PCE Price Index,HIGH,0.4%,0.3%,0.3%,nasdaq_economic_calendar
2023-05-27-usd-durable-goods-orders-4ad3ede4,2023-05-27T08:30:00Z,United States,USD,Durable Goods Orders,HIGH,1.1%,-1.0%,3.3%,nasdaq_economic_calendar
2023-05-27-usd-pce-price-index-698fe3f2,2023-05-27T08:30:00Z,United States,USD,PCE Price index,HIGH,4.4%,3.9%,4.2%,nasdaq_economic_calendar
2023-05-27-usd-pce-price-index-228ae143,2023-05-27T08:30:00Z,United States,USD,PCE price index,HIGH,0.4%,0.4%,0.1%,nasdaq_economic_calendar
2023-05-27-usd-personal-income-b052b78e,2023-05-27T08:30:00Z,United States,USD,Personal Income,HIGH,0.4%,0.4%,0.3%,nasdaq_economic_calendar
2023-05-27-usd-real-personal-consumption-d8530a84,2023-05-27T08:30:00Z,United States,USD,Real Personal Consumption,HIGH,0.5%,,0.0%,nasdaq_economic_calendar
2023-05-27-usd-michigan-consumer-expectations-28087a10,2023-05-27T10:00:00Z,United States,USD,Michigan Consumer Expectations,HIGH,55.4,53.4,60.5,nasdaq_economic_calendar
2023-05-27-usd-michigan-consumer-sentiment-5c8eb59c,2023-05-27T10:00:00Z,United States,USD,Michigan Consumer Sentiment,HIGH,59.2,57.9,63.5,nasdaq_economic_calendar
2023-05-27-usd-dallas-fed-pce-d9578bf0,2023-05-27T19:59:00Z,United States,USD,Dallas Fed PCE,HIGH,4.40%,,3.80%,nasdaq_economic_calendar
2023-05-31-usd-cb-consumer-confidence-e8f60e4c,2023-05-31T10:00:00Z,United States,USD,CB Consumer Confidence,HIGH,102.3,99.0,103.7,nasdaq_economic_calendar
2023-05-31-jpy-industrial-production-666a16af,2023-05-31T19:50:00Z,Japan,JPY,Industrial Production,HIGH,-0.4%,0.5%,1.1%,nasdaq_economic_calendar
2023-05-31-jpy-industrial-production-forecast-1m-ahead-e7f5677f,2023-05-31T19:50:00Z,Japan,JPY,Industrial Production forecast 1m ahead,HIGH,1.9%,,4.1%,nasdaq_economic_calendar
2023-05-31-jpy-industrial-production-forecast-2m-ahead-48e7115c,2023-05-31T19:50:00Z,Japan,JPY,Industrial Production forecast 2m ahead,HIGH,1.2%,,-2.0%,nasdaq_economic_calendar
2023-05-31-jpy-retail-sales-9e456256,2023-05-31T19:50:00Z,Japan,JPY,Retail Sales,HIGH,5.0%,5.8%,6.9%,nasdaq_economic_calendar
2023-06-01-usd-fomc-member-bowman-speaks-f4b02a13,2023-06-01T08:50:00Z,United States,USD,FOMC Member Bowman Speaks,HIGH,,,,nasdaq_economic_calendar
2023-06-01-usd-jolts-job-openings-894c3806,2023-06-01T10:00:00Z,United States,USD,JOLTS Job Openings,HIGH,10.103M,9.775M,9.745M,nasdaq_economic_calendar
2023-06-01-usd-fomc-member-harker-speaks-6caec4ea,2023-06-01T12:30:00Z,United States,USD,FOMC Member Harker Speaks,HIGH,,,,nasdaq_economic_calendar
2023-06-02-usd-adp-nonfarm-employment-change-7d2f219f,2023-06-02T08:15:00Z,United States,USD,ADP Nonfarm Employment Change,HIGH,278K,170K,291K,nasdaq_economic_calendar
2023-06-02-usd-nonfarm-productivity-2e25f115,2023-06-02T08:30:00Z,United States,USD,Nonfarm Productivity,HIGH,-2.1%,-2.7%,1.7%,nasdaq_economic_calendar
2023-06-02-usd-ism-manufacturing-employment-6a1a6f5f,2023-06-02T10:00:00Z,United States,USD,ISM Manufacturing Employment,HIGH,51.4,48.5,50.2,nasdaq_economic_calendar
2023-06-02-usd-ism-manufacturing-new-orders-index-0fd204a6,2023-06-02T10:00:00Z,United States,USD,ISM Manufacturing New Orders Index,HIGH,42.6,44.9,45.7,nasdaq_economic_calendar
2023-06-02-usd-ism-manufacturing-pmi-f1c98970,2023-06-02T10:00:00Z,United States,USD,ISM Manufacturing PMI,HIGH,46.9,47.0,47.1,nasdaq_economic_calendar
2023-06-02-usd-ism-manufacturing-prices-c2d3e3bc,2023-06-02T10:00:00Z,United States,USD,ISM Manufacturing Prices,HIGH,44.2,52.0,53.2,nasdaq_economic_calendar
2023-06-02-usd-fomc-member-harker-speaks-ebeb5224,2023-06-02T13:00:00Z,United States,USD,FOMC Member Harker Speaks,HIGH,,,,nasdaq_economic_calendar
2023-06-03-usd-average-hourly-earnings-68e6f856,2023-06-03T08:30:00Z,United States,USD,Average Hourly Earnings,HIGH,0.3%,0.4%,0.4%,nasdaq_economic_calendar
2023-06-03-usd-average-hourly-earnings-yoy-c2483129,2023-06-03T08:30:00Z,United States,USD,Average Hourly Earnings (YoY),HIGH,4.3%,4.3%,4.4%,nasdaq_economic_calendar
2023-06-03-usd-nonfarm-payrolls-00a717cd,2023-06-03T08:30:00Z,United States,USD,Nonfarm Payrolls,HIGH,339K,180K,294K,nasdaq_economic_calendar
2023-06-03-usd-private-nonfarm-payrolls-0787848d,2023-06-03T08:30:00Z,United States,USD,Private Nonfarm Payrolls,HIGH,283K,160K,253K,nasdaq_economic_calendar
2023-06-03-usd-u6-unemployment-rate-509b3c34,2023-06-03T08:30:00Z,United States,USD,U6 Unemployment Rate,HIGH,6.7%,6.6%,6.6%,nasdaq_economic_calendar
2023-06-03-usd-unemployment-rate-50bcdbbd,2023-06-03T08:30:00Z,United States,USD,Unemployment Rate,HIGH,3.7%,3.5%,3.4%,nasdaq_economic_calendar
2023-06-06-usd-ism-non-manufacturing-business-activity-01b648f5,2023-06-06T10:00:00Z,United States,USD,ISM Non-Manufacturing Business Activity,HIGH,51.5,52.5,52.0,nasdaq_economic_calendar
2023-06-06-usd-ism-non-manufacturing-employment-5578ee9f,2023-06-06T10:00:00Z,United States,USD,ISM Non-Manufacturing Employment,HIGH,49.2,51.0,50.8,nasdaq_economic_calendar
2023-06-06-usd-ism-non-manufacturing-new-orders-2efa48ad,2023-06-06T10:00:00Z,United States,USD,ISM Non-Manufacturing New Orders,HIGH,52.9,56.5,56.1,nasdaq_economic_calendar
2023-06-06-usd-ism-non-manufacturing-pmi-83e1c742,2023-06-06T10:00:00Z,United States,USD,ISM Non-Manufacturing PMI,HIGH,50.3,52.2,51.9,nasdaq_economic_calendar
2023-06-06-usd-ism-non-manufacturing-prices-fdeb230d,2023-06-06T10:00:00Z,United States,USD,ISM Non-Manufacturing Prices,HIGH,56.2,57.8,59.6,nasdaq_economic_calendar
2023-06-08-jpy-gdp-17efde81,2023-06-08T19:50:00Z,Japan,JPY,GDP,HIGH,0.7%,0.4%,0.1%,nasdaq_economic_calendar
2023-06-08-jpy-gdp-capital-expenditure-a09f73b9,2023-06-08T19:50:00Z,Japan,JPY,GDP Capital Expenditure,HIGH,1.4%,0.9%,-0.7%,nasdaq_economic_calendar
2023-06-08-jpy-gdp-external-demand-4b4a91be,2023-06-08T19:50:00Z,Japan,JPY,GDP External Demand,HIGH,-0.3%,-0.3%,0.4%,nasdaq_economic_calendar
2023-06-08-jpy-gdp-price-index-fd4602e2,2023-06-08T19:50:00Z,Japan,JPY,GDP Price Index,HIGH,2.0%,2.1%,1.2%,nasdaq_economic_calendar
2023-06-08-jpy-gdp-private-consumption-4a0b0827,2023-06-08T19:50:00Z,Japan,JPY,GDP Private Consumption,HIGH,0.5%,0.6%,0.2%,nasdaq_economic_calendar
2023-06-14-usd-cpi-6e1a714b,2023-06-14T08:30:00Z,United States,USD,CPI,HIGH,0.1%,0.2%,0.4%,nasdaq_economic_calendar
2023-06-14-usd-cpi-index-n-s-a-c31bc827,2023-06-14T08:30:00Z,United States,USD,"CPI Index, n.s.a.",HIGH,304.13,304.06,303.36,nasdaq_economic_calendar
2023-06-14-usd-cpi-index-s-a-2281e7c9,2023-06-14T08:30:00Z,United States,USD,"CPI Index, s.a",HIGH,303.29,303.70,302.92,nasdaq_economic_calendar
2023-06-14-usd-cpi-n-s-a-f44a4b9d,2023-06-14T08:30:00Z,United States,USD,"CPI, n.s.a",HIGH,0.25%,,0.51%,nasdaq_economic_calendar
2023-06-14-usd-core-cpi-92a78506,2023-06-14T08:30:00Z,United States,USD,Core CPI,HIGH,0.4%,0.4%,0.4%,nasdaq_economic_calendar
2023-06-14-usd-core-cpi-index-4e141c1a,2023-06-14T08:30:00Z,United States,USD,Core CPI Index,HIGH,307.82,307.53,306.49,nasdaq_economic_calendar
2023-06-14-usd-cleveland-cpi-b894d296,2023-06-14T11:00:00Z,United States,USD,Cleveland CPI,HIGH,0.4%,0.5%,0.4%,nasdaq_economic_calendar
2023-06-15-usd-core-ppi-ea282814,2023-06-15T08:30:00Z,United States,USD,Core PPI,HIGH,0.2%,0.2%,0.2%,nasdaq_economic_calendar
2023-06-15-usd-ppi-60467963,2023-06-15T08:30:00Z,United States,USD,PPI,HIGH,-0.3%,-0.1%,0.2%,nasdaq_economic_calendar
2023-06-15-usd-ppi-ex-food-energy-transport-4f916553,2023-06-15T08:30:00Z,United States,USD,PPI ex. Food/Energy/Transport,HIGH,2.8%,,3.3%,nasdaq_economic_calendar
2023-06-15-usd-fomc-economic-projections-793a6e47,2023-06-15T14:00:00Z,United States,USD,FOMC Economic Projections,HIGH,,,,nasdaq_economic_calendar
2023-06-15-usd-fomc-statement-5115c47c,2023-06-15T14:00:00Z,United States,USD,FOMC Statement,HIGH,,,,nasdaq_economic_calendar
2023-06-15-usd-fed-interest-rate-decision-b2b22dd0,2023-06-15T14:00:00Z,United States,USD,Fed Interest Rate Decision,HIGH,5.25%,5.25%,5.25%,nasdaq_economic_calendar
2023-06-15-usd-fomc-press-conference-0231ef67,2023-06-15T14:30:00Z,United States,USD,FOMC Press Conference,HIGH,,,,nasdaq_economic_calendar
2023-06-15-jpy-adjusted-trade-balance-765bfe98,2023-06-15T19:50:00Z,Japan,JPY,Adjusted Trade Balance,HIGH,-0.78T,-1.12T,-1.04T,nasdaq_economic_calendar
2023-06-15-jpy-trade-balance-6ece2c61,2023-06-15T19:50:00Z,Japan,JPY,Trade Balance,HIGH,"-1,372.5B","1,331.9B",-432.3B,nasdaq_economic_calendar
2023-06-16-usd-core-retail-sales-46ee7a6a,2023-06-16T08:30:00Z,United States,USD,Core Retail Sales,HIGH,0.1%,0.1%,0.4%,nasdaq_economic_calendar
2023-06-16-usd-retail-sales-0dd697f7,2023-06-16T08:30:00Z,United States,USD,Retail Sales,HIGH,0.3%,-0.1%,0.4%,nasdaq_economic_calendar
2023-06-16-usd-retail-sales-ex-gas-autos-0c0e9056,2023-06-16T08:30:00Z,United States,USD,Retail Sales Ex Gas/Autos,HIGH,0.4%,-0.3%,0.5%,nasdaq_economic_calendar
2023-06-16-usd-industrial-production-034fba2d,2023-06-16T09:15:00Z,United States,USD,Industrial Production,HIGH,-0.2%,0.1%,0.5%,nasdaq_economic_calendar
2023-06-16-jpy-boj-interest-rate-decision-43df59ab,2023-06-16T22:47:00Z,Japan,JPY,BoJ Interest Rate Decision,HIGH,-0.10%,-0.10%,-0.10%,nasdaq_economic_calendar
2023-06-16-jpy-boj-monetary-policy-statement-e0a3438d,2023-06-16T23:00:00Z,Japan,JPY,BoJ Monetary Policy Statement,HIGH,,,,nasdaq_economic_calendar
2023-06-17-jpy-boj-press-conference-7cb96461,2023-06-17T02:30:00Z,Japan,JPY,BoJ Press Conference,HIGH,,,,nasdaq_economic_calendar
2023-06-17-usd-fomc-member-bullard-speaks-b45c6469,2023-06-17T03:00:00Z,United States,USD,FOMC Member Bullard Speaks,HIGH,,,,nasdaq_economic_calendar
2023-06-17-usd-michigan-consumer-expectations-02c1aec9,2023-06-17T10:00:00Z,United States,USD,Michigan Consumer Expectations,HIGH,61.3,56.5,55.4,nasdaq_economic_calendar
2023-06-17-usd-michigan-consumer-sentiment-f55d4a8b,2023-06-17T10:00:00Z,United States,USD,Michigan Consumer Sentiment,HIGH,63.9,60.0,59.2,nasdaq_economic_calendar
2023-06-21-jpy-industrial-production-1ad5016e,2023-06-21T00:30:00Z,Japan,JPY,Industrial Production,HIGH,0.7%,-0.4%,0.3%,nasdaq_economic_calendar
2023-06-21-usd-fomc-member-bullard-speaks-597e9bcc,2023-06-21T06:30:00Z,United States,USD,FOMC Member Bullard Speaks,HIGH,,,,nasdaq_economic_calendar
2023-06-21-usd-fomc-member-williams-speaks-28cda967,2023-06-21T11:45:00Z,United States,USD,FOMC Member Williams Speaks,HIGH,,,,nasdaq_economic_calendar
2023-06-21-jpy-reuters-tankan-index-fbb4654e,2023-06-21T19:00:00Z,Japan,JPY,Reuters Tankan Index,HIGH,8,,6,nasdaq_economic_calendar
2023-06-21-jpy-monetary-policy-meeting-minutes-ec2caafa,2023-06-21T19:50:00Z,Japan,JPY,Monetary Policy Meeting Minutes,HIGH,,,,nasdaq_economic_calendar
2023-06-21-jpy-boj-board-member-adachi-speaks-28dce80c,2023-06-21T21:30:00Z,Japan,JPY,BoJ Board Member Adachi Speaks,HIGH,,,,nasdaq_economic_calendar
2023-06-22-usd-fomc-member-mester-speaks-6469f9f3,2023-06-22T16:00:00Z,United States,USD,FOMC Member Mester Speaks,HIGH,,,,nasdaq_economic_calendar
2023-06-22-jpy-boj-board-member-noguchi-speaks-2241537e,2023-06-22T21:30:00Z,Japan,JPY,BoJ Board Member Noguchi Speaks,HIGH,,,,nasdaq_economic_calendar
2023-06-23-usd-fomc-member-bowman-speaks-8d0667fc,2023-06-23T09:55:00Z,United States,USD,FOMC Member Bowman Speaks,HIGH,,,,nasdaq_economic_calendar
2023-06-23-usd-fomc-member-mester-speaks-cd8f800f,2023-06-23T10:00:00Z,United States,USD,FOMC Member Mester Speaks,HIGH,,,,nasdaq_economic_calendar
2023-06-23-usd-fomc-member-barkin-speaks-fe4ac734,2023-06-23T16:30:00Z,United States,USD,FOMC Member Barkin Speaks,HIGH,,,,nasdaq_economic_calendar
2023-06-23-jpy-cpi-n-s-a-d666af13,2023-06-23T19:30:00Z,Japan,JPY,"CPI, n.s.a",HIGH,0.0%,,0.6%,nasdaq_economic_calendar
2023-06-23-jpy-national-cpi-62881b44,2023-06-23T19:30:00Z,Japan,JPY,National CPI,HIGH,3.2%,4.1%,3.5%,nasdaq_economic_calendar
2023-06-23-jpy-national-core-cpi-0c9106c9,2023-06-23T19:30:00Z,Japan,JPY,National Core CPI,HIGH,3.2%,3.1%,3.4%,nasdaq_economic_calendar
2023-06-24-usd-fomc-member-bullard-speaks-384f222e,2023-06-24T05:15:00Z,United States,USD,FOMC Member Bullard Speaks,HIGH,,,,nasdaq_economic_calendar
2023-06-24-usd-fomc-member-bostic-speaks-5c24cfcb,2023-06-24T08:00:00Z,United States,USD,FOMC Member Bostic Speaks,HIGH,,,,nasdaq_economic_calendar
2023-06-24-usd-fomc-member-mester-speaks-e0853e1a,2023-06-24T13:40:00Z,United States,USD,FOMC Member Mester Speaks,HIGH,,,,nasdaq_economic_calendar
2023-06-26-usd-fomc-member-williams-speaks-461f589b,2023-06-26T09:15:00Z,United States,USD,FOMC Member Williams Speaks,HIGH,,,,nasdaq_economic_calendar
2023-06-26-jpy-boj-summary-of-opinions-df30bb3c,2023-06-26T19:50:00Z,Japan,JPY,BoJ Summary of Opinions,HIGH,,,,nasdaq_economic_calendar
2023-06-28-jpy-boj-core-cpi-a5701091,2023-06-28T01:00:00Z,Japan,JPY,BoJ Core CPI,HIGH,3.1%,3.0%,2.9%,nasdaq_economic_calendar
2023-06-28-usd-core-durable-goods-orders-a9d45935,2023-06-28T08:30:00Z,United States,USD,Core Durable Goods Orders,HIGH,0.6%,-0.1%,-0.6%,nasdaq_economic_calendar
2023-06-28-usd-durable-goods-orders-ec1617fb,2023-06-28T08:30:00Z,United States,USD,Durable Goods Orders,HIGH,1.7%,-1.0%,1.2%,nasdaq_economic_calendar
2023-06-28-usd-cb-consumer-confidence-e4b5f5bd,2023-06-28T10:00:00Z,United States,USD,CB Consumer Confidence,HIGH,109.7,104.0,102.5,nasdaq_economic_calendar
2023-06-28-jpy-boj-gov-ueda-speaks-347f07c5,2023-06-28T21:05:00Z,Japan,JPY,BOJ Gov Ueda Speaks,HIGH,,,,nasdaq_economic_calendar
2023-06-29-jpy-retail-sales-3c9d3fd1,2023-06-29T19:50:00Z,Japan,JPY,Retail Sales,HIGH,5.7%,5.4%,5.1%,nasdaq_economic_calendar
2023-06-30-usd-core-pce-prices-534a3591,2023-06-30T08:30:00Z,United States,USD,Core PCE Prices,HIGH,4.90%,5.00%,4.40%,nasdaq_economic_calendar
2023-06-30-usd-gdp-e85c1a56,2023-06-30T08:30:00Z,United States,USD,GDP,HIGH,2.0%,1.4%,2.6%,nasdaq_economic_calendar
2023-06-30-usd-gdp-price-index-44a823bd,2023-06-30T08:30:00Z,United States,USD,GDP Price Index,HIGH,4.1%,4.2%,3.9%,nasdaq_economic_calendar
2023-06-30-usd-gdp-sales-d0fff938,2023-06-30T08:30:00Z,United States,USD,GDP Sales,HIGH,4.2%,3.5%,1.1%,nasdaq_economic_calendar
2023-06-30-usd-pce-prices-ac348c40,2023-06-30T08:30:00Z,United States,USD,PCE Prices,HIGH,4.1%,4.2%,3.7%,nasdaq_economic_calendar
2023-06-30-usd-fomc-member-bostic-speaks-81ea4ba4,2023-06-30T15:00:00Z,United States,USD,FOMC Member Bostic Speaks,HIGH,,,,nasdaq_economic_calendar
2023-06-30-jpy-cpi-tokyo-ex-food-energy-30927875,2023-06-30T19:30:00Z,Japan,JPY,CPI Tokyo Ex Food & Energy,HIGH,2.3%,,2.4%,nasdaq_economic_calendar
2023-06-30-jpy-cpi-tokyo-ex-food-and-energy-bbb135b5,2023-06-30T19:30:00Z,Japan,JPY,CPI Tokyo Ex Food and Energy,HIGH,-0.2%,,0.2%,nasdaq_economic_calendar
2023-06-30-jpy-tokyo-cpi-78df11fb,2023-06-30T19:30:00Z,Japan,JPY,Tokyo CPI,HIGH,3.1%,3.8%,3.2%,nasdaq_economic_calendar
2023-06-30-jpy-tokyo-core-cpi-11185888,2023-06-30T19:30:00Z,Japan,JPY,Tokyo Core CPI,HIGH,3.2%,3.3%,3.2%,nasdaq_economic_calendar
2023-06-30-jpy-industrial-production-b528b3f5,2023-06-30T19:50:00Z,Japan,JPY,Industrial Production,HIGH,-1.6%,-1.0%,0.7%,nasdaq_economic_calendar
2023-06-30-jpy-industrial-production-forecast-1m-ahead-64b7203e,2023-06-30T19:50:00Z,Japan,JPY,Industrial Production forecast 1m ahead,HIGH,5.6%,,1.9%,nasdaq_economic_calendar
2023-06-30-jpy-industrial-production-forecast-2m-ahead-18cec2a7,2023-06-30T19:50:00Z,Japan,JPY,Industrial Production forecast 2m ahead,HIGH,-0.6%,,1.2%,nasdaq_economic_calendar
2023-07-01-usd-core-pce-price-index-4db62904,2023-07-01T08:30:00Z,United States,USD,Core PCE Price Index,HIGH,0.3%,0.3%,0.4%,nasdaq_economic_calendar
2023-07-01-usd-pce-price-index-bc9182be,2023-07-01T08:30:00Z,United States,USD,PCE Price index,HIGH,3.8%,4.6%,4.3%,nasdaq_economic_calendar
2023-07-01-usd-pce-price-index-283e8473,2023-07-01T08:30:00Z,United States,USD,PCE price index,HIGH,0.1%,0.5%,0.4%,nasdaq_economic_calendar
2023-07-01-usd-personal-income-09cc4321,2023-07-01T08:30:00Z,United States,USD,Personal Income,HIGH,0.4%,0.3%,0.3%,nasdaq_economic_calendar
2023-07-01-usd-real-personal-consumption-2aeb941b,2023-07-01T08:30:00Z,United States,USD,Real Personal Consumption,HIGH,0.0%,0.0%,0.2%,nasdaq_economic_calendar
2023-07-01-usd-michigan-consumer-expectations-53896ae3,2023-07-01T10:00:00Z,United States,USD,Michigan Consumer Expectations,HIGH,61.5,61.3,55.4,nasdaq_economic_calendar
2023-07-01-usd-michigan-consumer-sentiment-ec7fb16c,2023-07-01T10:00:00Z,United States,USD,Michigan Consumer Sentiment,HIGH,64.4,63.9,59.2,nasdaq_economic_calendar
2023-07-01-usd-dallas-fed-pce-e99801b5,2023-07-01T12:40:00Z,United States,USD,Dallas Fed PCE,HIGH,3.20%,,4.30%,nasdaq_economic_calendar
2023-07-03-jpy-tankan-all-big-industry-capex-5b4c5f0c,2023-07-03T19:50:00Z,Japan,JPY,Tankan All Big Industry CAPEX,HIGH,13.4%,10.1%,3.2%,nasdaq_economic_calendar
2023-07-03-jpy-tankan-all-small-industry-capex-2c616859,2023-07-03T19:50:00Z,Japan,JPY,Tankan All Small Industry CAPEX,HIGH,2.4%,2.5%,1.4%,nasdaq_economic_calendar
2023-07-03-jpy-tankan-big-manufacturing-outlook-index-05d08398,2023-07-03T19:50:00Z,Japan,JPY,Tankan Big Manufacturing Outlook Index,HIGH,9,5,3,nasdaq_economic_calendar
2023-07-03-jpy-tankan-large-manufacturers-index-67f73cbc,2023-07-03T19:50:00Z,Japan,JPY,Tankan Large Manufacturers Index,HIGH,5,3,1,nasdaq_economic_calendar
2023-07-03-jpy-tankan-large-non-manufacturers-diffusion-index-076c686c,2023-07-03T19:50:00Z,Japan,JPY,Tankan Large Non-Manufacturers Diffusion Index,HIGH,20,21,15,nasdaq_economic_calendar
2023-07-03-jpy-tankan-large-non-manufacturers-index-195eb7fa,2023-07-03T19:50:00Z,Japan,JPY,Tankan Large Non-Manufacturers Index,HIGH,23,22,20,nasdaq_economic_calendar
2023-07-03-jpy-tankan-small-manufacturers-diffusion-index-c5efd3fb,2023-07-03T19:50:00Z,Japan,JPY,Tankan Small Manufacturers Diffusion Index,HIGH,-1,-21,-4,nasdaq_economic_calendar
2023-07-03-jpy-tankan-small-manufacturing-index-92f24258,2023-07-03T19:50:00Z,Japan,JPY,Tankan Small Manufacturing Index,HIGH,-5,-4,-6,nasdaq_economic_calendar
2023-07-03-jpy-tankan-small-non-manufacturers-diffusion-index-449cf9e0,2023-07-03T19:50:00Z,Japan,JPY,Tankan Small Non-Manufacturers Diffusion Index,HIGH,7,1,3,nasdaq_economic_calendar
2023-07-03-jpy-tankan-small-non-manufacturing-index-8ec48166,2023-07-03T19:50:00Z,Japan,JPY,Tankan Small Non-Manufacturing Index,HIGH,11,7,8,nasdaq_economic_calendar
2023-07-04-usd-ism-manufacturing-employment-cef09bb3,2023-07-04T10:00:00Z,United States,USD,ISM Manufacturing Employment,HIGH,48.1,50.8,51.4,nasdaq_economic_calendar
2023-07-04-usd-ism-manufacturing-new-orders-index-b7addd29,2023-07-04T10:00:00Z,United States,USD,ISM Manufacturing New Orders Index,HIGH,45.6,44.0,42.6,nasdaq_economic_calendar
2023-07-04-usd-ism-manufacturing-pmi-c4435947,2023-07-04T10:00:00Z,United States,USD,ISM Manufacturing PMI,HIGH,46.0,47.2,46.9,nasdaq_economic_calendar
2023-07-04-usd-ism-manufacturing-prices-948fdb29,2023-07-04T10:00:00Z,United States,USD,ISM Manufacturing Prices,HIGH,41.8,44.0,44.2,nasdaq_economic_calendar
2023-07-06-usd-fomc-meeting-minutes-2c80e3a2,2023-07-06T14:00:00Z,United States,USD,FOMC Meeting Minutes,HIGH,,,,nasdaq_economic_calendar
2023-07-06-usd-fomc-member-williams-speaks-5d02875a,2023-07-06T16:00:00Z,United States,USD,FOMC Member Williams Speaks,HIGH,,,,nasdaq_economic_calendar
2023-07-07-usd-adp-nonfarm-employment-change-52add223,2023-07-07T08:15:00Z,United States,USD,ADP Nonfarm Employment Change,HIGH,497K,228K,267K,nasdaq_economic_calendar
2023-07-07-usd-ism-non-manufacturing-business-activity-9b13de37,2023-07-07T10:00:00Z,United States,USD,ISM Non-Manufacturing Business Activity,HIGH,59.2,51.9,51.5,nasdaq_economic_calendar
2023-07-07-usd-ism-non-manufacturing-employment-70c885a8,2023-07-07T10:00:00Z,United States,USD,ISM Non-Manufacturing Employment,HIGH,53.1,49.9,49.2,nasdaq_economic_calendar
2023-07-07-usd-ism-non-manufacturing-new-orders-a12ace47,2023-07-07T10:00:00Z,United States,USD,ISM Non-Manufacturing New Orders,HIGH,55.5,55.9,52.9,nasdaq_economic_calendar
2023-07-07-usd-ism-non-manufacturing-pmi-eab59cb9,2023-07-07T10:00:00Z,United States,USD,ISM Non-Manufacturing PMI,HIGH,53.9,51.0,50.3,nasdaq_economic_calendar
2023-07-07-usd-ism-non-manufacturing-prices-6729d718,2023-07-07T10:00:00Z,United States,USD,ISM Non-Manufacturing Prices,HIGH,54.1,53.3,56.2,nasdaq_economic_calendar
2023-07-07-usd-jolts-job-openings-519d126d,2023-07-07T10:00:00Z,United States,USD,JOLTS Job Openings,HIGH,9.824M,9.935M,10.320M,nasdaq_economic_calendar
2023-07-08-usd-average-hourly-earnings-fbe6c22b,2023-07-08T08:30:00Z,United States,USD,Average Hourly Earnings,HIGH,0.4%,0.3%,0.4%,nasdaq_economic_calendar
2023-07-08-usd-average-hourly-earnings-yoy-539c1c73,2023-07-08T08:30:00Z,United States,USD,Average Hourly Earnings (YoY),HIGH,4.4%,4.2%,4.4%,nasdaq_economic_calendar
2023-07-08-usd-nonfarm-payrolls-87c6fc7c,2023-07-08T08:30:00Z,United States,USD,Nonfarm Payrolls,HIGH,209K,225K,306K,nasdaq_economic_calendar
2023-07-08-usd-private-nonfarm-payrolls-7e9e4038,2023-07-08T08:30:00Z,United States,USD,Private Nonfarm Payrolls,HIGH,149K,200K,259K,nasdaq_economic_calendar
2023-07-08-usd-u6-unemployment-rate-44eec15e,2023-07-08T08:30:00Z,United States,USD,U6 Unemployment Rate,HIGH,6.9%,6.6%,6.7%,nasdaq_economic_calendar
2023-07-08-usd-unemployment-rate-eb43eef3,2023-07-08T08:30:00Z,United States,USD,Unemployment Rate,HIGH,3.6%,3.6%,3.7%,nasdaq_economic_calendar
2023-07-11-usd-fomc-member-daly-speaks-b26ea551,2023-07-11T10:30:00Z,United States,USD,FOMC Member Daly Speaks,HIGH,,,,nasdaq_economic_calendar
2023-07-11-usd-fomc-member-mester-speaks-5f2c620c,2023-07-11T11:00:00Z,United States,USD,FOMC Member Mester Speaks,HIGH,,,,nasdaq_economic_calendar
2023-07-11-usd-fomc-member-bostic-speaks-a9f390fe,2023-07-11T12:00:00Z,United States,USD,FOMC Member Bostic Speaks,HIGH,,,,nasdaq_economic_calendar
2023-07-12-usd-fomc-member-bullard-speaks-75d1e291,2023-07-12T09:00:00Z,United States,USD,FOMC Member Bullard Speaks,HIGH,,,,nasdaq_economic_calendar
2023-07-13-usd-cpi-00e0a240,2023-07-13T08:30:00Z,United States,USD,CPI,HIGH,0.2%,0.3%,0.1%,nasdaq_economic_calendar
2023-07-13-usd-cpi-index-n-s-a-03880380,2023-07-13T08:30:00Z,United States,USD,"CPI Index, n.s.a.",HIGH,305.11,305.22,304.13,nasdaq_economic_calendar
2023-07-13-usd-cpi-index-s-a-a823b352,2023-07-13T08:30:00Z,United States,USD,"CPI Index, s.a",HIGH,303.84,303.70,303.29,nasdaq_economic_calendar
2023-07-13-usd-cpi-n-s-a-08d1326c,2023-07-13T08:30:00Z,United States,USD,"CPI, n.s.a",HIGH,0.32%,,0.25%,nasdaq_economic_calendar
2023-07-13-usd-core-cpi-91bc50eb,2023-07-13T08:30:00Z,United States,USD,Core CPI,HIGH,0.2%,0.3%,0.4%,nasdaq_economic_calendar
2023-07-13-usd-core-cpi-index-2758dc93,2023-07-13T08:30:00Z,United States,USD,Core CPI Index,HIGH,308.31,309.03,307.82,nasdaq_economic_calendar
2023-07-13-usd-fomc-member-kashkari-speaks-895c9931,2023-07-13T09:45:00Z,United States,USD,FOMC Member Kashkari Speaks,HIGH,,,,nasdaq_economic_calendar
2023-07-13-usd-cleveland-cpi-d289bff5,2023-07-13T11:00:00Z,United States,USD,Cleveland CPI,HIGH,0.4%,0.4%,0.4%,nasdaq_economic_calendar
2023-07-13-usd-fomc-member-bostic-speaks-6e7e814d,2023-07-13T13:00:00Z,United States,USD,FOMC Member Bostic Speaks,HIGH,,,,nasdaq_economic_calendar
2023-07-13-usd-fomc-member-mester-speaks-4ae230da,2023-07-13T16:00:00Z,United States,USD,FOMC Member Mester Speaks,HIGH,,,,nasdaq_economic_calendar
2023-07-14-usd-core-ppi-1f44fd8d,2023-07-14T08:30:00Z,United States,USD,Core PPI,HIGH,0.1%,0.2%,0.1%,nasdaq_economic_calendar
2023-07-14-usd-ppi-30f8f398,2023-07-14T08:30:00Z,United States,USD,PPI,HIGH,0.1%,0.2%,-0.4%,nasdaq_economic_calendar
2023-07-14-usd-ppi-ex-food-energy-transport-75aadb15,2023-07-14T08:30:00Z,United States,USD,PPI ex. Food/Energy/Transport,HIGH,2.6%,,2.8%,nasdaq_economic_calendar
2023-07-15-jpy-industrial-production-b0e498ad,2023-07-15T00:30:00Z,Japan,JPY,Industrial Production,HIGH,-2.2%,-1.6%,0.7%,nasdaq_economic_calendar
2023-07-15-usd-michigan-consumer-expectations-92aec762,2023-07-15T10:00:00Z,United States,USD,Michigan Consumer Expectations,HIGH,69.4,61.8,61.5,nasdaq_economic_calendar
2023-07-15-usd-michigan-consumer-sentiment-5ce1d692,2023-07-15T10:00:00Z,United States,USD,Michigan Consumer Sentiment,HIGH,72.6,65.5,64.4,nasdaq_economic_calendar
2023-07-19-usd-core-retail-sales-61135ea1,2023-07-19T08:30:00Z,United States,USD,Core Retail Sales,HIGH,0.2%,0.3%,0.3%,nasdaq_economic_calendar
2023-07-19-usd-retail-sales-a911263f,2023-07-19T08:30:00Z,United States,USD,Retail Sales,HIGH,1.49%,1.60%,1.96%,nasdaq_economic_calendar
2023-07-19-usd-retail-sales-ex-gas-autos-e8494a04,2023-07-19T08:30:00Z,United States,USD,Retail Sales Ex Gas/Autos,HIGH,0.3%,0.0%,0.5%,nasdaq_economic_calendar
2023-07-19-usd-industrial-production-93814fca,2023-07-19T09:15:00Z,United States,USD,Industrial Production,HIGH,-0.5%,0.0%,-0.5%,nasdaq_economic_calendar
2023-07-19-jpy-reuters-tankan-index-70ba098e,2023-07-19T19:00:00Z,Japan,JPY,Reuters Tankan Index,HIGH,3,,8,nasdaq_economic_calendar
2023-07-20-jpy-adjusted-trade-balance-017c1f18,2023-07-20T19:50:00Z,Japan,JPY,Adjusted Trade Balance,HIGH,-0.55T,-0.90T,-0.78T,nasdaq_economic_calendar
2023-07-20-jpy-trade-balance-c6ecc033,2023-07-20T19:50:00Z,Japan,JPY,Trade Balance,HIGH,43.0B,-46.7B,"-1,381.9B",nasdaq_economic_calendar
2023-07-21-jpy-cpi-n-s-a-50aee0fd,2023-07-21T19:30:00Z,Japan,JPY,"CPI, n.s.a",HIGH,0.2%,,0.0%,nasdaq_economic_calendar
2023-07-21-jpy-national-cpi-7b79ae7c,2023-07-21T19:30:00Z,Japan,JPY,National CPI,HIGH,3.3%,3.5%,3.2%,nasdaq_economic_calendar
2023-07-21-jpy-national-core-cpi-34067833,2023-07-21T19:30:00Z,Japan,JPY,National Core CPI,HIGH,3.3%,3.3%,3.2%,nasdaq_economic_calendar
2023-07-26-jpy-boj-core-cpi-d8171a89,2023-07-26T01:00:00Z,Japan,JPY,BoJ Core CPI,HIGH,3.0%,3.0%,3.1%,nasdaq_economic_calendar
2023-07-26-usd-cb-consumer-confidence-146d4a32,2023-07-26T10:00:00Z,United States,USD,CB Consumer Confidence,HIGH,117.0,111.8,110.1,nasdaq_economic_calendar
2023-07-27-usd-fomc-statement-ce31aaa2,2023-07-27T14:00:00Z,United States,USD,FOMC Statement,HIGH,,,,nasdaq_economic_calendar
2023-07-27-usd-fed-interest-rate-decision-83552957,2023-07-27T14:00:00Z,United States,USD,Fed Interest Rate Decision,HIGH,5.50%,5.50%,5.25%,nasdaq_economic_calendar
2023-07-27-usd-fomc-press-conference-53b4ae33,2023-07-27T14:30:00Z,United States,USD,FOMC Press Conference,HIGH,,,,nasdaq_economic_calendar
2023-07-28-usd-core-durable-goods-orders-cc1e9519,2023-07-28T08:30:00Z,United States,USD,Core Durable Goods Orders,HIGH,0.6%,0.0%,0.6%,nasdaq_economic_calendar
2023-07-28-usd-core-pce-prices-27592546,2023-07-28T08:30:00Z,United States,USD,Core PCE Prices,HIGH,3.80%,4.00%,4.90%,nasdaq_economic_calendar
2023-07-28-usd-durable-goods-orders-34c5d44a,2023-07-28T08:30:00Z,United States,USD,Durable Goods Orders,HIGH,4.7%,1.0%,2.0%,nasdaq_economic_calendar
2023-07-28-usd-gdp-30d305f7,2023-07-28T08:30:00Z,United States,USD,GDP,HIGH,2.4%,1.8%,2.0%,nasdaq_economic_calendar
2023-07-28-usd-gdp-price-index-d17abd4f,2023-07-28T08:30:00Z,United States,USD,GDP Price Index,HIGH,2.2%,3.0%,4.1%,nasdaq_economic_calendar
2023-07-28-usd-gdp-sales-df669f3c,2023-07-28T08:30:00Z,United States,USD,GDP Sales,HIGH,2.3%,1.4%,4.2%,nasdaq_economic_calendar
2023-07-28-usd-pce-prices-7f3fb2a3,2023-07-28T08:30:00Z,United States,USD,PCE Prices,HIGH,2.6%,,4.1%,nasdaq_economic_calendar
2023-07-28-jpy-cpi-tokyo-ex-food-energy-bbfb4daa,2023-07-28T19:30:00Z,Japan,JPY,CPI Tokyo Ex Food & Energy,HIGH,2.5%,,2.3%,nasdaq_economic_calendar
2023-07-28-jpy-cpi-tokyo-ex-food-and-energy-de5d2ac0,2023-07-28T19:30:00Z,Japan,JPY,CPI Tokyo Ex Food and Energy,HIGH,0.5%,,-0.2%,nasdaq_economic_calendar
2023-07-28-jpy-tokyo-cpi-2826fadf,2023-07-28T19:30:00Z,Japan,JPY,Tokyo CPI,HIGH,3.2%,2.8%,3.2%,nasdaq_economic_calendar
2023-07-28-jpy-tokyo-core-cpi-089efaa9,2023-07-28T19:30:00Z,Japan,JPY,Tokyo Core CPI,HIGH,3.0%,2.9%,3.2%,nasdaq_economic_calendar
2023-07-28-jpy-boj-interest-rate-decision-dfb9ae01,2023-07-28T23:00:00Z,Japan,JPY,BoJ Interest Rate Decision,HIGH,-0.10%,-0.10%,-0.10%,nasdaq_economic_calendar
2023-07-28-jpy-boj-monetary-policy-statement-434e9a21,2023-07-28T23:00:00Z,Japan,JPY,BoJ Monetary Policy Statement,HIGH,,,,nasdaq_economic_calendar
2023-07-28-jpy-boj-outlook-report-1d5d7746,2023-07-28T23:00:00Z,Japan,JPY,BoJ Outlook Report,HIGH,,,,nasdaq_economic_calendar
2023-07-29-jpy-boj-press-conference-df32bed7,2023-07-29T02:00:00Z,Japan,JPY,BoJ Press Conference,HIGH,,,,nasdaq_economic_calendar
2023-07-29-usd-core-pce-price-index-f2dfb30a,2023-07-29T08:30:00Z,United States,USD,Core PCE Price Index,HIGH,0.2%,0.2%,0.3%,nasdaq_economic_calendar
2023-07-29-usd-employment-cost-index-1e4ec279,2023-07-29T08:30:00Z,United States,USD,Employment Cost Index,HIGH,1.0%,1.1%,1.2%,nasdaq_economic_calendar
2023-07-29-usd-pce-price-index-bd50f17a,2023-07-29T08:30:00Z,United States,USD,PCE Price index,HIGH,3.0%,3.1%,3.8%,nasdaq_economic_calendar
2023-07-29-usd-pce-price-index-0516256c,2023-07-29T08:30:00Z,United States,USD,PCE price index,HIGH,0.2%,0.2%,0.1%,nasdaq_economic_calendar
2023-07-29-usd-personal-income-fc3e73a6,2023-07-29T08:30:00Z,United States,USD,Personal Income,HIGH,0.3%,0.5%,0.5%,nasdaq_economic_calendar
2023-07-29-usd-real-personal-consumption-b76c7da8,2023-07-29T08:30:00Z,United States,USD,Real Personal Consumption,HIGH,0.4%,,0.1%,nasdaq_economic_calendar
2023-07-29-usd-michigan-consumer-expectations-1c624539,2023-07-29T10:00:00Z,United States,USD,Michigan Consumer Expectations,HIGH,68.3,69.4,61.5,nasdaq_economic_calendar
2023-07-29-usd-michigan-consumer-sentiment-fd3f013c,2023-07-29T10:00:00Z,United States,USD,Michigan Consumer Sentiment,HIGH,71.6,72.6,64.4,nasdaq_economic_calendar
2023-07-29-usd-dallas-fed-pce-5067539c,2023-07-29T10:20:00Z,United States,USD,Dallas Fed PCE,HIGH,2.50%,4.30%,3.50%,nasdaq_economic_calendar
2023-07-31-jpy-industrial-production-a2601cae,2023-07-31T19:50:00Z,Japan,JPY,Industrial Production,HIGH,2.0%,2.4%,-2.2%,nasdaq_economic_calendar
2023-07-31-jpy-industrial-production-forecast-1m-ahead-2510d76a,2023-07-31T19:50:00Z,Japan,JPY,Industrial Production forecast 1m ahead,HIGH,-0.2%,,5.6%,nasdaq_economic_calendar
2023-07-31-jpy-industrial-production-forecast-2m-ahead-cef8fe53,2023-07-31T19:50:00Z,Japan,JPY,Industrial Production forecast 2m ahead,HIGH,1.1%,,-0.6%,nasdaq_economic_calendar
2023-07-31-jpy-large-scale-retail-sales-yoy-eee340dd,2023-07-31T19:50:00Z,Japan,JPY,Large Scale Retail Sales YoY,HIGH,4.0%,,4.0%,nasdaq_economic_calendar
2023-07-31-jpy-retail-sales-17bd4c58,2023-07-31T19:50:00Z,Japan,JPY,Retail Sales,HIGH,5.9%,5.9%,5.8%,nasdaq_economic_calendar
2023-08-02-usd-ism-manufacturing-employment-812d73f4,2023-08-02T10:00:00Z,United States,USD,ISM Manufacturing Employment,HIGH,44.4,48.0,48.1,nasdaq_economic_calendar
2023-08-02-usd-ism-manufacturing-new-orders-index-2669df82,2023-08-02T10:00:00Z,United States,USD,ISM Manufacturing New Orders Index,HIGH,47.3,44.0,45.6,nasdaq_economic_calendar
2023-08-02-usd-ism-manufacturing-pmi-91311342,2023-08-02T10:00:00Z,United States,USD,ISM Manufacturing PMI,HIGH,46.4,46.8,46.0,nasdaq_economic_calendar
2023-08-02-usd-ism-manufacturing-prices-599abd40,2023-08-02T10:00:00Z,United States,USD,ISM Manufacturing Prices,HIGH,42.6,42.8,41.8,nasdaq_economic_calendar
2023-08-02-usd-jolts-job-openings-c77771e8,2023-08-02T10:00:00Z,United States,USD,JOLTS Job Openings,HIGH,9.582M,9.610M,9.616M,nasdaq_economic_calendar
2023-08-02-jpy-monetary-policy-meeting-minutes-e233bf80,2023-08-02T19:50:00Z,Japan,JPY,Monetary Policy Meeting Minutes,HIGH,,,,nasdaq_economic_calendar
2023-08-03-usd-adp-nonfarm-employment-change-8c76524b,2023-08-03T08:15:00Z,United States,USD,ADP Nonfarm Employment Change,HIGH,324K,189K,455K,nasdaq_economic_calendar
2023-08-04-usd-nonfarm-productivity-6fc62690,2023-08-04T08:30:00Z,United States,USD,Nonfarm Productivity,HIGH,3.7%,2.0%,-1.2%,nasdaq_economic_calendar
2023-08-04-usd-ism-non-manufacturing-business-activity-95b61bbc,2023-08-04T10:00:00Z,United States,USD,ISM Non-Manufacturing Business Activity,HIGH,57.1,57.2,59.2,nasdaq_economic_calendar
2023-08-04-usd-ism-non-manufacturing-employment-46adc5f1,2023-08-04T10:00:00Z,United States,USD,ISM Non-Manufacturing Employment,HIGH,50.7,51.1,53.1,nasdaq_economic_calendar
2023-08-04-usd-ism-non-manufacturing-new-orders-33b98c69,2023-08-04T10:00:00Z,United States,USD,ISM Non-Manufacturing New Orders,HIGH,55.0,55.6,55.5,nasdaq_economic_calendar
2023-08-04-usd-ism-non-manufacturing-pmi-25825c00,2023-08-04T10:00:00Z,United States,USD,ISM Non-Manufacturing PMI,HIGH,52.7,53.0,53.9,nasdaq_economic_calendar
2023-08-04-usd-ism-non-manufacturing-prices-82f52f0a,2023-08-04T10:00:00Z,United States,USD,ISM Non-Manufacturing Prices,HIGH,56.8,52.1,54.1,nasdaq_economic_calendar
2023-08-05-usd-average-hourly-earnings-62a9c3cb,2023-08-05T08:30:00Z,United States,USD,Average Hourly Earnings,HIGH,0.4%,0.3%,0.4%,nasdaq_economic_calendar
2023-08-05-usd-average-hourly-earnings-yoy-d97708e9,2023-08-05T08:30:00Z,United States,USD,Average Hourly Earnings (YoY),HIGH,4.4%,4.2%,4.4%,nasdaq_economic_calendar
2023-08-05-usd-nonfarm-payrolls-9bd466c0,2023-08-05T08:30:00Z,United States,USD,Nonfarm Payrolls,HIGH,187K,200K,185K,nasdaq_economic_calendar
2023-08-05-usd-private-nonfarm-payrolls-19a2b7cc,2023-08-05T08:30:00Z,United States,USD,Private Nonfarm Payrolls,HIGH,172K,179K,128K,nasdaq_economic_calendar
2023-08-05-usd-u6-unemployment-rate-e166f06a,2023-08-05T08:30:00Z,United States,USD,U6 Unemployment Rate,HIGH,6.7%,6.8%,6.9%,nasdaq_economic_calendar
2023-08-05-usd-unemployment-rate-6f873d70,2023-08-05T08:30:00Z,United States,USD,Unemployment Rate,HIGH,3.5%,3.6%,3.6%,nasdaq_economic_calendar
2023-08-07-jpy-boj-summary-of-opinions-a7c30b50,2023-08-07T19:50:00Z,Japan,JPY,BoJ Summary of Opinions,HIGH,,,,nasdaq_economic_calendar
2023-08-08-usd-fomc-member-harker-speaks-05f05153,2023-08-08T08:15:00Z,United States,USD,FOMC Member Harker Speaks,HIGH,,,,nasdaq_economic_calendar
2023-08-08-usd-fomc-member-bostic-speaks-736a9869,2023-08-08T08:30:00Z,United States,USD,FOMC Member Bostic Speaks,HIGH,,,,nasdaq_economic_calendar
2023-08-08-usd-fomc-member-bowman-speaks-d36c48ab,2023-08-08T08:30:00Z,United States,USD,FOMC Member Bowman Speaks,HIGH,,,,nasdaq_economic_calendar
2023-08-09-usd-fomc-member-harker-speaks-afc951b2,2023-08-09T08:15:00Z,United States,USD,FOMC Member Harker Speaks,HIGH,,,,nasdaq_economic_calendar
2023-08-09-usd-fomc-member-barkin-speaks-a5fe7588,2023-08-09T08:30:00Z,United States,USD,FOMC Member Barkin Speaks,HIGH,,,,nasdaq_economic_calendar
2023-08-11-usd-cpi-abacdb53,2023-08-11T08:30:00Z,United States,USD,CPI,HIGH,0.2%,0.2%,0.2%,nasdaq_economic_calendar
2023-08-11-usd-cpi-index-n-s-a-2fe26cbf,2023-08-11T08:30:00Z,United States,USD,"CPI Index, n.s.a.",HIGH,305.69,305.84,305.11,nasdaq_economic_calendar
2023-08-11-usd-cpi-index-s-a-74072680,2023-08-11T08:30:00Z,United States,USD,"CPI Index, s.a",HIGH,304.35,,303.84,nasdaq_economic_calendar
2023-08-11-usd-cpi-n-s-a-ccb86fca,2023-08-11T08:30:00Z,United States,USD,"CPI, n.s.a",HIGH,0.19%,,0.32%,nasdaq_economic_calendar
2023-08-11-usd-core-cpi-944f2f56,2023-08-11T08:30:00Z,United States,USD,Core CPI,HIGH,0.2%,0.2%,0.2%,nasdaq_economic_calendar
2023-08-11-usd-core-cpi-index-53c7d450,2023-08-11T08:30:00Z,United States,USD,Core CPI Index,HIGH,308.80,308.33,308.31,nasdaq_economic_calendar
2023-08-11-usd-cleveland-cpi-73a2054f,2023-08-11T11:00:00Z,United States,USD,Cleveland CPI,HIGH,0.2%,0.4%,0.4%,nasdaq_economic_calendar
2023-08-11-usd-fomc-member-bostic-speaks-bea90c1e,2023-08-11T15:00:00Z,United States,USD,FOMC Member Bostic Speaks,HIGH,,,,nasdaq_economic_calendar
2023-08-11-usd-fomc-member-harker-speaks-63b2a701,2023-08-11T15:00:00Z,United States,USD,FOMC Member Harker Speaks,HIGH,,,,nasdaq_economic_calendar
2023-08-11-usd-fomc-member-harker-speaks-b2891672,2023-08-11T16:15:00Z,United States,USD,FOMC Member Harker Speaks,HIGH,,,,nasdaq_economic_calendar
2023-08-12-usd-core-ppi-e8a363d1,2023-08-12T08:30:00Z,United States,USD,Core PPI,HIGH,0.3%,0.2%,-0.1%,nasdaq_economic_calendar
2023-08-12-usd-ppi-a7bed366,2023-08-12T08:30:00Z,United States,USD,PPI,HIGH,0.3%,0.2%,0.0%,nasdaq_economic_calendar
2023-08-12-usd-ppi-ex-food-energy-transport-cf5dfc9b,2023-08-12T08:30:00Z,United States,USD,PPI ex. Food/Energy/Transport,HIGH,2.7%,,2.7%,nasdaq_economic_calendar
2023-08-12-usd-michigan-consumer-expectations-531b96e4,2023-08-12T10:00:00Z,United States,USD,Michigan Consumer Expectations,HIGH,67.3,68.1,68.3,nasdaq_economic_calendar
2023-08-12-usd-michigan-consumer-sentiment-43c950e7,2023-08-12T10:00:00Z,United States,USD,Michigan Consumer Sentiment,HIGH,71.2,71.0,71.6,nasdaq_economic_calendar
2023-08-15-jpy-gdp-b5ce6f0a,2023-08-15T19:50:00Z,Japan,JPY,GDP,HIGH,6.0%,3.1%,3.7%,nasdaq_economic_calendar
2023-08-15-jpy-gdp-capital-expenditure-450c5886,2023-08-15T19:50:00Z,Japan,JPY,GDP Capital Expenditure,HIGH,0.0%,0.4%,1.8%,nasdaq_economic_calendar
2023-08-15-jpy-gdp-external-demand-c81e397e,2023-08-15T19:50:00Z,Japan,JPY,GDP External Demand,HIGH,1.8%,0.9%,-0.3%,nasdaq_economic_calendar
2023-08-15-jpy-gdp-price-index-6e38d73d,2023-08-15T19:50:00Z,Japan,JPY,GDP Price Index,HIGH,3.4%,2.0%,2.0%,nasdaq_economic_calendar
2023-08-15-jpy-gdp-private-consumption-aa4a403a,2023-08-15T19:50:00Z,Japan,JPY,GDP Private Consumption,HIGH,-0.5%,0.1%,0.6%,nasdaq_economic_calendar
2023-08-16-jpy-industrial-production-0e367bb4,2023-08-16T00:30:00Z,Japan,JPY,Industrial Production,HIGH,2.4%,2.0%,-2.2%,nasdaq_economic_calendar
2023-08-16-usd-core-retail-sales-4ca322f0,2023-08-16T08:30:00Z,United States,USD,Core Retail Sales,HIGH,1.0%,-0.3%,0.2%,nasdaq_economic_calendar
2023-08-16-usd-retail-sales-1f10f1a8,2023-08-16T08:30:00Z,United States,USD,Retail Sales,HIGH,0.7%,0.4%,0.3%,nasdaq_economic_calendar
2023-08-16-usd-retail-sales-ex-gas-autos-513bbb76,2023-08-16T08:30:00Z,United States,USD,Retail Sales Ex Gas/Autos,HIGH,1.0%,0.1%,0.4%,nasdaq_economic_calendar
2023-08-16-usd-fomc-member-kashkari-speaks-4841f629,2023-08-16T11:00:00Z,United States,USD,FOMC Member Kashkari Speaks,HIGH,,,,nasdaq_economic_calendar
2023-08-16-jpy-reuters-tankan-index-e54862bc,2023-08-16T19:00:00Z,Japan,JPY,Reuters Tankan Index,HIGH,12,,3,nasdaq_economic_calendar
2023-08-17-usd-industrial-production-9b40452c,2023-08-17T09:15:00Z,United States,USD,Industrial Production,HIGH,1.0%,0.3%,-0.8%,nasdaq_economic_calendar
2023-08-17-usd-fomc-meeting-minutes-25ddf050,2023-08-17T14:00:00Z,United States,USD,FOMC Meeting Minutes,HIGH,,,,nasdaq_economic_calendar
2023-08-17-jpy-adjusted-trade-balance-d83a9aa3,2023-08-17T19:50:00Z,Japan,JPY,Adjusted Trade Balance,HIGH,-0.56T,-0.66T,-0.54T,nasdaq_economic_calendar
2023-08-17-jpy-trade-balance-d552c4bf,2023-08-17T19:50:00Z,Japan,JPY,Trade Balance,HIGH,-78.7B,24.6B,43.1B,nasdaq_economic_calendar
2023-08-18-jpy-cpi-n-s-a-dbeb2cc9,2023-08-18T19:30:00Z,Japan,JPY,"CPI, n.s.a",HIGH,0.4%,,0.2%,nasdaq_economic_calendar
2023-08-18-jpy-national-cpi-e2ef2679,2023-08-18T19:30:00Z,Japan,JPY,National CPI,HIGH,3.3%,2.5%,3.3%,nasdaq_economic_calendar
2023-08-18-jpy-national-core-cpi-7bce8b8e,2023-08-18T19:30:00Z,Japan,JPY,National Core CPI,HIGH,3.1%,3.1%,3.3%,nasdaq_economic_calendar
2023-08-23-jpy-boj-core-cpi-1ba154cc,2023-08-23T01:00:00Z,Japan,JPY,BoJ Core CPI,HIGH,3.3%,2.9%,3.0%,nasdaq_economic_calendar
2023-08-23-usd-fomc-member-barkin-speaks-3c4e6798,2023-08-23T07:30:00Z,United States,USD,FOMC Member Barkin Speaks,HIGH,,,,nasdaq_economic_calendar
2023-08-23-usd-fomc-member-bowman-speaks-f4092619,2023-08-23T14:30:00Z,United States,USD,FOMC Member Bowman Speaks,HIGH,,,,nasdaq_economic_calendar
2023-08-25-usd-core-durable-goods-orders-ee88adab,2023-08-25T08:30:00Z,United States,USD,Core Durable Goods Orders,HIGH,0.5%,0.2%,0.2%,nasdaq_economic_calendar
2023-08-25-usd-durable-goods-orders-bb8550e3,2023-08-25T08:30:00Z,United States,USD,Durable Goods Orders,HIGH,-5.2%,-4.0%,4.4%,nasdaq_economic_calendar
2023-08-25-jpy-cpi-tokyo-ex-food-energy-262a684d,2023-08-25T19:30:00Z,Japan,JPY,CPI Tokyo Ex Food & Energy,HIGH,2.6%,,2.5%,nasdaq_economic_calendar
2023-08-25-jpy-cpi-tokyo-ex-food-and-energy-8f6fb1cc,2023-08-25T19:30:00Z,Japan,JPY,CPI Tokyo Ex Food and Energy,HIGH,0.4%,,0.5%,nasdaq_economic_calendar
2023-08-25-jpy-tokyo-cpi-1d7533f1,2023-08-25T19:30:00Z,Japan,JPY,Tokyo CPI,HIGH,2.9%,3.0%,3.2%,nasdaq_economic_calendar
2023-08-25-jpy-tokyo-core-cpi-2f927573,2023-08-25T19:30:00Z,Japan,JPY,Tokyo Core CPI,HIGH,2.8%,2.9%,3.0%,nasdaq_economic_calendar
2023-08-26-usd-michigan-consumer-expectations-f65d28df,2023-08-26T10:00:00Z,United States,USD,Michigan Consumer Expectations,HIGH,65.5,67.3,68.3,nasdaq_economic_calendar
2023-08-26-usd-michigan-consumer-sentiment-8388fabd,2023-08-26T10:00:00Z,United States,USD,Michigan Consumer Sentiment,HIGH,69.5,71.2,71.6,nasdaq_economic_calendar
2023-08-26-jpy-boj-gov-ueda-speaks-73ddea80,2023-08-26T21:05:00Z,Japan,JPY,BOJ Gov Ueda Speaks,HIGH,,,,nasdaq_economic_calendar
2023-08-30-usd-cb-consumer-confidence-58548e8b,2023-08-30T10:00:00Z,United States,USD,CB Consumer Confidence,HIGH,106.1,116.0,114.0,nasdaq_economic_calendar
2023-08-30-usd-jolts-job-openings-463b94ae,2023-08-30T10:00:00Z,United States,USD,JOLTS Job Openings,HIGH,8.827M,9.465M,9.165M,nasdaq_economic_calendar
2023-08-30-jpy-boj-tamura-speaks-80776f8c,2023-08-30T21:30:00Z,Japan,JPY,BoJ Tamura Speaks,HIGH,,,,nasdaq_economic_calendar
2023-08-31-usd-adp-nonfarm-employment-change-bab50932,2023-08-31T08:15:00Z,United States,USD,ADP Nonfarm Employment Change,HIGH,177K,195K,371K,nasdaq_economic_calendar
2023-08-31-usd-core-pce-prices-12cdc65d,2023-08-31T08:30:00Z,United States,USD,Core PCE Prices,HIGH,3.70%,3.80%,4.90%,nasdaq_economic_calendar
2023-08-31-usd-gdp-02f6e468,2023-08-31T08:30:00Z,United States,USD,GDP,HIGH,2.1%,2.4%,2.0%,nasdaq_economic_calendar
2023-08-31-usd-gdp-price-index-d49eaab1,2023-08-31T08:30:00Z,United States,USD,GDP Price Index,HIGH,2.0%,2.2%,4.1%,nasdaq_economic_calendar
2023-08-31-usd-gdp-sales-70a9b5a7,2023-08-31T08:30:00Z,United States,USD,GDP Sales,HIGH,2.2%,2.3%,4.2%,nasdaq_economic_calendar
2023-08-31-usd-pce-prices-4f4cf8e2,2023-08-31T08:30:00Z,United States,USD,PCE Prices,HIGH,2.5%,2.6%,4.1%,nasdaq_economic_calendar
2023-08-31-jpy-industrial-production-fed80d00,2023-08-31T19:50:00Z,Japan,JPY,Industrial Production,HIGH,-2.0%,-1.4%,2.4%,nasdaq_economic_calendar
2023-08-31-jpy-industrial-production-forecast-1m-ahead-8640a676,2023-08-31T19:50:00Z,Japan,JPY,Industrial Production forecast 1m ahead,HIGH,2.6%,,-0.2%,nasdaq_economic_calendar
2023-08-31-jpy-industrial-production-forecast-2m-ahead-3f2fb056,2023-08-31T19:50:00Z,Japan,JPY,Industrial Production forecast 2m ahead,HIGH,2.4%,,1.1%,nasdaq_economic_calendar
2023-08-31-jpy-large-scale-retail-sales-yoy-09b2a12d,2023-08-31T19:50:00Z,Japan,JPY,Large Scale Retail Sales YoY,HIGH,6.0%,,4.0%,nasdaq_economic_calendar
2023-08-31-jpy-retail-sales-b46ef11a,2023-08-31T19:50:00Z,Japan,JPY,Retail Sales,HIGH,6.8%,5.4%,5.6%,nasdaq_economic_calendar
2023-08-31-jpy-boj-board-member-nakamura-speaks-d941cbc7,2023-08-31T21:30:00Z,Japan,JPY,BoJ Board Member Nakamura Speaks,HIGH,,,,nasdaq_economic_calendar
2023-09-01-usd-core-pce-price-index-dbb82995,2023-09-01T08:30:00Z,United States,USD,Core PCE Price Index,HIGH,0.2%,0.2%,0.2%,nasdaq_economic_calendar
2023-09-01-usd-pce-price-index-84c2ab75,2023-09-01T08:30:00Z,United States,USD,PCE Price index,HIGH,3.3%,3.3%,3.0%,nasdaq_economic_calendar
2023-09-01-usd-pce-price-index-eaa1f302,2023-09-01T08:30:00Z,United States,USD,PCE price index,HIGH,0.2%,0.2%,0.2%,nasdaq_economic_calendar
2023-09-01-usd-personal-income-72106427,2023-09-01T08:30:00Z,United States,USD,Personal Income,HIGH,0.2%,0.3%,0.3%,nasdaq_economic_calendar
2023-09-01-usd-real-personal-consumption-64e09b13,2023-09-01T08:30:00Z,United States,USD,Real Personal Consumption,HIGH,0.6%,0.0%,0.4%,nasdaq_economic_calendar
2023-09-01-usd-dallas-fed-pce-e3653615,2023-09-01T12:41:00Z,United States,USD,Dallas Fed PCE,HIGH,2.40%,,2.60%,nasdaq_economic_calendar
2023-09-02-usd-average-hourly-earnings-58b7e8a9,2023-09-02T08:30:00Z,United States,USD,Average Hourly Earnings,HIGH,0.2%,0.3%,0.4%,nasdaq_economic_calendar
2023-09-02-usd-average-hourly-earnings-yoy-507d4337,2023-09-02T08:30:00Z,United States,USD,Average Hourly Earnings (YoY),HIGH,4.3%,4.4%,4.4%,nasdaq_economic_calendar
2023-09-02-usd-nonfarm-payrolls-27584841,2023-09-02T08:30:00Z,United States,USD,Nonfarm Payrolls,HIGH,187K,170K,157K,nasdaq_economic_calendar
2023-09-02-usd-private-nonfarm-payrolls-af2b28f3,2023-09-02T08:30:00Z,United States,USD,Private Nonfarm Payrolls,HIGH,179K,150K,155K,nasdaq_economic_calendar
2023-09-02-usd-u6-unemployment-rate-f6f3e0c7,2023-09-02T08:30:00Z,United States,USD,U6 Unemployment Rate,HIGH,7.1%,6.8%,6.7%,nasdaq_economic_calendar
2023-09-02-usd-unemployment-rate-dbee5997,2023-09-02T08:30:00Z,United States,USD,Unemployment Rate,HIGH,3.8%,3.5%,3.5%,nasdaq_economic_calendar
2023-09-02-usd-ism-manufacturing-employment-3b2b2451,2023-09-02T10:00:00Z,United States,USD,ISM Manufacturing Employment,HIGH,48.5,44.2,44.4,nasdaq_economic_calendar
2023-09-02-usd-ism-manufacturing-new-orders-index-f60742d6,2023-09-02T10:00:00Z,United States,USD,ISM Manufacturing New Orders Index,HIGH,46.8,,47.3,nasdaq_economic_calendar
2023-09-02-usd-ism-manufacturing-pmi-6d9ceedb,2023-09-02T10:00:00Z,United States,USD,ISM Manufacturing PMI,HIGH,47.6,47.0,46.4,nasdaq_economic_calendar
2023-09-02-usd-ism-manufacturing-prices-3ef325e2,2023-09-02T10:00:00Z,United States,USD,ISM Manufacturing Prices,HIGH,48.4,43.9,42.6,nasdaq_economic_calendar
2023-09-07-usd-ism-non-manufacturing-business-activity-a6f57e7a,2023-09-07T10:00:00Z,United States,USD,ISM Non-Manufacturing Business Activity,HIGH,57.3,,57.1,nasdaq_economic_calendar
2023-09-07-usd-ism-non-manufacturing-employment-7f0b5394,2023-09-07T10:00:00Z,United States,USD,ISM Non-Manufacturing Employment,HIGH,54.7,,50.7,nasdaq_economic_calendar
2023-09-07-usd-ism-non-manufacturing-new-orders-b01919c4,2023-09-07T10:00:00Z,United States,USD,ISM Non-Manufacturing New Orders,HIGH,57.5,,55.0,nasdaq_economic_calendar
2023-09-07-usd-ism-non-manufacturing-pmi-16a6c304,2023-09-07T10:00:00Z,United States,USD,ISM Non-Manufacturing PMI,HIGH,54.5,52.5,52.7,nasdaq_economic_calendar
2023-09-07-usd-ism-non-manufacturing-prices-bad5aa45,2023-09-07T10:00:00Z,United States,USD,ISM Non-Manufacturing Prices,HIGH,58.9,,56.8,nasdaq_economic_calendar
2023-09-07-jpy-boj-board-member-nakagawa-speaks-17b09374,2023-09-07T21:30:00Z,Japan,JPY,BoJ Board Member Nakagawa Speaks,HIGH,,,,nasdaq_economic_calendar
2023-09-08-usd-nonfarm-productivity-466737bc,2023-09-08T08:30:00Z,United States,USD,Nonfarm Productivity,HIGH,3.5%,3.7%,-2.1%,nasdaq_economic_calendar
2023-09-08-usd-fomc-member-harker-speaks-246a0d7e,2023-09-08T10:00:00Z,United States,USD,FOMC Member Harker Speaks,HIGH,,,,nasdaq_economic_calendar
2023-09-08-usd-fomc-member-williams-speaks-873a5401,2023-09-08T15:30:00Z,United States,USD,FOMC Member Williams Speaks,HIGH,,,,nasdaq_economic_calendar
2023-09-08-usd-fomc-member-bostic-speaks-5351e1ca,2023-09-08T15:45:00Z,United States,USD,FOMC Member Bostic Speaks,HIGH,,,,nasdaq_economic_calendar
2023-09-08-usd-fomc-member-bowman-speaks-3a0a54af,2023-09-08T16:55:00Z,United States,USD,FOMC Member Bowman Speaks,HIGH,,,,nasdaq_economic_calendar
2023-09-08-jpy-gdp-bbf734b5,2023-09-08T19:50:00Z,Japan,JPY,GDP,HIGH,1.2%,1.5%,0.8%,nasdaq_economic_calendar
2023-09-08-jpy-gdp-capital-expenditure-0c4c081f,2023-09-08T19:50:00Z,Japan,JPY,GDP Capital Expenditure,HIGH,-1.0%,0.0%,1.4%,nasdaq_economic_calendar
2023-09-08-jpy-gdp-external-demand-145d254e,2023-09-08T19:50:00Z,Japan,JPY,GDP External Demand,HIGH,1.8%,1.8%,-0.3%,nasdaq_economic_calendar
2023-09-08-jpy-gdp-price-index-11350d2d,2023-09-08T19:50:00Z,Japan,JPY,GDP Price Index,HIGH,3.5%,3.4%,3.4%,nasdaq_economic_calendar
2023-09-08-jpy-gdp-private-consumption-5f806260,2023-09-08T19:50:00Z,Japan,JPY,GDP Private Consumption,HIGH,-0.6%,-0.5%,0.5%,nasdaq_economic_calendar
2023-09-13-jpy-reuters-tankan-index-5d5fa876,2023-09-13T19:00:00Z,Japan,JPY,Reuters Tankan Index,HIGH,4,,12,nasdaq_economic_calendar
2023-09-14-usd-cpi-ca8a4120,2023-09-14T08:30:00Z,United States,USD,CPI,HIGH,3.7%,3.6%,3.2%,nasdaq_economic_calendar
2023-09-14-usd-cpi-index-n-s-a-595d8628,2023-09-14T08:30:00Z,United States,USD,"CPI Index, n.s.a.",HIGH,307.03,306.98,305.69,nasdaq_economic_calendar
2023-09-14-usd-cpi-index-s-a-35a5baee,2023-09-14T08:30:00Z,United States,USD,"CPI Index, s.a",HIGH,306.27,,304.35,nasdaq_economic_calendar
2023-09-14-usd-cpi-n-s-a-7fccd46a,2023-09-14T08:30:00Z,United States,USD,"CPI, n.s.a",HIGH,0.44%,,0.19%,nasdaq_economic_calendar
2023-09-14-usd-core-cpi-b7094447,2023-09-14T08:30:00Z,United States,USD,Core CPI,HIGH,0.3%,0.2%,0.2%,nasdaq_economic_calendar
2023-09-14-usd-core-cpi-index-5033167f,2023-09-14T08:30:00Z,United States,USD,Core CPI Index,HIGH,309.66,,308.80,nasdaq_economic_calendar
2023-09-14-usd-cleveland-cpi-a40e2a52,2023-09-14T11:00:00Z,United States,USD,Cleveland CPI,HIGH,0.3%,,0.2%,nasdaq_economic_calendar
2023-09-15-jpy-industrial-production-f94c1991,2023-09-15T00:30:00Z,Japan,JPY,Industrial Production,HIGH,-1.8%,-2.0%,-2.4%,nasdaq_economic_calendar
2023-09-15-usd-core-ppi-91cf438d,2023-09-15T08:30:00Z,United States,USD,Core PPI,HIGH,0.2%,0.2%,0.4%,nasdaq_economic_calendar
2023-09-15-usd-core-retail-sales-3efb22ac,2023-09-15T08:30:00Z,United States,USD,Core Retail Sales,HIGH,0.6%,0.4%,0.7%,nasdaq_economic_calendar
2023-09-15-usd-ppi-62b7f312,2023-09-15T08:30:00Z,United States,USD,PPI,HIGH,1.6%,1.2%,0.8%,nasdaq_economic_calendar
2023-09-15-usd-ppi-ex-food-energy-transport-0d8a6edc,2023-09-15T08:30:00Z,United States,USD,PPI ex. Food/Energy/Transport,HIGH,3.0%,,2.9%,nasdaq_economic_calendar
2023-09-15-usd-retail-sales-517064aa,2023-09-15T08:30:00Z,United States,USD,Retail Sales,HIGH,0.6%,0.2%,0.5%,nasdaq_economic_calendar
2023-09-15-usd-retail-sales-ex-gas-autos-cc0479f9,2023-09-15T08:30:00Z,United States,USD,Retail Sales Ex Gas/Autos,HIGH,0.2%,0.5%,0.7%,nasdaq_economic_calendar
2023-09-16-usd-industrial-production-0e0f5ec6,2023-09-16T09:15:00Z,United States,USD,Industrial Production,HIGH,0.4%,0.1%,0.7%,nasdaq_economic_calendar
2023-09-16-usd-michigan-consumer-expectations-0949cef1,2023-09-16T10:00:00Z,United States,USD,Michigan Consumer Expectations,HIGH,66.3,66.0,65.5,nasdaq_economic_calendar
2023-09-16-usd-michigan-consumer-sentiment-13cde92c,2023-09-16T10:00:00Z,United States,USD,Michigan Consumer Sentiment,HIGH,67.7,69.1,69.5,nasdaq_economic_calendar
2023-09-20-jpy-adjusted-trade-balance-56a0270f,2023-09-20T19:50:00Z,Japan,JPY,Adjusted Trade Balance,HIGH,-0.56T,-0.56T,-0.60T,nasdaq_economic_calendar
2023-09-20-jpy-trade-balance-6bae246a,2023-09-20T19:50:00Z,Japan,JPY,Trade Balance,HIGH,-930.5B,-659.1B,-66.3B,nasdaq_economic_calendar
2023-09-21-usd-fomc-economic-projections-15296981,2023-09-21T14:00:00Z,United States,USD,FOMC Economic Projections,HIGH,,,,nasdaq_economic_calendar
2023-09-21-usd-fomc-statement-68478d49,2023-09-21T14:00:00Z,United States,USD,FOMC Statement,HIGH,,,,nasdaq_economic_calendar
2023-09-21-usd-fed-interest-rate-decision-632ce507,2023-09-21T14:00:00Z,United States,USD,Fed Interest Rate Decision,HIGH,5.50%,5.50%,5.50%,nasdaq_economic_calendar
2023-09-21-usd-fomc-press-conference-215ea592,2023-09-21T14:30:00Z,United States,USD,FOMC Press Conference,HIGH,,,,nasdaq_economic_calendar
2023-09-22-jpy-cpi-n-s-a-ab824163,2023-09-22T19:30:00Z,Japan,JPY,"CPI, n.s.a",HIGH,0.2%,,0.4%,nasdaq_economic_calendar
2023-09-22-jpy-national-cpi-4bb6ad16,2023-09-22T19:30:00Z,Japan,JPY,National CPI,HIGH,3.2%,,3.3%,nasdaq_economic_calendar
2023-09-22-jpy-national-core-cpi-ba142efb,2023-09-22T19:30:00Z,Japan,JPY,National Core CPI,HIGH,3.1%,3.0%,3.1%,nasdaq_economic_calendar
2023-09-22-jpy-boj-interest-rate-decision-69c7576c,2023-09-22T22:52:00Z,Japan,JPY,BoJ Interest Rate Decision,HIGH,-0.10%,-0.10%,-0.10%,nasdaq_economic_calendar
2023-09-22-jpy-boj-monetary-policy-statement-953456ec,2023-09-22T23:00:00Z,Japan,JPY,BoJ Monetary Policy Statement,HIGH,,,,nasdaq_economic_calendar
2023-09-23-jpy-boj-press-conference-419e345d,2023-09-23T02:30:00Z,Japan,JPY,BoJ Press Conference,HIGH,,,,nasdaq_economic_calendar
2023-09-25-jpy-boj-gov-ueda-speaks-55400b14,2023-09-25T21:05:00Z,Japan,JPY,BOJ Gov Ueda Speaks,HIGH,,,,nasdaq_economic_calendar
2023-09-26-usd-fomc-member-kashkari-speaks-919577e6,2023-09-26T18:00:00Z,United States,USD,FOMC Member Kashkari Speaks,HIGH,,,,nasdaq_economic_calendar
2023-09-27-jpy-boj-core-cpi-ab3d838c,2023-09-27T01:00:00Z,Japan,JPY,BoJ Core CPI,HIGH,3.3%,3.2%,3.3%,nasdaq_economic_calendar
2023-09-27-usd-cb-consumer-confidence-2e64b828,2023-09-27T10:00:00Z,United States,USD,CB Consumer Confidence,HIGH,103.0,105.5,108.7,nasdaq_economic_calendar
2023-09-27-usd-fomc-member-bowman-speaks-dfbde450,2023-09-27T13:30:00Z,United States,USD,FOMC Member Bowman Speaks,HIGH,,,,nasdaq_economic_calendar
2023-09-27-jpy-monetary-policy-meeting-minutes-2be56749,2023-09-27T19:50:00Z,Japan,JPY,Monetary Policy Meeting Minutes,HIGH,,,,nasdaq_economic_calendar
2023-09-28-usd-fomc-member-kashkari-speaks-8a8d9ae7,2023-09-28T08:00:00Z,United States,USD,FOMC Member Kashkari Speaks,HIGH,,,,nasdaq_economic_calendar
2023-09-28-usd-core-durable-goods-orders-b3156cec,2023-09-28T08:30:00Z,United States,USD,Core Durable Goods Orders,HIGH,0.4%,0.1%,0.1%,nasdaq_economic_calendar
2023-09-28-usd-durable-goods-orders-ce099ab4,2023-09-28T08:30:00Z,United States,USD,Durable Goods Orders,HIGH,0.2%,-0.5%,-5.6%,nasdaq_economic_calendar
2023-09-29-usd-core-pce-prices-6a59877a,2023-09-29T08:30:00Z,United States,USD,Core PCE Prices,HIGH,3.70%,3.70%,4.90%,nasdaq_economic_calendar
2023-09-29-usd-gdp-cc25ce13,2023-09-29T08:30:00Z,United States,USD,GDP,HIGH,2.1%,2.1%,2.0%,nasdaq_economic_calendar
2023-09-29-usd-gdp-price-index-bc6e8614,2023-09-29T08:30:00Z,United States,USD,GDP Price Index,HIGH,1.7%,2.0%,4.1%,nasdaq_economic_calendar
2023-09-29-usd-gdp-sales-bd6fec95,2023-09-29T08:30:00Z,United States,USD,GDP Sales,HIGH,2.1%,2.2%,4.2%,nasdaq_economic_calendar
2023-09-29-usd-pce-prices-d26df2fe,2023-09-29T08:30:00Z,United States,USD,PCE Prices,HIGH,2.5%,2.5%,4.1%,nasdaq_economic_calendar
2023-09-29-jpy-cpi-tokyo-ex-food-energy-20351b2f,2023-09-29T19:30:00Z,Japan,JPY,CPI Tokyo Ex Food & Energy,HIGH,2.4%,,2.6%,nasdaq_economic_calendar
2023-09-29-jpy-cpi-tokyo-ex-food-and-energy-dba120fe,2023-09-29T19:30:00Z,Japan,JPY,CPI Tokyo Ex Food and Energy,HIGH,-0.2%,,0.4%,nasdaq_economic_calendar
2023-09-29-jpy-tokyo-cpi-f36e7614,2023-09-29T19:30:00Z,Japan,JPY,Tokyo CPI,HIGH,2.8%,,2.9%,nasdaq_economic_calendar
2023-09-29-jpy-tokyo-core-cpi-d3eedb22,2023-09-29T19:30:00Z,Japan,JPY,Tokyo Core CPI,HIGH,2.5%,2.6%,2.8%,nasdaq_economic_calendar
2023-09-29-jpy-industrial-production-a90ff29d,2023-09-29T19:50:00Z,Japan,JPY,Industrial Production,HIGH,0.0%,-0.8%,-1.8%,nasdaq_economic_calendar
2023-09-29-jpy-industrial-production-forecast-1m-ahead-4a36b7d6,2023-09-29T19:50:00Z,Japan,JPY,Industrial Production forecast 1m ahead,HIGH,5.8%,,2.6%,nasdaq_economic_calendar
2023-09-29-jpy-industrial-production-forecast-2m-ahead-9a69b12e,2023-09-29T19:50:00Z,Japan,JPY,Industrial Production forecast 2m ahead,HIGH,3.8%,,2.4%,nasdaq_economic_calendar
2023-09-29-jpy-large-scale-retail-sales-yoy-f4932441,2023-09-29T19:50:00Z,Japan,JPY,Large Scale Retail Sales YoY,HIGH,6.0%,,6.0%,nasdaq_economic_calendar
2023-09-29-jpy-retail-sales-ac2e4faa,2023-09-29T19:50:00Z,Japan,JPY,Retail Sales,HIGH,7.0%,6.6%,7.0%,nasdaq_economic_calendar
2023-09-30-usd-core-pce-price-index-b2690dc4,2023-09-30T08:30:00Z,United States,USD,Core PCE Price Index,HIGH,0.1%,0.2%,0.2%,nasdaq_economic_calendar
2023-09-30-usd-pce-price-index-bdbca6cb,2023-09-30T08:30:00Z,United States,USD,PCE Price index,HIGH,3.5%,3.5%,3.4%,nasdaq_economic_calendar
2023-09-30-usd-pce-price-index-65a02870,2023-09-30T08:30:00Z,United States,USD,PCE price index,HIGH,0.4%,0.5%,0.2%,nasdaq_economic_calendar
2023-09-30-usd-personal-income-17d24e04,2023-09-30T08:30:00Z,United States,USD,Personal Income,HIGH,0.4%,0.4%,0.2%,nasdaq_economic_calendar
2023-09-30-usd-real-personal-consumption-75e5f43b,2023-09-30T08:30:00Z,United States,USD,Real Personal Consumption,HIGH,0.1%,,0.6%,nasdaq_economic_calendar
2023-09-30-usd-michigan-consumer-expectations-85488d89,2023-09-30T10:00:00Z,United States,USD,Michigan Consumer Expectations,HIGH,66.0,66.3,65.5,nasdaq_economic_calendar
2023-09-30-usd-michigan-consumer-sentiment-06b113f5,2023-09-30T10:00:00Z,United States,USD,Michigan Consumer Sentiment,HIGH,68.1,67.7,69.5,nasdaq_economic_calendar
2023-09-30-usd-dallas-fed-pce-e708aea8,2023-09-30T12:00:00Z,United States,USD,Dallas Fed PCE,HIGH,2.70%,,2.60%,nasdaq_economic_calendar
2023-09-30-usd-fomc-member-williams-speaks-7751ab21,2023-09-30T12:45:00Z,United States,USD,FOMC Member Williams Speaks,HIGH,,,,nasdaq_economic_calendar
2023-09-30-jpy-boj-gov-ueda-speaks-437a95e9,2023-09-30T21:05:00Z,Japan,JPY,BOJ Gov Ueda Speaks,HIGH,,,,nasdaq_economic_calendar
2023-10-02-jpy-boj-summary-of-opinions-f1573fc8,2023-10-02T19:50:00Z,Japan,JPY,BoJ Summary of Opinions,HIGH,,,,nasdaq_economic_calendar
2023-10-02-jpy-tankan-all-big-industry-capex-5c59f2e5,2023-10-02T19:50:00Z,Japan,JPY,Tankan All Big Industry CAPEX,HIGH,13.6%,13.6%,13.4%,nasdaq_economic_calendar
2023-10-02-jpy-tankan-all-small-industry-capex-eaa7316e,2023-10-02T19:50:00Z,Japan,JPY,Tankan All Small Industry CAPEX,HIGH,8.0%,,2.4%,nasdaq_economic_calendar
2023-10-02-jpy-tankan-big-manufacturing-outlook-index-750cd95f,2023-10-02T19:50:00Z,Japan,JPY,Tankan Big Manufacturing Outlook Index,HIGH,10,5,9,nasdaq_economic_calendar
2023-10-02-jpy-tankan-large-manufacturers-index-559cc00c,2023-10-02T19:50:00Z,Japan,JPY,Tankan Large Manufacturers Index,HIGH,9,6,5,nasdaq_economic_calendar
2023-10-02-jpy-tankan-large-non-manufacturers-diffusion-index-5d8b0068,2023-10-02T19:50:00Z,Japan,JPY,Tankan Large Non-Manufacturers Diffusion Index,HIGH,21,22,20,nasdaq_economic_calendar
2023-10-02-jpy-tankan-large-non-manufacturers-index-170c6d7c,2023-10-02T19:50:00Z,Japan,JPY,Tankan Large Non-Manufacturers Index,HIGH,27,24,23,nasdaq_economic_calendar
2023-10-02-jpy-tankan-small-manufacturers-diffusion-index-f0afddcd,2023-10-02T19:50:00Z,Japan,JPY,Tankan Small Manufacturers Diffusion Index,HIGH,-2,,-1,nasdaq_economic_calendar
2023-10-02-jpy-tankan-small-manufacturing-index-7e9cee90,2023-10-02T19:50:00Z,Japan,JPY,Tankan Small Manufacturing Index,HIGH,-5,-4,-5,nasdaq_economic_calendar
2023-10-02-jpy-tankan-small-non-manufacturers-diffusion-index-265ea9f2,2023-10-02T19:50:00Z,Japan,JPY,Tankan Small Non-Manufacturers Diffusion Index,HIGH,8,,7,nasdaq_economic_calendar
2023-10-02-jpy-tankan-small-non-manufacturing-index-c96dddff,2023-10-02T19:50:00Z,Japan,JPY,Tankan Small Non-Manufacturing Index,HIGH,12,,11,nasdaq_economic_calendar
2023-10-03-usd-ism-manufacturing-employment-df2707ab,2023-10-03T10:00:00Z,United States,USD,ISM Manufacturing Employment,HIGH,51.2,48.3,48.5,nasdaq_economic_calendar
2023-10-03-usd-ism-manufacturing-new-orders-index-6c03c124,2023-10-03T10:00:00Z,United States,USD,ISM Manufacturing New Orders Index,HIGH,49.2,,46.8,nasdaq_economic_calendar
2023-10-03-usd-ism-manufacturing-pmi-956f37c1,2023-10-03T10:00:00Z,United States,USD,ISM Manufacturing PMI,HIGH,49.0,47.7,47.6,nasdaq_economic_calendar
2023-10-03-usd-ism-manufacturing-prices-9485e378,2023-10-03T10:00:00Z,United States,USD,ISM Manufacturing Prices,HIGH,43.8,48.6,48.4,nasdaq_economic_calendar
2023-10-03-usd-fomc-member-harker-speaks-b90582ba,2023-10-03T11:00:00Z,United States,USD,FOMC Member Harker Speaks,HIGH,,,,nasdaq_economic_calendar
2023-10-03-usd-fomc-member-williams-speaks-eee391fd,2023-10-03T13:30:00Z,United States,USD,FOMC Member Williams Speaks,HIGH,,,,nasdaq_economic_calendar
2023-10-03-usd-fomc-member-mester-speaks-9e50d88d,2023-10-03T19:30:00Z,United States,USD,FOMC Member Mester Speaks,HIGH,,,,nasdaq_economic_calendar
2023-10-04-usd-fomc-member-bostic-speaks-d5405603,2023-10-04T08:00:00Z,United States,USD,FOMC Member Bostic Speaks,HIGH,,,,nasdaq_economic_calendar
2023-10-04-usd-jolts-job-openings-d799239d,2023-10-04T10:00:00Z,United States,USD,JOLTS Job Openings,HIGH,9.610M,8.800M,8.920M,nasdaq_economic_calendar
2023-10-05-usd-adp-nonfarm-employment-change-7083265c,2023-10-05T08:15:00Z,United States,USD,ADP Nonfarm Employment Change,HIGH,89K,153K,180K,nasdaq_economic_calendar
2023-10-05-usd-ism-non-manufacturing-business-activity-2f44bd86,2023-10-05T10:00:00Z,United States,USD,ISM Non-Manufacturing Business Activity,HIGH,58.8,56.5,57.3,nasdaq_economic_calendar
2023-10-05-usd-ism-non-manufacturing-employment-0cf02368,2023-10-05T10:00:00Z,United States,USD,ISM Non-Manufacturing Employment,HIGH,53.4,,54.7,nasdaq_economic_calendar
2023-10-05-usd-ism-non-manufacturing-new-orders-3fd46268,2023-10-05T10:00:00Z,United States,USD,ISM Non-Manufacturing New Orders,HIGH,51.8,,57.5,nasdaq_economic_calendar
2023-10-05-usd-ism-non-manufacturing-pmi-8b6ff0bf,2023-10-05T10:00:00Z,United States,USD,ISM Non-Manufacturing PMI,HIGH,53.6,53.6,54.5,nasdaq_economic_calendar
2023-10-05-usd-ism-non-manufacturing-prices-b9181835,2023-10-05T10:00:00Z,United States,USD,ISM Non-Manufacturing Prices,HIGH,58.9,,58.9,nasdaq_economic_calendar
2023-10-05-usd-fomc-member-bowman-speaks-c201af22,2023-10-05T10:25:00Z,United States,USD,FOMC Member Bowman Speaks,HIGH,,,,nasdaq_economic_calendar
2023-10-05-usd-fomc-member-bowman-speaks-873402f1,2023-10-05T11:25:00Z,United States,USD,FOMC Member Bowman Speaks,HIGH,,,,nasdaq_economic_calendar
2023-10-06-usd-fomc-member-mester-speaks-8eea2742,2023-10-06T09:00:00Z,United States,USD,FOMC Member Mester Speaks,HIGH,,,,nasdaq_economic_calendar
2023-10-06-usd-fomc-member-barkin-speaks-f3e55344,2023-10-06T11:30:00Z,United States,USD,FOMC Member Barkin Speaks,HIGH,,,,nasdaq_economic_calendar
2023-10-06-usd-fomc-member-daly-speaks-d6fb2ce1,2023-10-06T12:00:00Z,United States,USD,FOMC Member Daly Speaks,HIGH,,,,nasdaq_economic_calendar
2023-10-07-usd-average-hourly-earnings-de9199a1,2023-10-07T08:30:00Z,United States,USD,Average Hourly Earnings,HIGH,0.2%,0.3%,0.2%,nasdaq_economic_calendar
2023-10-07-usd-average-hourly-earnings-yoy-3e7ee845,2023-10-07T08:30:00Z,United States,USD,Average Hourly Earnings (YoY),HIGH,4.2%,4.3%,4.3%,nasdaq_economic_calendar
2023-10-07-usd-nonfarm-payrolls-b9c26e3c,2023-10-07T08:30:00Z,United States,USD,Nonfarm Payrolls,HIGH,336K,170K,227K,nasdaq_economic_calendar
2023-10-07-usd-private-nonfarm-payrolls-02250f0e,2023-10-07T08:30:00Z,United States,USD,Private Nonfarm Payrolls,HIGH,263K,160K,177K,nasdaq_economic_calendar
2023-10-07-usd-u6-unemployment-rate-b3c750ae,2023-10-07T08:30:00Z,United States,USD,U6 Unemployment Rate,HIGH,7.0%,,7.1%,nasdaq_economic_calendar
2023-10-07-usd-unemployment-rate-1c362ed4,2023-10-07T08:30:00Z,United States,USD,Unemployment Rate,HIGH,3.8%,3.7%,3.8%,nasdaq_economic_calendar
2023-10-11-usd-fomc-member-bostic-speaks-eead3ac9,2023-10-11T09:30:00Z,United States,USD,FOMC Member Bostic Speaks,HIGH,,,,nasdaq_economic_calendar
2023-10-11-usd-fomc-member-kashkari-speaks-74a4e158,2023-10-11T15:00:00Z,United States,USD,FOMC Member Kashkari Speaks,HIGH,,,,nasdaq_economic_calendar
2023-10-11-usd-fomc-member-daly-speaks-8df31135,2023-10-11T18:00:00Z,United States,USD,FOMC Member Daly Speaks,HIGH,,,,nasdaq_economic_calendar
2023-10-11-jpy-reuters-tankan-index-76bdada9,2023-10-11T19:00:00Z,Japan,JPY,Reuters Tankan Index,HIGH,4,,4,nasdaq_economic_calendar
2023-10-12-usd-fomc-member-bowman-speaks-4df695a7,2023-10-12T04:15:00Z,United States,USD,FOMC Member Bowman Speaks,HIGH,,,,nasdaq_economic_calendar
2023-10-12-usd-core-ppi-577afab7,2023-10-12T08:30:00Z,United States,USD,Core PPI,HIGH,2.7%,2.3%,2.5%,nasdaq_economic_calendar
2023-10-12-usd-ppi-0fd6ad04,2023-10-12T08:30:00Z,United States,USD,PPI,HIGH,0.5%,0.3%,0.7%,nasdaq_economic_calendar
2023-10-12-usd-ppi-ex-food-energy-transport-58c9186d,2023-10-12T08:30:00Z,United States,USD,PPI ex. Food/Energy/Transport,HIGH,2.8%,3.0%,2.9%,nasdaq_economic_calendar
2023-10-12-usd-fomc-member-bostic-speaks-bd2c0cfe,2023-10-12T12:15:00Z,United States,USD,FOMC Member Bostic Speaks,HIGH,,,,nasdaq_economic_calendar
2023-10-12-usd-fomc-meeting-minutes-142b4681,2023-10-12T14:00:00Z,United States,USD,FOMC Meeting Minutes,HIGH,,,,nasdaq_economic_calendar
2023-10-12-jpy-boj-board-member-noguchi-speaks-e9565c5e,2023-10-12T21:30:00Z,Japan,JPY,BoJ Board Member Noguchi Speaks,HIGH,,,,nasdaq_economic_calendar
2023-10-13-usd-fomc-member-harker-speaks-874f43ef,2023-10-13T09:00:00Z,United States,USD,FOMC Member Harker Speaks,HIGH,,,,nasdaq_economic_calendar
2023-10-13-usd-michigan-consumer-expectations-2069ac5f,2023-10-13T10:00:00Z,United States,USD,Michigan Consumer Expectations,HIGH,60.7,65.5,66.0,nasdaq_economic_calendar
2023-10-13-usd-michigan-consumer-sentiment-dff46670,2023-10-13T10:00:00Z,United States,USD,Michigan Consumer Sentiment,HIGH,63.0,67.2,68.1,nasdaq_economic_calendar
2023-10-17-jpy-industrial-production-4a483476,2023-10-17T00:30:00Z,Japan,JPY,Industrial Production,HIGH,-0.7%,0.0%,-1.8%,nasdaq_economic_calendar
2023-10-17-usd-fomc-member-harker-speaks-a479ef55,2023-10-17T10:30:00Z,United States,USD,FOMC Member Harker Speaks,HIGH,,,,nasdaq_economic_calendar
2023-10-17-usd-fomc-member-harker-speaks-89f1bb49,2023-10-17T16:30:00Z,United States,USD,FOMC Member Harker Speaks,HIGH,,,,nasdaq_economic_calendar
2023-10-18-usd-fomc-member-williams-speaks-1cf90bbc,2023-10-18T08:00:00Z,United States,USD,FOMC Member Williams Speaks,HIGH,,,,nasdaq_economic_calendar
2023-10-18-usd-core-retail-sales-50136224,2023-10-18T08:30:00Z,United States,USD,Core Retail Sales,HIGH,0.6%,0.2%,0.9%,nasdaq_economic_calendar
2023-10-18-usd-retail-sales-c561cc1e,2023-10-18T08:30:00Z,United States,USD,Retail Sales,HIGH,3.75%,,2.89%,nasdaq_economic_calendar
2023-10-18-usd-retail-sales-ex-gas-autos-45712eb8,2023-10-18T08:30:00Z,United States,USD,Retail Sales Ex Gas/Autos,HIGH,0.6%,0.1%,0.3%,nasdaq_economic_calendar
2023-10-18-usd-industrial-production-4c55ea35,2023-10-18T09:15:00Z,United States,USD,Industrial Production,HIGH,0.3%,0.1%,0.0%,nasdaq_economic_calendar
2023-10-18-usd-fomc-member-bowman-speaks-c3a4b5b5,2023-10-18T09:20:00Z,United States,USD,FOMC Member Bowman Speaks,HIGH,,,,nasdaq_economic_calendar
2023-10-18-usd-fomc-member-barkin-speaks-f4b41a04,2023-10-18T10:45:00Z,United States,USD,FOMC Member Barkin Speaks,HIGH,,,,nasdaq_economic_calendar
2023-10-18-usd-fomc-member-kashkari-speaks-be3a005e,2023-10-18T17:00:00Z,United States,USD,FOMC Member Kashkari Speaks,HIGH,,,,nasdaq_economic_calendar
2023-10-19-usd-fomc-member-williams-speaks-5a296049,2023-10-19T12:30:00Z,United States,USD,FOMC Member Williams Speaks,HIGH,,,,nasdaq_economic_calendar
2023-10-19-usd-fomc-member-bowman-speaks-8efb3215,2023-10-19T13:00:00Z,United States,USD,FOMC Member Bowman Speaks,HIGH,,,,nasdaq_economic_calendar
2023-10-19-usd-fomc-member-harker-speaks-2e38dd19,2023-10-19T15:15:00Z,United States,USD,FOMC Member Harker Speaks,HIGH,,,,nasdaq_economic_calendar
2023-10-19-jpy-adjusted-trade-balance-2fa125bf,2023-10-19T19:50:00Z,Japan,JPY,Adjusted Trade Balance,HIGH,-0.43T,-0.50T,-0.55T,nasdaq_economic_calendar
2023-10-19-jpy-trade-balance-0b513cb9,2023-10-19T19:50:00Z,Japan,JPY,Trade Balance,HIGH,62.4B,-425.0B,-937.8B,nasdaq_economic_calendar
2023-10-20-usd-fomc-member-bostic-speaks-73e7da13,2023-10-20T16:00:00Z,United States,USD,FOMC Member Bostic Speaks,HIGH,,,,nasdaq_economic_calendar
2023-10-20-usd-fomc-member-harker-speaks-9e0e5e37,2023-10-20T17:30:00Z,United States,USD,FOMC Member Harker Speaks,HIGH,,,,nasdaq_economic_calendar
2023-10-20-jpy-cpi-n-s-a-1dd88a39,2023-10-20T19:30:00Z,Japan,JPY,"CPI, n.s.a",HIGH,0.3%,,0.3%,nasdaq_economic_calendar
2023-10-20-jpy-national-cpi-99b2d27c,2023-10-20T19:30:00Z,Japan,JPY,National CPI,HIGH,3.0%,,3.2%,nasdaq_economic_calendar
2023-10-20-jpy-national-core-cpi-bcb8ac02,2023-10-20T19:30:00Z,Japan,JPY,National Core CPI,HIGH,2.8%,2.7%,3.1%,nasdaq_economic_calendar
2023-10-21-usd-fomc-member-harker-speaks-57b94b25,2023-10-21T09:00:00Z,United States,USD,FOMC Member Harker Speaks,HIGH,,,,nasdaq_economic_calendar
2023-10-21-usd-fomc-member-mester-speaks-4e7e33c7,2023-10-21T12:15:00Z,United States,USD,FOMC Member Mester Speaks,HIGH,,,,nasdaq_economic_calendar
2023-10-25-jpy-boj-core-cpi-429544a0,2023-10-25T01:00:00Z,Japan,JPY,BoJ Core CPI,HIGH,3.4%,3.3%,3.3%,nasdaq_economic_calendar
2023-10-27-usd-core-durable-goods-orders-4af17189,2023-10-27T08:30:00Z,United States,USD,Core Durable Goods Orders,HIGH,0.5%,0.2%,0.5%,nasdaq_economic_calendar
2023-10-27-usd-core-pce-prices-37d677eb,2023-10-27T08:30:00Z,United States,USD,Core PCE Prices,HIGH,2.40%,2.50%,3.70%,nasdaq_economic_calendar
2023-10-27-usd-durable-goods-orders-14773413,2023-10-27T08:30:00Z,United States,USD,Durable Goods Orders,HIGH,4.7%,1.7%,-0.1%,nasdaq_economic_calendar
2023-10-27-usd-gdp-50aba2a9,2023-10-27T08:30:00Z,United States,USD,GDP,HIGH,4.9%,4.3%,2.1%,nasdaq_economic_calendar
2023-10-27-usd-gdp-price-index-ad9608cb,2023-10-27T08:30:00Z,United States,USD,GDP Price Index,HIGH,3.5%,2.5%,1.7%,nasdaq_economic_calendar
2023-10-27-usd-gdp-sales-e19d9b43,2023-10-27T08:30:00Z,United States,USD,GDP Sales,HIGH,3.5%,4.5%,2.1%,nasdaq_economic_calendar
2023-10-27-usd-pce-prices-1ae339cf,2023-10-27T08:30:00Z,United States,USD,PCE Prices,HIGH,2.9%,,2.5%,nasdaq_economic_calendar
2023-10-27-jpy-cpi-tokyo-ex-food-energy-6361458d,2023-10-27T19:30:00Z,Japan,JPY,CPI Tokyo Ex Food & Energy,HIGH,2.7%,,2.4%,nasdaq_economic_calendar
2023-10-27-jpy-cpi-tokyo-ex-food-and-energy-11e28df9,2023-10-27T19:30:00Z,Japan,JPY,CPI Tokyo Ex Food and Energy,HIGH,0.4%,,-0.2%,nasdaq_economic_calendar
2023-10-27-jpy-tokyo-cpi-f2f309af,2023-10-27T19:30:00Z,Japan,JPY,Tokyo CPI,HIGH,3.3%,2.8%,2.8%,nasdaq_economic_calendar
2023-10-27-jpy-tokyo-core-cpi-3fa44ba4,2023-10-27T19:30:00Z,Japan,JPY,Tokyo Core CPI,HIGH,2.7%,2.5%,2.5%,nasdaq_economic_calendar
2023-10-28-usd-core-pce-price-index-a4ce670e,2023-10-28T08:30:00Z,United States,USD,Core PCE Price Index,HIGH,0.3%,0.3%,0.1%,nasdaq_economic_calendar
2023-10-28-usd-pce-price-index-1e6b573b,2023-10-28T08:30:00Z,United States,USD,PCE Price index,HIGH,3.4%,3.4%,3.4%,nasdaq_economic_calendar
2023-10-28-usd-pce-price-index-16a523db,2023-10-28T08:30:00Z,United States,USD,PCE price index,HIGH,0.4%,0.3%,0.4%,nasdaq_economic_calendar
2023-10-28-usd-personal-income-7b21174d,2023-10-28T08:30:00Z,United States,USD,Personal Income,HIGH,0.3%,0.4%,0.4%,nasdaq_economic_calendar
2023-10-28-usd-real-personal-consumption-43f58c7f,2023-10-28T08:30:00Z,United States,USD,Real Personal Consumption,HIGH,0.4%,,0.1%,nasdaq_economic_calendar
2023-10-28-usd-dallas-fed-pce-157cd262,2023-10-28T10:00:00Z,United States,USD,Dallas Fed PCE,HIGH,4.00%,,2.80%,nasdaq_economic_calendar
2023-10-28-usd-michigan-consumer-expectations-77d89bdb,2023-10-28T10:00:00Z,United States,USD,Michigan Consumer Expectations,HIGH,59.3,60.7,66.0,nasdaq_economic_calendar
2023-10-28-usd-michigan-consumer-sentiment-67e6fc17,2023-10-28T10:00:00Z,United States,USD,Michigan Consumer Sentiment,HIGH,63.8,63.0,68.1,nasdaq_economic_calendar
2023-10-31-jpy-industrial-production-de0d2993,2023-10-31T19:50:00Z,Japan,JPY,Industrial Production,HIGH,0.2%,2.5%,-0.7%,nasdaq_economic_calendar
2023-10-31-jpy-industrial-production-forecast-1m-ahead-440fa344,2023-10-31T19:50:00Z,Japan,JPY,Industrial Production forecast 1m ahead,HIGH,3.9%,,5.8%,nasdaq_economic_calendar
2023-10-31-jpy-industrial-production-forecast-2m-ahead-d907595b,2023-10-31T19:50:00Z,Japan,JPY,Industrial Production forecast 2m ahead,HIGH,-2.8%,,3.8%,nasdaq_economic_calendar
2023-10-31-jpy-large-scale-retail-sales-yoy-e129942a,2023-10-31T19:50:00Z,Japan,JPY,Large Scale Retail Sales YoY,HIGH,5.0%,,7.0%,nasdaq_economic_calendar
2023-10-31-jpy-retail-sales-688da448,2023-10-31T19:50:00Z,Japan,JPY,Retail Sales,HIGH,5.8%,5.9%,7.0%,nasdaq_economic_calendar
2023-10-31-jpy-boj-interest-rate-decision-ec3f1049,2023-10-31T23:30:00Z,Japan,JPY,BoJ Interest Rate Decision,HIGH,-0.10%,-0.10%,-0.10%,nasdaq_economic_calendar
2023-10-31-jpy-boj-monetary-policy-statement-25806160,2023-10-31T23:30:00Z,Japan,JPY,BoJ Monetary Policy Statement,HIGH,,,,nasdaq_economic_calendar
2023-10-31-jpy-boj-outlook-report-6b4db061,2023-10-31T23:30:00Z,Japan,JPY,BoJ Outlook Report,HIGH,,,,nasdaq_economic_calendar
2023-11-01-usd-adp-nonfarm-employment-change-b73e52ac,2023-11-01T08:15:00Z,United States,USD,ADP Nonfarm Employment Change,HIGH,113K,150K,89K,nasdaq_economic_calendar
2023-11-01-usd-ism-manufacturing-employment-cb08d214,2023-11-01T10:00:00Z,United States,USD,ISM Manufacturing Employment,HIGH,46.8,50.3,51.2,nasdaq_economic_calendar
2023-11-01-usd-ism-manufacturing-new-orders-index-b1895b2e,2023-11-01T10:00:00Z,United States,USD,ISM Manufacturing New Orders Index,HIGH,45.5,,49.2,nasdaq_economic_calendar
2023-11-01-usd-ism-manufacturing-pmi-feb27bf6,2023-11-01T10:00:00Z,United States,USD,ISM Manufacturing PMI,HIGH,46.7,49.0,49.0,nasdaq_economic_calendar
2023-11-01-usd-ism-manufacturing-prices-451e769e,2023-11-01T10:00:00Z,United States,USD,ISM Manufacturing Prices,HIGH,45.1,45.0,43.8,nasdaq_economic_calendar
2023-11-01-usd-jolts-job-openings-ba3d10de,2023-11-01T10:00:00Z,United States,USD,JOLTS Job Openings,HIGH,9.553M,9.250M,9.497M,nasdaq_economic_calendar
2023-11-01-usd-fomc-statement-979c22d0,2023-11-01T14:00:00Z,United States,USD,FOMC Statement,HIGH,,,,nasdaq_economic_calendar
2023-11-01-usd-fed-interest-rate-decision-4505be9d,2023-11-01T14:00:00Z,United States,USD,Fed Interest Rate Decision,HIGH,5.50%,5.50%,5.50%,nasdaq_economic_calendar
2023-11-01-usd-fomc-press-conference-28cbd9e7,2023-11-01T14:30:00Z,United States,USD,FOMC Press Conference,HIGH,,,,nasdaq_economic_calendar
2023-11-02-usd-adp-nonfarm-employment-change-d8d6ce08,2023-11-02T08:15:00Z,United States,USD,ADP Nonfarm Employment Change,HIGH,113K,150K,89K,nasdaq_economic_calendar
2023-11-02-usd-ism-manufacturing-employment-ac56c10b,2023-11-02T10:00:00Z,United States,USD,ISM Manufacturing Employment,HIGH,46.8,50.3,51.2,nasdaq_economic_calendar
2023-11-02-usd-ism-manufacturing-new-orders-index-56c63691,2023-11-02T10:00:00Z,United States,USD,ISM Manufacturing New Orders Index,HIGH,45.5,,49.2,nasdaq_economic_calendar
2023-11-02-usd-ism-manufacturing-pmi-ccd85877,2023-11-02T10:00:00Z,United States,USD,ISM Manufacturing PMI,HIGH,46.7,49.0,49.0,nasdaq_economic_calendar
2023-11-02-usd-ism-manufacturing-prices-e7267018,2023-11-02T10:00:00Z,United States,USD,ISM Manufacturing Prices,HIGH,45.1,45.0,43.8,nasdaq_economic_calendar
2023-11-02-usd-jolts-job-openings-001cd3dc,2023-11-02T10:00:00Z,United States,USD,JOLTS Job Openings,HIGH,9.553M,9.250M,9.497M,nasdaq_economic_calendar
2023-11-02-usd-fomc-statement-23b71333,2023-11-02T14:00:00Z,United States,USD,FOMC Statement,HIGH,,,,nasdaq_economic_calendar
2023-11-02-usd-fed-interest-rate-decision-4e3d5fe5,2023-11-02T14:00:00Z,United States,USD,Fed Interest Rate Decision,HIGH,5.50%,5.50%,5.50%,nasdaq_economic_calendar
2023-11-02-usd-fomc-press-conference-6eb1d037,2023-11-02T14:30:00Z,United States,USD,FOMC Press Conference,HIGH,,,,nasdaq_economic_calendar
2023-11-03-usd-nonfarm-productivity-5f62ed45,2023-11-03T08:30:00Z,United States,USD,Nonfarm Productivity,HIGH,4.7%,4.1%,3.6%,nasdaq_economic_calendar
2023-11-04-usd-average-hourly-earnings-eba6a0d7,2023-11-04T08:30:00Z,United States,USD,Average Hourly Earnings,HIGH,0.2%,0.3%,0.3%,nasdaq_economic_calendar
2023-11-04-usd-average-hourly-earnings-yoy-78c02172,2023-11-04T08:30:00Z,United States,USD,Average Hourly Earnings (YoY),HIGH,4.1%,4.0%,4.3%,nasdaq_economic_calendar
2023-11-04-usd-nonfarm-payrolls-a215e15e,2023-11-04T08:30:00Z,United States,USD,Nonfarm Payrolls,HIGH,150K,180K,297K,nasdaq_economic_calendar
2023-11-04-usd-private-nonfarm-payrolls-6eb9ff5b,2023-11-04T08:30:00Z,United States,USD,Private Nonfarm Payrolls,HIGH,99K,158K,246K,nasdaq_economic_calendar
2023-11-04-usd-u6-unemployment-rate-673f5df6,2023-11-04T08:30:00Z,United States,USD,U6 Unemployment Rate,HIGH,7.2%,,7.0%,nasdaq_economic_calendar
2023-11-04-usd-unemployment-rate-3a6a64d4,2023-11-04T08:30:00Z,United States,USD,Unemployment Rate,HIGH,3.9%,3.8%,3.8%,nasdaq_economic_calendar
2023-11-04-usd-ism-non-manufacturing-business-activity-72c55f83,2023-11-04T10:00:00Z,United States,USD,ISM Non-Manufacturing Business Activity,HIGH,54.1,,58.8,nasdaq_economic_calendar
2023-11-04-usd-ism-non-manufacturing-employment-238ce174,2023-11-04T10:00:00Z,United States,USD,ISM Non-Manufacturing Employment,HIGH,50.2,53.5,53.4,nasdaq_economic_calendar
2023-11-04-usd-ism-non-manufacturing-new-orders-b7348f46,2023-11-04T10:00:00Z,United States,USD,ISM Non-Manufacturing New Orders,HIGH,55.5,51.5,51.8,nasdaq_economic_calendar
2023-11-04-usd-ism-non-manufacturing-pmi-7bed0a32,2023-11-04T10:00:00Z,United States,USD,ISM Non-Manufacturing PMI,HIGH,51.8,53.0,53.6,nasdaq_economic_calendar
2023-11-04-usd-ism-non-manufacturing-prices-3ec6fb8a,2023-11-04T10:00:00Z,United States,USD,ISM Non-Manufacturing Prices,HIGH,58.6,56.6,58.9,nasdaq_economic_calendar
2023-11-06-jpy-monetary-policy-meeting-minutes-24227e88,2023-11-06T19:50:00Z,Japan,JPY,Monetary Policy Meeting Minutes,HIGH,,,,nasdaq_economic_calendar
2023-11-06-jpy-boj-gov-ueda-speaks-810f838c,2023-11-06T21:05:00Z,Japan,JPY,BOJ Gov Ueda Speaks,HIGH,,,,nasdaq_economic_calendar
2023-11-08-usd-fomc-member-kashkari-speaks-0214b5a9,2023-11-08T08:30:00Z,United States,USD,FOMC Member Kashkari Speaks,HIGH,,,,nasdaq_economic_calendar
2023-11-08-usd-fomc-member-williams-speaks-c5d4881c,2023-11-08T13:00:00Z,United States,USD,FOMC Member Williams Speaks,HIGH,,,,nasdaq_economic_calendar
2023-11-08-jpy-reuters-tankan-index-0afb2d5c,2023-11-08T19:00:00Z,Japan,JPY,Reuters Tankan Index,HIGH,6,,4,nasdaq_economic_calendar
2023-11-09-usd-fomc-member-williams-speaks-f5838224,2023-11-09T14:40:00Z,United States,USD,FOMC Member Williams Speaks,HIGH,,,,nasdaq_economic_calendar
2023-11-09-jpy-boj-summary-of-opinions-facc758f,2023-11-09T19:50:00Z,Japan,JPY,BoJ Summary of Opinions,HIGH,,,,nasdaq_economic_calendar
2023-11-10-jpy-boj-gov-ueda-speaks-cfe82258,2023-11-10T04:35:00Z,Japan,JPY,BOJ Gov Ueda Speaks,HIGH,,,,nasdaq_economic_calendar
2023-11-10-usd-fomc-member-bostic-speaks-e05cbb3f,2023-11-10T10:30:00Z,United States,USD,FOMC Member Bostic Speaks,HIGH,,,,nasdaq_economic_calendar
2023-11-10-usd-fomc-member-barkin-speaks-6d0492f3,2023-11-10T12:00:00Z,United States,USD,FOMC Member Barkin Speaks,HIGH,,,,nasdaq_economic_calendar
2023-11-11-usd-fomc-member-bostic-speaks-519bec56,2023-11-11T10:00:00Z,United States,USD,FOMC Member Bostic Speaks,HIGH,,,,nasdaq_economic_calendar
2023-11-11-usd-michigan-consumer-expectations-9f17f598,2023-11-11T11:00:00Z,United States,USD,Michigan Consumer Expectations,HIGH,56.9,59.5,59.3,nasdaq_economic_calendar
2023-11-11-usd-michigan-consumer-sentiment-e070c540,2023-11-11T11:00:00Z,United States,USD,Michigan Consumer Sentiment,HIGH,60.4,63.7,63.8,nasdaq_economic_calendar
2023-11-12-usd-fomc-member-bostic-speaks-788aa4bc,2023-11-12T16:30:00Z,United States,USD,FOMC Member Bostic Speaks,HIGH,,,,nasdaq_economic_calendar
2023-11-15-usd-fomc-member-williams-speaks-57dc0afc,2023-11-15T04:00:00Z,United States,USD,FOMC Member Williams Speaks,HIGH,,,,nasdaq_economic_calendar
2023-11-15-usd-cpi-bce3ae80,2023-11-15T09:30:00Z,United States,USD,CPI,HIGH,0.0%,0.1%,0.4%,nasdaq_economic_calendar
2023-11-15-usd-cpi-index-n-s-a-be671558,2023-11-15T09:30:00Z,United States,USD,"CPI Index, n.s.a.",HIGH,307.67,307.86,307.79,nasdaq_economic_calendar
2023-11-15-usd-cpi-index-s-a-02bc9944,2023-11-15T09:30:00Z,United States,USD,"CPI Index, s.a",HIGH,307.62,,307.48,nasdaq_economic_calendar
2023-11-15-usd-cpi-n-s-a-60940ab0,2023-11-15T09:30:00Z,United States,USD,"CPI, n.s.a",HIGH,-0.04%,,0.25%,nasdaq_economic_calendar
2023-11-15-usd-core-cpi-809c9284,2023-11-15T09:30:00Z,United States,USD,Core CPI,HIGH,0.2%,0.3%,0.3%,nasdaq_economic_calendar
2023-11-15-usd-core-cpi-index-b011e502,2023-11-15T09:30:00Z,United States,USD,Core CPI Index,HIGH,311.37,311.67,310.66,nasdaq_economic_calendar
2023-11-15-usd-cleveland-cpi-97136b32,2023-11-15T12:00:00Z,United States,USD,Cleveland CPI,HIGH,0.3%,,0.5%,nasdaq_economic_calendar
2023-11-15-usd-fomc-member-mester-speaks-752d8e65,2023-11-15T12:00:00Z,United States,USD,FOMC Member Mester Speaks,HIGH,,,,nasdaq_economic_calendar
2023-11-15-jpy-gdp-e80fd47d,2023-11-15T19:50:00Z,Japan,JPY,GDP,HIGH,-0.5%,-0.1%,1.1%,nasdaq_economic_calendar
2023-11-15-jpy-gdp-capital-expenditure-711270f9,2023-11-15T19:50:00Z,Japan,JPY,GDP Capital Expenditure,HIGH,-0.6%,0.3%,-1.0%,nasdaq_economic_calendar
2023-11-15-jpy-gdp-external-demand-f0284ec1,2023-11-15T19:50:00Z,Japan,JPY,GDP External Demand,HIGH,-0.1%,-0.1%,1.8%,nasdaq_economic_calendar
2023-11-15-jpy-gdp-price-index-68838d92,2023-11-15T19:50:00Z,Japan,JPY,GDP Price Index,HIGH,5.1%,4.8%,3.5%,nasdaq_economic_calendar
2023-11-15-jpy-gdp-private-consumption-639942ea,2023-11-15T19:50:00Z,Japan,JPY,GDP Private Consumption,HIGH,0.0%,0.2%,-0.9%,nasdaq_economic_calendar
2023-11-16-jpy-industrial-production-c61fc49d,2023-11-16T00:30:00Z,Japan,JPY,Industrial Production,HIGH,0.5%,0.2%,-0.7%,nasdaq_economic_calendar
2023-11-16-usd-core-ppi-1c678fa9,2023-11-16T09:30:00Z,United States,USD,Core PPI,HIGH,0.0%,0.3%,0.2%,nasdaq_economic_calendar
2023-11-16-usd-core-retail-sales-8239a79c,2023-11-16T09:30:00Z,United States,USD,Core Retail Sales,HIGH,0.1%,-0.2%,0.8%,nasdaq_economic_calendar
2023-11-16-usd-ppi-4b51e105,2023-11-16T09:30:00Z,United States,USD,PPI,HIGH,-0.5%,0.1%,0.4%,nasdaq_economic_calendar
2023-11-16-usd-ppi-ex-food-energy-transport-dcc294bc,2023-11-16T09:30:00Z,United States,USD,PPI ex. Food/Energy/Transport,HIGH,2.9%,,3.0%,nasdaq_economic_calendar
2023-11-16-usd-retail-sales-e3dd92ba,2023-11-16T09:30:00Z,United States,USD,Retail Sales,HIGH,-0.1%,-0.3%,0.9%,nasdaq_economic_calendar
2023-11-16-usd-retail-sales-ex-gas-autos-3e29fe26,2023-11-16T09:30:00Z,United States,USD,Retail Sales Ex Gas/Autos,HIGH,0.1%,0.0%,0.8%,nasdaq_economic_calendar
2023-11-16-usd-fomc-member-barkin-speaks-9e21e5bc,2023-11-16T16:30:00Z,United States,USD,FOMC Member Barkin Speaks,HIGH,,,,nasdaq_economic_calendar
2023-11-16-jpy-adjusted-trade-balance-44a20c68,2023-11-16T19:50:00Z,Japan,JPY,Adjusted Trade Balance,HIGH,-0.46T,-0.71T,-0.42T,nasdaq_economic_calendar
2023-11-16-jpy-trade-balance-456adcea,2023-11-16T19:50:00Z,Japan,JPY,Trade Balance,HIGH,-662.5B,-735.7B,72.1B,nasdaq_economic_calendar
2023-11-17-usd-industrial-production-b600189b,2023-11-17T10:15:00Z,United States,USD,Industrial Production,HIGH,-0.6%,-0.3%,0.1%,nasdaq_economic_calendar
2023-11-17-usd-fomc-member-williams-speaks-ed8968cb,2023-11-17T10:25:00Z,United States,USD,FOMC Member Williams Speaks,HIGH,,,,nasdaq_economic_calendar
2023-11-17-usd-fomc-member-mester-speaks-061386e2,2023-11-17T13:00:00Z,United States,USD,FOMC Member Mester Speaks,HIGH,,,,nasdaq_economic_calendar
2023-11-18-usd-fomc-member-daly-speaks-65584e66,2023-11-18T11:00:00Z,United States,USD,FOMC Member Daly Speaks,HIGH,,,,nasdaq_economic_calendar
2023-11-22-usd-fomc-meeting-minutes-24c5941a,2023-11-22T15:00:00Z,United States,USD,FOMC Meeting Minutes,HIGH,,,,nasdaq_economic_calendar
2023-11-23-usd-core-durable-goods-orders-01e5dc2a,2023-11-23T09:30:00Z,United States,USD,Core Durable Goods Orders,HIGH,0.0%,0.1%,0.2%,nasdaq_economic_calendar
2023-11-23-usd-durable-goods-orders-76089873,2023-11-23T09:30:00Z,United States,USD,Durable Goods Orders,HIGH,-5.4%,-3.1%,4.0%,nasdaq_economic_calendar
2023-11-23-usd-michigan-consumer-expectations-7962e957,2023-11-23T11:00:00Z,United States,USD,Michigan Consumer Expectations,HIGH,56.8,56.9,56.9,nasdaq_economic_calendar
2023-11-23-usd-michigan-consumer-sentiment-0fec7e65,2023-11-23T11:00:00Z,United States,USD,Michigan Consumer Sentiment,HIGH,61.3,60.4,63.8,nasdaq_economic_calendar
2023-11-24-jpy-cpi-n-s-a-5545d619,2023-11-24T19:30:00Z,Japan,JPY,"CPI, n.s.a",HIGH,0.9%,,0.3%,nasdaq_economic_calendar
2023-11-24-jpy-national-cpi-be3e7603,2023-11-24T19:30:00Z,Japan,JPY,National CPI,HIGH,3.3%,3.4%,3.0%,nasdaq_economic_calendar
2023-11-24-jpy-national-core-cpi-0022fea9,2023-11-24T19:30:00Z,Japan,JPY,National Core CPI,HIGH,2.9%,3.0%,2.8%,nasdaq_economic_calendar
2023-11-29-jpy-boj-core-cpi-176cef4c,2023-11-29T01:00:00Z,Japan,JPY,BoJ Core CPI,HIGH,3.0%,3.4%,3.4%,nasdaq_economic_calendar
2023-11-29-usd-cb-consumer-confidence-d43ed51c,2023-11-29T11:00:00Z,United States,USD,CB Consumer Confidence,HIGH,102.0,101.0,99.1,nasdaq_economic_calendar
2023-11-29-usd-fomc-member-bowman-speaks-456d01ee,2023-11-29T11:45:00Z,United States,USD,FOMC Member Bowman Speaks,HIGH,,,,nasdaq_economic_calendar
2023-11-29-jpy-boj-board-member-adachi-speaks-dddc7411,2023-11-29T21:30:00Z,Japan,JPY,BoJ Board Member Adachi Speaks,HIGH,,,,nasdaq_economic_calendar
2023-11-30-usd-core-pce-prices-616f6eed,2023-11-30T09:30:00Z,United States,USD,Core PCE Prices,HIGH,2.30%,2.40%,3.70%,nasdaq_economic_calendar
2023-11-30-usd-gdp-3f99b5e9,2023-11-30T09:30:00Z,United States,USD,GDP,HIGH,5.2%,4.9%,2.1%,nasdaq_economic_calendar
2023-11-30-usd-gdp-price-index-cdf5f618,2023-11-30T09:30:00Z,United States,USD,GDP Price Index,HIGH,3.5%,3.5%,1.7%,nasdaq_economic_calendar
2023-11-30-usd-gdp-sales-36504cad,2023-11-30T09:30:00Z,United States,USD,GDP Sales,HIGH,3.7%,3.5%,2.1%,nasdaq_economic_calendar
2023-11-30-usd-pce-prices-136e80db,2023-11-30T09:30:00Z,United States,USD,PCE Prices,HIGH,2.8%,2.9%,2.5%,nasdaq_economic_calendar
2023-11-30-usd-fomc-member-mester-speaks-6083f975,2023-11-30T14:45:00Z,United States,USD,FOMC Member Mester Speaks,HIGH,,,,nasdaq_economic_calendar
2023-11-30-jpy-industrial-production-2cabe94c,2023-11-30T19:50:00Z,Japan,JPY,Industrial Production,HIGH,1.0%,0.8%,0.5%,nasdaq_economic_calendar
2023-11-30-jpy-industrial-production-forecast-1m-ahead-9a286a6e,2023-11-30T19:50:00Z,Japan,JPY,Industrial Production forecast 1m ahead,HIGH,-0.3%,,3.9%,nasdaq_economic_calendar
2023-11-30-jpy-industrial-production-forecast-2m-ahead-f83f0c62,2023-11-30T19:50:00Z,Japan,JPY,Industrial Production forecast 2m ahead,HIGH,3.2%,,-2.8%,nasdaq_economic_calendar
2023-11-30-jpy-large-scale-retail-sales-yoy-7bad0e71,2023-11-30T19:50:00Z,Japan,JPY,Large Scale Retail Sales YoY,HIGH,4.0%,,5.0%,nasdaq_economic_calendar
2023-11-30-jpy-retail-sales-8e688e77,2023-11-30T19:50:00Z,Japan,JPY,Retail Sales,HIGH,4.2%,5.9%,6.2%,nasdaq_economic_calendar
2023-11-30-jpy-boj-board-member-nakamura-speaks-85540d3d,2023-11-30T21:30:00Z,Japan,JPY,BoJ Board Member Nakamura Speaks,HIGH,,,,nasdaq_economic_calendar
2023-12-01-usd-core-pce-price-index-899a2fe2,2023-12-01T09:30:00Z,United States,USD,Core PCE Price Index,HIGH,0.2%,0.2%,0.3%,nasdaq_economic_calendar
2023-12-01-usd-pce-price-index-bcaf47fb,2023-12-01T09:30:00Z,United States,USD,PCE Price index,HIGH,3.0%,3.0%,3.4%,nasdaq_economic_calendar
2023-12-01-usd-pce-price-index-a6b201bb,2023-12-01T09:30:00Z,United States,USD,PCE price index,HIGH,0.0%,0.1%,0.4%,nasdaq_economic_calendar
2023-12-01-usd-personal-income-5676f825,2023-12-01T09:30:00Z,United States,USD,Personal Income,HIGH,0.2%,0.2%,0.4%,nasdaq_economic_calendar
2023-12-01-usd-real-personal-consumption-7eb3c870,2023-12-01T09:30:00Z,United States,USD,Real Personal Consumption,HIGH,0.2%,,0.3%,nasdaq_economic_calendar
2023-12-01-usd-fomc-member-williams-speaks-a665d4ac,2023-12-01T10:05:00Z,United States,USD,FOMC Member Williams Speaks,HIGH,,,,nasdaq_economic_calendar
2023-12-01-usd-dallas-fed-pce-feca5ebc,2023-12-01T12:45:00Z,United States,USD,Dallas Fed PCE,HIGH,2.70%,,4.10%,nasdaq_economic_calendar
2023-12-02-usd-ism-manufacturing-employment-1fea27d7,2023-12-02T11:00:00Z,United States,USD,ISM Manufacturing Employment,HIGH,45.8,,46.8,nasdaq_economic_calendar
2023-12-02-usd-ism-manufacturing-new-orders-index-b54449e5,2023-12-02T11:00:00Z,United States,USD,ISM Manufacturing New Orders Index,HIGH,48.3,,45.5,nasdaq_economic_calendar
2023-12-02-usd-ism-manufacturing-pmi-43b8f1e7,2023-12-02T11:00:00Z,United States,USD,ISM Manufacturing PMI,HIGH,46.7,47.6,46.7,nasdaq_economic_calendar
2023-12-02-usd-ism-manufacturing-prices-777a7ab1,2023-12-02T11:00:00Z,United States,USD,ISM Manufacturing Prices,HIGH,49.9,46.2,45.1,nasdaq_economic_calendar
2023-12-05-jpy-cpi-tokyo-ex-food-energy-a80a7dd9,2023-12-05T19:30:00Z,Japan,JPY,CPI Tokyo Ex Food & Energy,HIGH,2.7%,,2.7%,nasdaq_economic_calendar
2023-12-05-jpy-cpi-tokyo-ex-food-and-energy-ee459a6a,2023-12-05T19:30:00Z,Japan,JPY,CPI Tokyo Ex Food and Energy,HIGH,0.0%,,0.4%,nasdaq_economic_calendar
2023-12-05-jpy-tokyo-cpi-381f475c,2023-12-05T19:30:00Z,Japan,JPY,Tokyo CPI,HIGH,2.6%,,3.3%,nasdaq_economic_calendar
2023-12-05-jpy-tokyo-core-cpi-d1dc85ae,2023-12-05T19:30:00Z,Japan,JPY,Tokyo Core CPI,HIGH,2.3%,2.4%,2.7%,nasdaq_economic_calendar
2023-12-06-usd-ism-non-manufacturing-business-activity-1567fdc0,2023-12-06T11:00:00Z,United States,USD,ISM Non-Manufacturing Business Activity,HIGH,55.1,,54.1,nasdaq_economic_calendar
2023-12-06-usd-ism-non-manufacturing-employment-52b0735a,2023-12-06T11:00:00Z,United States,USD,ISM Non-Manufacturing Employment,HIGH,50.7,51.4,50.2,nasdaq_economic_calendar
2023-12-06-usd-ism-non-manufacturing-new-orders-749c16a2,2023-12-06T11:00:00Z,United States,USD,ISM Non-Manufacturing New Orders,HIGH,55.5,54.9,55.5,nasdaq_economic_calendar
2023-12-06-usd-ism-non-manufacturing-pmi-d5fc7766,2023-12-06T11:00:00Z,United States,USD,ISM Non-Manufacturing PMI,HIGH,52.7,52.0,51.8,nasdaq_economic_calendar
2023-12-06-usd-ism-non-manufacturing-prices-37a9de8d,2023-12-06T11:00:00Z,United States,USD,ISM Non-Manufacturing Prices,HIGH,58.3,58.0,58.6,nasdaq_economic_calendar
2023-12-06-usd-jolts-job-openings-e41dfd87,2023-12-06T11:00:00Z,United States,USD,JOLTS Job Openings,HIGH,8.733M,9.300M,9.350M,nasdaq_economic_calendar
2023-12-06-usd-fomc-member-bowman-speaks-3406087b,2023-12-06T16:00:00Z,United States,USD,FOMC Member Bowman Speaks,HIGH,,,,nasdaq_economic_calendar
2023-12-06-jpy-reuters-tankan-index-baa9ef77,2023-12-06T19:00:00Z,Japan,JPY,Reuters Tankan Index,HIGH,12,,6,nasdaq_economic_calendar
2023-12-07-usd-adp-nonfarm-employment-change-38f2f9ee,2023-12-07T09:15:00Z,United States,USD,ADP Nonfarm Employment Change,HIGH,103K,130K,106K,nasdaq_economic_calendar
2023-12-07-usd-nonfarm-productivity-11a6c6c1,2023-12-07T09:30:00Z,United States,USD,Nonfarm Productivity,HIGH,5.2%,4.9%,3.5%,nasdaq_economic_calendar
2023-12-08-jpy-gdp-47677e3d,2023-12-08T19:50:00Z,Japan,JPY,GDP,HIGH,-0.7%,-0.5%,0.9%,nasdaq_economic_calendar
2023-12-08-jpy-gdp-capital-expenditure-8ebc6f71,2023-12-08T19:50:00Z,Japan,JPY,GDP Capital Expenditure,HIGH,-0.4%,-0.6%,-1.3%,nasdaq_economic_calendar
2023-12-08-jpy-gdp-external-demand-48d5f28a,2023-12-08T19:50:00Z,Japan,JPY,GDP External Demand,HIGH,-0.1%,-0.1%,1.6%,nasdaq_economic_calendar
2023-12-08-jpy-gdp-price-index-f63bce90,2023-12-08T19:50:00Z,Japan,JPY,GDP Price Index,HIGH,5.3%,5.1%,3.8%,nasdaq_economic_calendar
2023-12-08-jpy-gdp-private-consumption-01b3f020,2023-12-08T19:50:00Z,Japan,JPY,GDP Private Consumption,HIGH,-0.2%,0.0%,-0.6%,nasdaq_economic_calendar
2023-12-09-usd-average-hourly-earnings-13d826a0,2023-12-09T09:30:00Z,United States,USD,Average Hourly Earnings,HIGH,0.4%,0.3%,0.2%,nasdaq_economic_calendar
2023-12-09-usd-average-hourly-earnings-yoy-3366b59f,2023-12-09T09:30:00Z,United States,USD,Average Hourly Earnings (YoY),HIGH,4.0%,4.0%,4.0%,nasdaq_economic_calendar
2023-12-09-usd-nonfarm-payrolls-bb395088,2023-12-09T09:30:00Z,United States,USD,Nonfarm Payrolls,HIGH,199K,180K,150K,nasdaq_economic_calendar
2023-12-09-usd-private-nonfarm-payrolls-1fa90036,2023-12-09T09:30:00Z,United States,USD,Private Nonfarm Payrolls,HIGH,150K,153K,85K,nasdaq_economic_calendar
2023-12-09-usd-u6-unemployment-rate-ac0f297a,2023-12-09T09:30:00Z,United States,USD,U6 Unemployment Rate,HIGH,7.0%,,7.2%,nasdaq_economic_calendar
2023-12-09-usd-unemployment-rate-1dd777a2,2023-12-09T09:30:00Z,United States,USD,Unemployment Rate,HIGH,3.7%,3.9%,3.9%,nasdaq_economic_calendar
2023-12-09-usd-michigan-consumer-expectations-28dc7229,2023-12-09T11:00:00Z,United States,USD,Michigan Consumer Expectations,HIGH,66.4,57.0,56.8,nasdaq_economic_calendar
2023-12-09-usd-michigan-consumer-sentiment-21344d7d,2023-12-09T11:00:00Z,United States,USD,Michigan Consumer Sentiment,HIGH,69.4,62.0,61.3,nasdaq_economic_calendar
2023-12-13-usd-cpi-b0c719b5,2023-12-13T09:30:00Z,United States,USD,CPI,HIGH,3.1%,3.1%,3.2%,nasdaq_economic_calendar
2023-12-13-usd-cpi-index-n-s-a-c3ee6098,2023-12-13T09:30:00Z,United States,USD,"CPI Index, n.s.a.",HIGH,307.05,306.90,307.67,nasdaq_economic_calendar
2023-12-13-usd-cpi-index-s-a-68e713df,2023-12-13T09:30:00Z,United States,USD,"CPI Index, s.a",HIGH,307.92,,307.62,nasdaq_economic_calendar
2023-12-13-usd-cpi-n-s-a-c5c29756,2023-12-13T09:30:00Z,United States,USD,"CPI, n.s.a",HIGH,-0.20%,,-0.04%,nasdaq_economic_calendar
2023-12-13-usd-core-cpi-d92e0c49,2023-12-13T09:30:00Z,United States,USD,Core CPI,HIGH,0.3%,0.3%,0.2%,nasdaq_economic_calendar
2023-12-13-usd-core-cpi-index-fcc5f3aa,2023-12-13T09:30:00Z,United States,USD,Core CPI Index,HIGH,312.25,,311.37,nasdaq_economic_calendar
2023-12-13-usd-cleveland-cpi-b3577e3e,2023-12-13T12:00:00Z,United States,USD,Cleveland CPI,HIGH,0.4%,,0.3%,nasdaq_economic_calendar
2023-12-13-jpy-tankan-all-big-industry-capex-ed99d037,2023-12-13T19:50:00Z,Japan,JPY,Tankan All Big Industry CAPEX,HIGH,13.5%,12.4%,13.6%,nasdaq_economic_calendar
2023-12-13-jpy-tankan-all-small-industry-capex-dc84b374,2023-12-13T19:50:00Z,Japan,JPY,Tankan All Small Industry CAPEX,HIGH,10.3%,,8.0%,nasdaq_economic_calendar
2023-12-13-jpy-tankan-big-manufacturing-outlook-index-68e00315,2023-12-13T19:50:00Z,Japan,JPY,Tankan Big Manufacturing Outlook Index,HIGH,8,9,10,nasdaq_economic_calendar
2023-12-13-jpy-tankan-large-manufacturers-index-8ed15d5f,2023-12-13T19:50:00Z,Japan,JPY,Tankan Large Manufacturers Index,HIGH,12,10,9,nasdaq_economic_calendar
2023-12-13-jpy-tankan-large-non-manufacturers-diffusion-index-b2384e22,2023-12-13T19:50:00Z,Japan,JPY,Tankan Large Non-Manufacturers Diffusion Index,HIGH,24,25,21,nasdaq_economic_calendar
2023-12-13-jpy-tankan-large-non-manufacturers-index-c5f4a677,2023-12-13T19:50:00Z,Japan,JPY,Tankan Large Non-Manufacturers Index,HIGH,30,27,27,nasdaq_economic_calendar
2023-12-13-jpy-tankan-small-manufacturers-diffusion-index-ee411a61,2023-12-13T19:50:00Z,Japan,JPY,Tankan Small Manufacturers Diffusion Index,HIGH,-1,,-2,nasdaq_economic_calendar
2023-12-13-jpy-tankan-small-manufacturing-index-07f4008c,2023-12-13T19:50:00Z,Japan,JPY,Tankan Small Manufacturing Index,HIGH,1,-4,-5,nasdaq_economic_calendar
2023-12-13-jpy-tankan-small-non-manufacturers-diffusion-index-10ce02ed,2023-12-13T19:50:00Z,Japan,JPY,Tankan Small Non-Manufacturers Diffusion Index,HIGH,7,,8,nasdaq_economic_calendar
2023-12-13-jpy-tankan-small-non-manufacturing-index-852c4e59,2023-12-13T19:50:00Z,Japan,JPY,Tankan Small Non-Manufacturing Index,HIGH,14,,12,nasdaq_economic_calendar
2023-12-14-usd-core-ppi-7c6d8e0d,2023-12-14T09:30:00Z,United States,USD,Core PPI,HIGH,2.0%,2.2%,2.3%,nasdaq_economic_calendar
2023-12-14-usd-ppi-a115bb73,2023-12-14T09:30:00Z,United States,USD,PPI,HIGH,0.9%,1.0%,1.2%,nasdaq_economic_calendar
2023-12-14-usd-ppi-ex-food-energy-transport-5ceaa197,2023-12-14T09:30:00Z,United States,USD,PPI ex. Food/Energy/Transport,HIGH,0.1%,,0.1%,nasdaq_economic_calendar
2023-12-14-usd-fomc-economic-projections-c329a2c5,2023-12-14T15:00:00Z,United States,USD,FOMC Economic Projections,HIGH,,,,nasdaq_economic_calendar
2023-12-14-usd-fomc-statement-2f8e1787,2023-12-14T15:00:00Z,United States,USD,FOMC Statement,HIGH,,,,nasdaq_economic_calendar
2023-12-14-usd-fed-interest-rate-decision-1efbcfed,2023-12-14T15:00:00Z,United States,USD,Fed Interest Rate Decision,HIGH,5.50%,5.50%,5.50%,nasdaq_economic_calendar
2023-12-14-usd-fomc-press-conference-b8fd7ff1,2023-12-14T15:30:00Z,United States,USD,FOMC Press Conference,HIGH,,,,nasdaq_economic_calendar
2023-12-15-jpy-industrial-production-21529647,2023-12-15T00:30:00Z,Japan,JPY,Industrial Production,HIGH,1.3%,1.0%,0.5%,nasdaq_economic_calendar
2023-12-15-usd-core-retail-sales-c47327cf,2023-12-15T09:30:00Z,United States,USD,Core Retail Sales,HIGH,0.2%,-0.1%,0.0%,nasdaq_economic_calendar
2023-12-15-usd-retail-sales-b2aa4e1f,2023-12-15T09:30:00Z,United States,USD,Retail Sales,HIGH,4.09%,,2.24%,nasdaq_economic_calendar
2023-12-15-usd-retail-sales-ex-gas-autos-17528708,2023-12-15T09:30:00Z,United States,USD,Retail Sales Ex Gas/Autos,HIGH,0.6%,,0.1%,nasdaq_economic_calendar
2023-12-16-usd-industrial-production-6ee2eb05,2023-12-16T10:15:00Z,United States,USD,Industrial Production,HIGH,0.2%,0.3%,-0.9%,nasdaq_economic_calendar
2023-12-16-usd-fomc-member-bostic-speaks-92e50666,2023-12-16T14:00:00Z,United States,USD,FOMC Member Bostic Speaks,HIGH,,,,nasdaq_economic_calendar
2023-12-19-jpy-boj-monetary-policy-statement-7c2a9ffd,2023-12-19T22:30:00Z,Japan,JPY,BoJ Monetary Policy Statement,HIGH,,,,nasdaq_economic_calendar
2023-12-19-jpy-boj-interest-rate-decision-43904e70,2023-12-19T22:49:00Z,Japan,JPY,BoJ Interest Rate Decision,HIGH,-0.10%,-0.10%,-0.10%,nasdaq_economic_calendar
2023-12-20-jpy-boj-press-conference-463c57cc,2023-12-20T02:30:00Z,Japan,JPY,BoJ Press Conference,HIGH,,,,nasdaq_economic_calendar
2023-12-20-usd-fomc-member-bostic-speaks-bd414a12,2023-12-20T13:30:00Z,United States,USD,FOMC Member Bostic Speaks,HIGH,,,,nasdaq_economic_calendar
2023-12-20-jpy-adjusted-trade-balance-c97e6daf,2023-12-20T19:50:00Z,Japan,JPY,Adjusted Trade Balance,HIGH,-0.41T,-0.72T,-0.46T,nasdaq_economic_calendar
2023-12-20-jpy-trade-balance-18d6a2b6,2023-12-20T19:50:00Z,Japan,JPY,Trade Balance,HIGH,-776.9B,-962.4B,-661.0B,nasdaq_economic_calendar
2023-12-21-usd-cb-consumer-confidence-5f21b69e,2023-12-21T11:00:00Z,United States,USD,CB Consumer Confidence,HIGH,110.7,103.8,101.0,nasdaq_economic_calendar
2023-12-22-usd-core-pce-prices-a8c07a2e,2023-12-22T09:30:00Z,United States,USD,Core PCE Prices,HIGH,2.00%,2.30%,3.70%,nasdaq_economic_calendar
2023-12-22-usd-gdp-3564abb8,2023-12-22T09:30:00Z,United States,USD,GDP,HIGH,4.9%,5.2%,2.1%,nasdaq_economic_calendar
2023-12-22-usd-gdp-price-index-b1928909,2023-12-22T09:30:00Z,United States,USD,GDP Price Index,HIGH,3.3%,3.5%,1.7%,nasdaq_economic_calendar
2023-12-22-usd-gdp-sales-09af3baa,2023-12-22T09:30:00Z,United States,USD,GDP Sales,HIGH,3.6%,3.7%,2.1%,nasdaq_economic_calendar
2023-12-22-usd-pce-prices-c090388c,2023-12-22T09:30:00Z,United States,USD,PCE Prices,HIGH,2.6%,2.8%,2.5%,nasdaq_economic_calendar
2023-12-22-jpy-cpi-n-s-a-ae409a8a,2023-12-22T19:30:00Z,Japan,JPY,"CPI, n.s.a",HIGH,-0.2%,,0.9%,nasdaq_economic_calendar
2023-12-22-jpy-national-cpi-a331d955,2023-12-22T19:30:00Z,Japan,JPY,National CPI,HIGH,2.8%,,3.3%,nasdaq_economic_calendar
2023-12-22-jpy-national-core-cpi-5135fbfb,2023-12-22T19:30:00Z,Japan,JPY,National Core CPI,HIGH,2.5%,2.5%,2.9%,nasdaq_economic_calendar
2023-12-22-jpy-monetary-policy-meeting-minutes-7f839aa4,2023-12-22T19:50:00Z,Japan,JPY,Monetary Policy Meeting Minutes,HIGH,,,,nasdaq_economic_calendar
2023-12-23-usd-core-durable-goods-orders-628b873a,2023-12-23T09:30:00Z,United States,USD,Core Durable Goods Orders,HIGH,0.5%,0.2%,-0.3%,nasdaq_economic_calendar
2023-12-23-usd-core-pce-price-index-281d0b2c,2023-12-23T09:30:00Z,United States,USD,Core PCE Price Index,HIGH,0.1%,0.2%,0.1%,nasdaq_economic_calendar
2023-12-23-usd-durable-goods-orders-844659b0,2023-12-23T09:30:00Z,United States,USD,Durable Goods Orders,HIGH,5.4%,1.7%,-5.1%,nasdaq_economic_calendar
2023-12-23-usd-pce-price-index-7b85c4f3,2023-12-23T09:30:00Z,United States,USD,PCE Price index,HIGH,2.6%,2.8%,2.9%,nasdaq_economic_calendar
2023-12-23-usd-pce-price-index-cc98bbb5,2023-12-23T09:30:00Z,United States,USD,PCE price index,HIGH,-0.1%,0.0%,0.0%,nasdaq_economic_calendar
2023-12-23-usd-personal-income-96b7c645,2023-12-23T09:30:00Z,United States,USD,Personal Income,HIGH,0.4%,0.4%,0.3%,nasdaq_economic_calendar
2023-12-23-usd-real-personal-consumption-596d9a5d,2023-12-23T09:30:00Z,United States,USD,Real Personal Consumption,HIGH,0.3%,,0.1%,nasdaq_economic_calendar
2023-12-23-usd-michigan-consumer-expectations-c16efa4e,2023-12-23T11:00:00Z,United States,USD,Michigan Consumer Expectations,HIGH,67.4,66.4,56.8,nasdaq_economic_calendar
2023-12-23-usd-michigan-consumer-sentiment-a58ba49b,2023-12-23T11:00:00Z,United States,USD,Michigan Consumer Sentiment,HIGH,69.7,69.4,61.3,nasdaq_economic_calendar
2023-12-23-usd-dallas-fed-pce-a0f4a093,2023-12-23T16:30:00Z,United States,USD,Dallas Fed PCE,HIGH,1.50%,,2.70%,nasdaq_economic_calendar
2023-12-26-jpy-boj-gov-ueda-speaks-bd553b34,2023-12-26T03:00:00Z,Japan,JPY,BOJ Gov Ueda Speaks,HIGH,,,,nasdaq_economic_calendar
2023-12-27-jpy-boj-core-cpi-bd16fc56,2023-12-27T01:00:00Z,Japan,JPY,BoJ Core CPI,HIGH,2.7%,3.0%,3.0%,nasdaq_economic_calendar
2023-12-27-jpy-boj-summary-of-opinions-416ceac0,2023-12-27T19:50:00Z,Japan,JPY,BoJ Summary of Opinions,HIGH,,,,nasdaq_economic_calendar
2023-12-28-jpy-industrial-production-72021e79,2023-12-28T19:50:00Z,Japan,JPY,Industrial Production,HIGH,-0.9%,-1.6%,1.3%,nasdaq_economic_calendar
2023-12-28-jpy-industrial-production-forecast-1m-ahead-388b77a2,2023-12-28T19:50:00Z,Japan,JPY,Industrial Production forecast 1m ahead,HIGH,6.0%,,-0.3%,nasdaq_economic_calendar
2023-12-28-jpy-industrial-production-forecast-2m-ahead-6658bec7,2023-12-28T19:50:00Z,Japan,JPY,Industrial Production forecast 2m ahead,HIGH,-7.2%,,3.2%,nasdaq_economic_calendar
2023-12-28-jpy-large-scale-retail-sales-yoy-d7076c7e,2023-12-28T19:50:00Z,Japan,JPY,Large Scale Retail Sales YoY,HIGH,5.0%,,4.0%,nasdaq_economic_calendar
2023-12-28-jpy-retail-sales-11708622,2023-12-28T19:50:00Z,Japan,JPY,Retail Sales,HIGH,5.3%,5.0%,4.1%,nasdaq_economic_calendar
2024-01-04-usd-fomc-member-barkin-speaks-049db9c2,2024-01-04T09:30:00Z,United States,USD,FOMC Member Barkin Speaks,HIGH,,,,nasdaq_economic_calendar
2024-01-04-usd-ism-manufacturing-employment-5586d998,2024-01-04T11:00:00Z,United States,USD,ISM Manufacturing Employment,HIGH,48.1,46.5,45.8,nasdaq_economic_calendar
2024-01-04-usd-ism-manufacturing-new-orders-index-23a6cf83,2024-01-04T11:00:00Z,United States,USD,ISM Manufacturing New Orders Index,HIGH,47.1,49.1,48.3,nasdaq_economic_calendar
2024-01-04-usd-ism-manufacturing-pmi-ac7ce947,2024-01-04T11:00:00Z,United States,USD,ISM Manufacturing PMI,HIGH,47.4,47.1,46.7,nasdaq_economic_calendar
2024-01-04-usd-ism-manufacturing-prices-b69b3776,2024-01-04T11:00:00Z,United States,USD,ISM Manufacturing Prices,HIGH,45.2,47.5,49.9,nasdaq_economic_calendar
2024-01-04-usd-jolts-job-openings-cea9046b,2024-01-04T11:00:00Z,United States,USD,JOLTS Job Openings,HIGH,8.790M,8.850M,8.852M,nasdaq_economic_calendar
2024-01-04-usd-fomc-meeting-minutes-8b853d6f,2024-01-04T15:00:00Z,United States,USD,FOMC Meeting Minutes,HIGH,,,,nasdaq_economic_calendar
2024-01-05-usd-adp-nonfarm-employment-change-09923592,2024-01-05T09:15:00Z,United States,USD,ADP Nonfarm Employment Change,HIGH,164K,115K,101K,nasdaq_economic_calendar
2024-01-06-usd-average-hourly-earnings-5603c2f1,2024-01-06T09:30:00Z,United States,USD,Average Hourly Earnings,HIGH,0.4%,0.3%,0.4%,nasdaq_economic_calendar
2024-01-06-usd-average-hourly-earnings-yoy-5740cf33,2024-01-06T09:30:00Z,United States,USD,Average Hourly Earnings (YoY),HIGH,4.1%,3.9%,4.0%,nasdaq_economic_calendar
2024-01-06-usd-nonfarm-payrolls-c57bdbf0,2024-01-06T09:30:00Z,United States,USD,Nonfarm Payrolls,HIGH,216K,170K,182K,nasdaq_economic_calendar
2024-01-06-usd-private-nonfarm-payrolls-d189b271,2024-01-06T09:30:00Z,United States,USD,Private Nonfarm Payrolls,HIGH,164K,130K,136K,nasdaq_economic_calendar
2024-01-06-usd-u6-unemployment-rate-867f01e8,2024-01-06T09:30:00Z,United States,USD,U6 Unemployment Rate,HIGH,7.1%,,7.0%,nasdaq_economic_calendar
2024-01-06-usd-unemployment-rate-99782d9f,2024-01-06T09:30:00Z,United States,USD,Unemployment Rate,HIGH,3.7%,3.8%,3.7%,nasdaq_economic_calendar
2024-01-06-usd-ism-non-manufacturing-business-activity-803f7dd0,2024-01-06T11:00:00Z,United States,USD,ISM Non-Manufacturing Business Activity,HIGH,56.6,,55.1,nasdaq_economic_calendar
2024-01-06-usd-ism-non-manufacturing-employment-cd99adc8,2024-01-06T11:00:00Z,United States,USD,ISM Non-Manufacturing Employment,HIGH,43.3,51.0,50.7,nasdaq_economic_calendar
2024-01-06-usd-ism-non-manufacturing-new-orders-222270e5,2024-01-06T11:00:00Z,United States,USD,ISM Non-Manufacturing New Orders,HIGH,52.8,56.1,55.5,nasdaq_economic_calendar
2024-01-06-usd-ism-non-manufacturing-pmi-759fb90b,2024-01-06T11:00:00Z,United States,USD,ISM Non-Manufacturing PMI,HIGH,50.6,52.6,52.7,nasdaq_economic_calendar
2024-01-06-usd-ism-non-manufacturing-prices-3fff3ee6,2024-01-06T11:00:00Z,United States,USD,ISM Non-Manufacturing Prices,HIGH,57.4,57.3,58.3,nasdaq_economic_calendar
2024-01-06-usd-fomc-member-barkin-speaks-3c372219,2024-01-06T14:30:00Z,United States,USD,FOMC Member Barkin Speaks,HIGH,,,,nasdaq_economic_calendar
2024-01-09-usd-fomc-member-bostic-speaks-4e26899b,2024-01-09T13:00:00Z,United States,USD,FOMC Member Bostic Speaks,HIGH,,,,nasdaq_economic_calendar
2024-01-09-jpy-cpi-tokyo-ex-food-energy-338f8206,2024-01-09T19:30:00Z,Japan,JPY,CPI Tokyo Ex Food & Energy,HIGH,2.7%,,2.7%,nasdaq_economic_calendar
2024-01-09-jpy-cpi-tokyo-ex-food-and-energy-81e2879f,2024-01-09T19:30:00Z,Japan,JPY,CPI Tokyo Ex Food and Energy,HIGH,0.1%,,0.0%,nasdaq_economic_calendar
2024-01-09-jpy-tokyo-cpi-009766db,2024-01-09T19:30:00Z,Japan,JPY,Tokyo CPI,HIGH,2.4%,,2.7%,nasdaq_economic_calendar
2024-01-09-jpy-tokyo-core-cpi-09848267,2024-01-09T19:30:00Z,Japan,JPY,Tokyo Core CPI,HIGH,2.1%,2.1%,2.3%,nasdaq_economic_calendar
2024-01-11-usd-fomc-member-williams-speaks-fed5ff5f,2024-01-11T16:15:00Z,United States,USD,FOMC Member Williams Speaks,HIGH,,,,nasdaq_economic_calendar
2024-01-12-usd-cpi-838a6b26,2024-01-12T09:30:00Z,United States,USD,CPI,HIGH,0.3%,0.2%,0.2%,nasdaq_economic_calendar
2024-01-12-usd-cpi-index-n-s-a-a9a86289,2024-01-12T09:30:00Z,United States,USD,"CPI Index, n.s.a.",HIGH,306.75,306.61,307.05,nasdaq_economic_calendar
2024-01-12-usd-cpi-index-s-a-de6d24b2,2024-01-12T09:30:00Z,United States,USD,"CPI Index, s.a",HIGH,308.85,,307.92,nasdaq_economic_calendar
2024-01-12-usd-cpi-n-s-a-c5d95eb1,2024-01-12T09:30:00Z,United States,USD,"CPI, n.s.a",HIGH,-0.10%,,-0.20%,nasdaq_economic_calendar
2024-01-12-usd-core-cpi-d3472a24,2024-01-12T09:30:00Z,United States,USD,Core CPI,HIGH,0.3%,0.3%,0.3%,nasdaq_economic_calendar
2024-01-12-usd-core-cpi-index-58b4dd52,2024-01-12T09:30:00Z,United States,USD,Core CPI Index,HIGH,313.22,313.00,312.25,nasdaq_economic_calendar
2024-01-12-usd-cleveland-cpi-3a1c947c,2024-01-12T12:00:00Z,United States,USD,Cleveland CPI,HIGH,0.4%,,0.4%,nasdaq_economic_calendar
2024-01-12-usd-fomc-member-barkin-speaks-e6888a00,2024-01-12T13:40:00Z,United States,USD,FOMC Member Barkin Speaks,HIGH,,,,nasdaq_economic_calendar
2024-01-13-usd-core-ppi-3f110633,2024-01-13T09:30:00Z,United States,USD,Core PPI,HIGH,0.0%,0.2%,0.0%,nasdaq_economic_calendar
2024-01-13-usd-ppi-d1693838,2024-01-13T09:30:00Z,United States,USD,PPI,HIGH,-0.1%,0.1%,-0.1%,nasdaq_economic_calendar
2024-01-13-usd-ppi-ex-food-energy-transport-e7f2e785,2024-01-13T09:30:00Z,United States,USD,PPI ex. Food/Energy/Transport,HIGH,0.2%,,0.1%,nasdaq_economic_calendar
2024-01-13-usd-fomc-member-kashkari-speaks-d0cbabbf,2024-01-13T11:00:00Z,United States,USD,FOMC Member Kashkari Speaks,HIGH,,,,nasdaq_economic_calendar
2024-01-17-jpy-reuters-tankan-index-b03db1fd,2024-01-17T19:00:00Z,Japan,JPY,Reuters Tankan Index,HIGH,6,,12,nasdaq_economic_calendar
2024-01-18-usd-core-retail-sales-2f267db7,2024-01-18T09:30:00Z,United States,USD,Core Retail Sales,HIGH,0.4%,0.2%,0.2%,nasdaq_economic_calendar
2024-01-18-usd-retail-sales-c215295d,2024-01-18T09:30:00Z,United States,USD,Retail Sales,HIGH,0.6%,0.4%,0.3%,nasdaq_economic_calendar
2024-01-18-usd-retail-sales-ex-gas-autos-1f76148a,2024-01-18T09:30:00Z,United States,USD,Retail Sales Ex Gas/Autos,HIGH,0.6%,,0.6%,nasdaq_economic_calendar
2024-01-18-usd-fomc-member-bowman-speaks-ff9bdc44,2024-01-18T10:00:00Z,United States,USD,FOMC Member Bowman Speaks,HIGH,,,,nasdaq_economic_calendar
2024-01-18-usd-industrial-production-e25881da,2024-01-18T10:15:00Z,United States,USD,Industrial Production,HIGH,0.1%,0.0%,0.0%,nasdaq_economic_calendar
2024-01-18-usd-fomc-member-williams-speaks-cb9742b3,2024-01-18T16:00:00Z,United States,USD,FOMC Member Williams Speaks,HIGH,,,,nasdaq_economic_calendar
2024-01-19-jpy-industrial-production-823b30f4,2024-01-19T00:30:00Z,Japan,JPY,Industrial Production,HIGH,-0.9%,-0.9%,1.3%,nasdaq_economic_calendar
2024-01-19-usd-fomc-member-bostic-speaks-e374d8b7,2024-01-19T08:30:00Z,United States,USD,FOMC Member Bostic Speaks,HIGH,,,,nasdaq_economic_calendar
2024-01-19-usd-fomc-member-bostic-speaks-3bb875a1,2024-01-19T12:30:00Z,United States,USD,FOMC Member Bostic Speaks,HIGH,,,,nasdaq_economic_calendar
2024-01-19-usd-fomc-member-bostic-speaks-907b1732,2024-01-19T13:05:00Z,United States,USD,FOMC Member Bostic Speaks,HIGH,,,,nasdaq_economic_calendar
2024-01-19-jpy-cpi-n-s-a-cee4aa35,2024-01-19T19:30:00Z,Japan,JPY,"CPI, n.s.a",HIGH,-0.1%,,-0.2%,nasdaq_economic_calendar
2024-01-19-jpy-national-cpi-daf0c2b2,2024-01-19T19:30:00Z,Japan,JPY,National CPI,HIGH,2.6%,,2.8%,nasdaq_economic_calendar
2024-01-19-jpy-national-core-cpi-f205eca0,2024-01-19T19:30:00Z,Japan,JPY,National Core CPI,HIGH,2.3%,2.3%,2.5%,nasdaq_economic_calendar
2024-01-20-usd-michigan-consumer-expectations-429eb6e3,2024-01-20T11:00:00Z,United States,USD,Michigan Consumer Expectations,HIGH,75.9,67.0,67.4,nasdaq_economic_calendar
2024-01-20-usd-michigan-consumer-sentiment-49cdf824,2024-01-20T11:00:00Z,United States,USD,Michigan Consumer Sentiment,HIGH,78.8,70.0,69.7,nasdaq_economic_calendar
2024-01-20-usd-fomc-member-daly-speaks-becb22c8,2024-01-20T17:15:00Z,United States,USD,FOMC Member Daly Speaks,HIGH,,,,nasdaq_economic_calendar
2024-01-23-jpy-boj-monetary-policy-statement-47a20806,2024-01-23T22:30:00Z,Japan,JPY,BoJ Monetary Policy Statement,HIGH,,,,nasdaq_economic_calendar
2024-01-23-jpy-boj-interest-rate-decision-3b4d1690,2024-01-23T23:00:00Z,Japan,JPY,BoJ Interest Rate Decision,HIGH,-0.10%,-0.10%,-0.10%,nasdaq_economic_calendar
2024-01-23-jpy-boj-outlook-report-ef4eb389,2024-01-23T23:00:00Z,Japan,JPY,BoJ Outlook Report,HIGH,,,,nasdaq_economic_calendar
2024-01-24-jpy-boj-core-cpi-7e8873bb,2024-01-24T01:00:00Z,Japan,JPY,BoJ Core CPI,HIGH,2.6%,2.8%,2.7%,nasdaq_economic_calendar
2024-01-24-jpy-boj-press-conference-0e11c0a3,2024-01-24T02:30:00Z,Japan,JPY,BoJ Press Conference,HIGH,,,,nasdaq_economic_calendar
2024-01-24-jpy-adjusted-trade-balance-839cc9bb,2024-01-24T19:50:00Z,Japan,JPY,Adjusted Trade Balance,HIGH,-0.41T,-0.45T,-0.35T,nasdaq_economic_calendar
2024-01-24-jpy-trade-balance-47b8017b,2024-01-24T19:50:00Z,Japan,JPY,Trade Balance,HIGH,62.1B,-122.1B,-780.4B,nasdaq_economic_calendar
2024-01-26-usd-core-durable-goods-orders-205f8ee5,2024-01-26T09:30:00Z,United States,USD,Core Durable Goods Orders,HIGH,0.6%,0.2%,0.5%,nasdaq_economic_calendar
2024-01-26-usd-core-pce-prices-47996c47,2024-01-26T09:30:00Z,United States,USD,Core PCE Prices,HIGH,2.00%,2.00%,2.00%,nasdaq_economic_calendar
2024-01-26-usd-durable-goods-orders-55d819a9,2024-01-26T09:30:00Z,United States,USD,Durable Goods Orders,HIGH,0.0%,1.1%,5.5%,nasdaq_economic_calendar
2024-01-26-usd-gdp-6095cd5a,2024-01-26T09:30:00Z,United States,USD,GDP,HIGH,3.3%,2.0%,4.9%,nasdaq_economic_calendar
2024-01-26-usd-gdp-price-index-5aa17056,2024-01-26T09:30:00Z,United States,USD,GDP Price Index,HIGH,1.5%,2.3%,3.3%,nasdaq_economic_calendar
2024-01-26-usd-gdp-sales-00274d1c,2024-01-26T09:30:00Z,United States,USD,GDP Sales,HIGH,3.2%,,3.6%,nasdaq_economic_calendar
2024-01-26-usd-pce-prices-14e83628,2024-01-26T09:30:00Z,United States,USD,PCE Prices,HIGH,1.7%,,2.6%,nasdaq_economic_calendar
2024-01-26-jpy-cpi-tokyo-ex-food-energy-acc61716,2024-01-26T19:30:00Z,Japan,JPY,CPI Tokyo Ex Food & Energy,HIGH,2.2%,,2.7%,nasdaq_economic_calendar
2024-01-26-jpy-cpi-tokyo-ex-food-and-energy-87fe96ca,2024-01-26T19:30:00Z,Japan,JPY,CPI Tokyo Ex Food and Energy,HIGH,-0.4%,,0.1%,nasdaq_economic_calendar
2024-01-26-jpy-tokyo-cpi-714e7caa,2024-01-26T19:30:00Z,Japan,JPY,Tokyo CPI,HIGH,1.6%,,2.4%,nasdaq_economic_calendar
2024-01-26-jpy-tokyo-core-cpi-0adf32a6,2024-01-26T19:30:00Z,Japan,JPY,Tokyo Core CPI,HIGH,1.6%,1.9%,2.1%,nasdaq_economic_calendar
2024-01-26-jpy-monetary-policy-meeting-minutes-913578e3,2024-01-26T19:50:00Z,Japan,JPY,Monetary Policy Meeting Minutes,HIGH,,,,nasdaq_economic_calendar
2024-01-27-usd-core-pce-price-index-86946ea1,2024-01-27T09:30:00Z,United States,USD,Core PCE Price Index,HIGH,0.2%,0.2%,0.1%,nasdaq_economic_calendar
2024-01-27-usd-pce-price-index-972bc228,2024-01-27T09:30:00Z,United States,USD,PCE Price index,HIGH,2.6%,2.6%,2.6%,nasdaq_economic_calendar
2024-01-27-usd-pce-price-index-b4af1485,2024-01-27T09:30:00Z,United States,USD,PCE price index,HIGH,0.2%,0.2%,-0.1%,nasdaq_economic_calendar
2024-01-27-usd-personal-income-153c771b,2024-01-27T09:30:00Z,United States,USD,Personal Income,HIGH,0.3%,0.3%,0.4%,nasdaq_economic_calendar
2024-01-27-usd-real-personal-consumption-85332b48,2024-01-27T09:30:00Z,United States,USD,Real Personal Consumption,HIGH,0.5%,0.3%,0.5%,nasdaq_economic_calendar
2024-01-27-usd-dallas-fed-pce-2a25b485,2024-01-27T10:00:00Z,United States,USD,Dallas Fed PCE,HIGH,2.60%,,1.60%,nasdaq_economic_calendar
2024-01-31-usd-cb-consumer-confidence-847ca011,2024-01-31T11:00:00Z,United States,USD,CB Consumer Confidence,HIGH,114.8,114.2,108.0,nasdaq_economic_calendar
2024-01-31-usd-jolts-job-openings-3ca9eb36,2024-01-31T11:00:00Z,United States,USD,JOLTS Job Openings,HIGH,9.026M,8.750M,8.925M,nasdaq_economic_calendar
2024-01-31-jpy-boj-summary-of-opinions-53979017,2024-01-31T19:50:00Z,Japan,JPY,BoJ Summary of Opinions,HIGH,,,,nasdaq_economic_calendar
2024-01-31-jpy-industrial-production-3f336e43,2024-01-31T19:50:00Z,Japan,JPY,Industrial Production,HIGH,1.8%,2.4%,-0.9%,nasdaq_economic_calendar
2024-01-31-jpy-industrial-production-forecast-1m-ahead-6ee8727f,2024-01-31T19:50:00Z,Japan,JPY,Industrial Production forecast 1m ahead,HIGH,-6.2%,,6.0%,nasdaq_economic_calendar
2024-01-31-jpy-industrial-production-forecast-2m-ahead-4e2b59ee,2024-01-31T19:50:00Z,Japan,JPY,Industrial Production forecast 2m ahead,HIGH,2.2%,,-7.2%,nasdaq_economic_calendar
2024-01-31-jpy-large-scale-retail-sales-yoy-00e42cc7,2024-01-31T19:50:00Z,Japan,JPY,Large Scale Retail Sales YoY,HIGH,3.0%,,4.0%,nasdaq_economic_calendar
2024-01-31-jpy-retail-sales-b2d1cfa2,2024-01-31T19:50:00Z,Japan,JPY,Retail Sales,HIGH,2.1%,4.7%,5.4%,nasdaq_economic_calendar
2024-02-01-usd-adp-nonfarm-employment-change-32588985,2024-02-01T09:15:00Z,United States,USD,ADP Nonfarm Employment Change,HIGH,107K,145K,158K,nasdaq_economic_calendar
2024-02-01-usd-employment-cost-index-934bed5d,2024-02-01T09:30:00Z,United States,USD,Employment Cost Index,HIGH,0.9%,1.0%,1.1%,nasdaq_economic_calendar
2024-02-01-usd-fomc-statement-1181873b,2024-02-01T15:00:00Z,United States,USD,FOMC Statement,HIGH,,,,nasdaq_economic_calendar
2024-02-01-usd-fed-interest-rate-decision-79d33fe8,2024-02-01T15:00:00Z,United States,USD,Fed Interest Rate Decision,HIGH,5.50%,5.50%,5.50%,nasdaq_economic_calendar
2024-02-01-usd-fomc-press-conference-65581789,2024-02-01T15:30:00Z,United States,USD,FOMC Press Conference,HIGH,,,,nasdaq_economic_calendar
2024-02-02-usd-nonfarm-productivity-21ca351d,2024-02-02T09:30:00Z,United States,USD,Nonfarm Productivity,HIGH,3.2%,2.4%,4.9%,nasdaq_economic_calendar
2024-02-02-usd-ism-manufacturing-employment-f80c4352,2024-02-02T11:00:00Z,United States,USD,ISM Manufacturing Employment,HIGH,47.1,47.0,47.5,nasdaq_economic_calendar
2024-02-02-usd-ism-manufacturing-new-orders-index-27649e7d,2024-02-02T11:00:00Z,United States,USD,ISM Manufacturing New Orders Index,HIGH,52.5,48.2,47.0,nasdaq_economic_calendar
2024-02-02-usd-ism-manufacturing-pmi-809db115,2024-02-02T11:00:00Z,United States,USD,ISM Manufacturing PMI,HIGH,49.1,47.2,47.1,nasdaq_economic_calendar
2024-02-02-usd-ism-manufacturing-prices-b58d78a7,2024-02-02T11:00:00Z,United States,USD,ISM Manufacturing Prices,HIGH,52.9,46.0,45.2,nasdaq_economic_calendar
2024-02-03-usd-average-hourly-earnings-807fb922,2024-02-03T09:30:00Z,United States,USD,Average Hourly Earnings,HIGH,0.6%,0.3%,0.4%,nasdaq_economic_calendar
2024-02-03-usd-average-hourly-earnings-yoy-2f3c9d27,2024-02-03T09:30:00Z,United States,USD,Average Hourly Earnings (YoY),HIGH,4.5%,4.1%,4.3%,nasdaq_economic_calendar
2024-02-03-usd-nonfarm-payrolls-5e191406,2024-02-03T09:30:00Z,United States,USD,Nonfarm Payrolls,HIGH,353K,187K,290K,nasdaq_economic_calendar
2024-02-03-usd-private-nonfarm-payrolls-8bd9414d,2024-02-03T09:30:00Z,United States,USD,Private Nonfarm Payrolls,HIGH,317K,155K,278K,nasdaq_economic_calendar
2024-02-03-usd-u6-unemployment-rate-8ba932b3,2024-02-03T09:30:00Z,United States,USD,U6 Unemployment Rate,HIGH,7.2%,,7.1%,nasdaq_economic_calendar
2024-02-03-usd-unemployment-rate-6a2015cc,2024-02-03T09:30:00Z,United States,USD,Unemployment Rate,HIGH,3.7%,3.8%,3.7%,nasdaq_economic_calendar
2024-02-03-usd-michigan-consumer-expectations-f192c388,2024-02-03T11:00:00Z,United States,USD,Michigan Consumer Expectations,HIGH,77.1,75.9,67.4,nasdaq_economic_calendar
2024-02-03-usd-michigan-consumer-sentiment-c50eb316,2024-02-03T11:00:00Z,United States,USD,Michigan Consumer Sentiment,HIGH,79.0,78.8,69.7,nasdaq_economic_calendar
2024-02-06-usd-fomc-member-kashkari-speaks-85e379a5,2024-02-06T09:00:00Z,United States,USD,FOMC Member Kashkari Speaks,HIGH,,,,nasdaq_economic_calendar
2024-02-06-usd-ism-non-manufacturing-business-activity-32e1e8c9,2024-02-06T11:00:00Z,United States,USD,ISM Non-Manufacturing Business Activity,HIGH,55.8,,55.8,nasdaq_economic_calendar
2024-02-06-usd-ism-non-manufacturing-employment-5d511a65,2024-02-06T11:00:00Z,United States,USD,ISM Non-Manufacturing Employment,HIGH,50.5,49.4,43.8,nasdaq_economic_calendar
2024-02-06-usd-ism-non-manufacturing-new-orders-2fe71173,2024-02-06T11:00:00Z,United States,USD,ISM Non-Manufacturing New Orders,HIGH,55.0,54.8,52.8,nasdaq_economic_calendar
2024-02-06-usd-ism-non-manufacturing-pmi-2c50b7d8,2024-02-06T11:00:00Z,United States,USD,ISM Non-Manufacturing PMI,HIGH,53.4,52.0,50.5,nasdaq_economic_calendar
2024-02-06-usd-ism-non-manufacturing-prices-266dfe7e,2024-02-06T11:00:00Z,United States,USD,ISM Non-Manufacturing Prices,HIGH,64.0,56.5,57.4,nasdaq_economic_calendar
2024-02-06-usd-fomc-member-bostic-speaks-ba859a2a,2024-02-06T15:00:00Z,United States,USD,FOMC Member Bostic Speaks,HIGH,,,,nasdaq_economic_calendar
2024-02-06-usd-fomc-member-harker-speaks-9fc9f91e,2024-02-06T20:00:00Z,United States,USD,FOMC Member Harker Speaks,HIGH,,,,nasdaq_economic_calendar
2024-02-07-usd-fomc-member-mester-speaks-934988ed,2024-02-07T13:00:00Z,United States,USD,FOMC Member Mester Speaks,HIGH,,,,nasdaq_economic_calendar
2024-02-07-usd-fomc-member-kashkari-speaks-3ceb4851,2024-02-07T14:00:00Z,United States,USD,FOMC Member Kashkari Speaks,HIGH,,,,nasdaq_economic_calendar
2024-02-08-usd-fomc-member-kugler-speaks-f95dd0d9,2024-02-08T12:00:00Z,United States,USD,FOMC Member Kugler Speaks,HIGH,,,,nasdaq_economic_calendar
2024-02-08-usd-fomc-member-barkin-speaks-bebb0a7f,2024-02-08T13:30:00Z,United States,USD,FOMC Member Barkin Speaks,HIGH,,,,nasdaq_economic_calendar
2024-02-08-usd-fomc-member-bowman-speaks-d13d7075,2024-02-08T15:00:00Z,United States,USD,FOMC Member Bowman Speaks,HIGH,,,,nasdaq_economic_calendar
2024-02-09-usd-fomc-member-barkin-speaks-50299256,2024-02-09T09:30:00Z,United States,USD,FOMC Member Barkin Speaks,HIGH,,,,nasdaq_economic_calendar
2024-02-09-usd-fomc-member-barkin-speaks-da1d2031,2024-02-09T13:05:00Z,United States,USD,FOMC Member Barkin Speaks,HIGH,,,,nasdaq_economic_calendar
2024-02-13-usd-fomc-member-bowman-speaks-f5fa2cc3,2024-02-13T10:20:00Z,United States,USD,FOMC Member Bowman Speaks,HIGH,,,,nasdaq_economic_calendar
2024-02-13-usd-fomc-member-barkin-speaks-5d3d2a58,2024-02-13T13:00:00Z,United States,USD,FOMC Member Barkin Speaks,HIGH,,,,nasdaq_economic_calendar
2024-02-13-usd-fomc-member-kashkari-speaks-23f7b994,2024-02-13T14:00:00Z,United States,USD,FOMC Member Kashkari Speaks,HIGH,,,,nasdaq_economic_calendar
2024-02-14-usd-cpi-ec079172,2024-02-14T09:30:00Z,United States,USD,CPI,HIGH,0.3%,0.2%,0.2%,nasdaq_economic_calendar
2024-02-14-usd-cpi-index-n-s-a-b52b2955,2024-02-14T09:30:00Z,United States,USD,"CPI Index, n.s.a.",HIGH,308.42,307.99,306.75,nasdaq_economic_calendar
2024-02-14-usd-cpi-index-s-a-fb3a8261,2024-02-14T09:30:00Z,United States,USD,"CPI Index, s.a",HIGH,309.69,,308.74,nasdaq_economic_calendar
2024-02-14-usd-cpi-n-s-a-fadf6daa,2024-02-14T09:30:00Z,United States,USD,"CPI, n.s.a",HIGH,0.54%,,-0.10%,nasdaq_economic_calendar
2024-02-14-usd-core-cpi-2bd8fae2,2024-02-14T09:30:00Z,United States,USD,Core CPI,HIGH,0.4%,0.3%,0.3%,nasdaq_economic_calendar
2024-02-14-usd-core-cpi-index-91a35a99,2024-02-14T09:30:00Z,United States,USD,Core CPI Index,HIGH,314.44,314.08,313.21,nasdaq_economic_calendar
2024-02-14-usd-cleveland-cpi-4875f55d,2024-02-14T12:00:00Z,United States,USD,Cleveland CPI,HIGH,0.5%,,0.3%,nasdaq_economic_calendar
2024-02-15-jpy-gdp-a54a7b7f,2024-02-15T19:50:00Z,Japan,JPY,GDP,HIGH,-0.1%,0.2%,-0.8%,nasdaq_economic_calendar
2024-02-15-jpy-gdp-capital-expenditure-deac2033,2024-02-15T19:50:00Z,Japan,JPY,GDP Capital Expenditure,HIGH,-0.1%,0.3%,-0.6%,nasdaq_economic_calendar
2024-02-15-jpy-gdp-external-demand-d2e59751,2024-02-15T19:50:00Z,Japan,JPY,GDP External Demand,HIGH,0.2%,0.3%,0.0%,nasdaq_economic_calendar
2024-02-15-jpy-gdp-price-index-5da482a0,2024-02-15T19:50:00Z,Japan,JPY,GDP Price Index,HIGH,3.8%,4.0%,5.3%,nasdaq_economic_calendar
2024-02-15-jpy-gdp-private-consumption-3086d1a5,2024-02-15T19:50:00Z,Japan,JPY,GDP Private Consumption,HIGH,-0.2%,0.1%,-0.3%,nasdaq_economic_calendar
2024-02-15-usd-fomc-member-bostic-speaks-d28a013e,2024-02-15T20:00:00Z,United States,USD,FOMC Member Bostic Speaks,HIGH,,,,nasdaq_economic_calendar
2024-02-16-jpy-industrial-production-d08f69b4,2024-02-16T00:30:00Z,Japan,JPY,Industrial Production,HIGH,1.4%,1.8%,-0.9%,nasdaq_economic_calendar
2024-02-16-usd-core-retail-sales-ab6b4571,2024-02-16T09:30:00Z,United States,USD,Core Retail Sales,HIGH,-0.6%,0.2%,0.4%,nasdaq_economic_calendar
2024-02-16-usd-retail-sales-043b9925,2024-02-16T09:30:00Z,United States,USD,Retail Sales,HIGH,-0.8%,-0.2%,0.4%,nasdaq_economic_calendar
2024-02-16-usd-retail-sales-ex-gas-autos-35468205,2024-02-16T09:30:00Z,United States,USD,Retail Sales Ex Gas/Autos,HIGH,-0.5%,,0.6%,nasdaq_economic_calendar
2024-02-16-usd-industrial-production-1f61c4fa,2024-02-16T10:15:00Z,United States,USD,Industrial Production,HIGH,-0.1%,0.2%,0.1%,nasdaq_economic_calendar
2024-02-16-usd-fomc-member-bostic-speaks-397924d1,2024-02-16T20:00:00Z,United States,USD,FOMC Member Bostic Speaks,HIGH,,,,nasdaq_economic_calendar
2024-02-17-usd-fomc-member-barkin-speaks-031eae29,2024-02-17T09:00:00Z,United States,USD,FOMC Member Barkin Speaks,HIGH,,,,nasdaq_economic_calendar
2024-02-17-usd-core-ppi-b6538851,2024-02-17T09:30:00Z,United States,USD,Core PPI,HIGH,0.5%,0.1%,-0.1%,nasdaq_economic_calendar
2024-02-17-usd-ppi-7458e887,2024-02-17T09:30:00Z,United States,USD,PPI,HIGH,0.3%,0.1%,-0.1%,nasdaq_economic_calendar
2024-02-17-usd-ppi-ex-food-energy-transport-0c92f539,2024-02-17T09:30:00Z,United States,USD,PPI ex. Food/Energy/Transport,HIGH,0.6%,0.1%,0.2%,nasdaq_economic_calendar
2024-02-17-usd-michigan-consumer-expectations-674ad0ab,2024-02-17T11:00:00Z,United States,USD,Michigan Consumer Expectations,HIGH,78.4,76.5,77.1,nasdaq_economic_calendar
2024-02-17-usd-michigan-consumer-sentiment-85e38d6d,2024-02-17T11:00:00Z,United States,USD,Michigan Consumer Sentiment,HIGH,79.6,80.0,79.0,nasdaq_economic_calendar
2024-02-17-usd-fomc-member-daly-speaks-43587960,2024-02-17T13:10:00Z,United States,USD,FOMC Member Daly Speaks,HIGH,,,,nasdaq_economic_calendar
2024-02-21-jpy-reuters-tankan-index-1e38842d,2024-02-21T19:00:00Z,Japan,JPY,Reuters Tankan Index,HIGH,-1,,6,nasdaq_economic_calendar
2024-02-21-jpy-adjusted-trade-balance-9d05828e,2024-02-21T19:50:00Z,Japan,JPY,Adjusted Trade Balance,HIGH,0.24T,-0.23T,-0.41T,nasdaq_economic_calendar
2024-02-21-jpy-trade-balance-73c62ff3,2024-02-21T19:50:00Z,Japan,JPY,Trade Balance,HIGH,"-1,758.3B","-1,925.9B",68.9B,nasdaq_economic_calendar
2024-02-22-usd-fomc-member-bostic-speaks-4549ee91,2024-02-22T09:00:00Z,United States,USD,FOMC Member Bostic Speaks,HIGH,,,,nasdaq_economic_calendar
2024-02-22-usd-fomc-member-bowman-speaks-5cd4cb07,2024-02-22T14:00:00Z,United States,USD,FOMC Member Bowman Speaks,HIGH,,,,nasdaq_economic_calendar
2024-02-22-usd-fomc-meeting-minutes-8274e718,2024-02-22T15:00:00Z,United States,USD,FOMC Meeting Minutes,HIGH,,,,nasdaq_economic_calendar
2024-02-23-usd-fomc-member-harker-speaks-979ff00c,2024-02-23T16:15:00Z,United States,USD,FOMC Member Harker Speaks,HIGH,,,,nasdaq_economic_calendar
2024-02-23-usd-fomc-member-kashkari-speaks-959bbc10,2024-02-23T18:00:00Z,United States,USD,FOMC Member Kashkari Speaks,HIGH,,,,nasdaq_economic_calendar
2024-02-27-jpy-cpi-n-s-a-9e31d4ce,2024-02-27T19:30:00Z,Japan,JPY,"CPI, n.s.a",HIGH,0.1%,,0.1%,nasdaq_economic_calendar
2024-02-27-jpy-national-cpi-d9c99712,2024-02-27T19:30:00Z,Japan,JPY,National CPI,HIGH,2.2%,,2.6%,nasdaq_economic_calendar
2024-02-27-jpy-national-core-cpi-9b7ee067,2024-02-27T19:30:00Z,Japan,JPY,National Core CPI,HIGH,2.0%,1.9%,2.3%,nasdaq_economic_calendar
2024-02-28-usd-core-durable-goods-orders-501862fc,2024-02-28T09:30:00Z,United States,USD,Core Durable Goods Orders,HIGH,-0.3%,0.2%,-0.1%,nasdaq_economic_calendar
2024-02-28-usd-durable-goods-orders-0a4f21f2,2024-02-28T09:30:00Z,United States,USD,Durable Goods Orders,HIGH,-6.1%,-4.9%,-0.3%,nasdaq_economic_calendar
2024-02-28-usd-cb-consumer-confidence-352f27f6,2024-02-28T11:00:00Z,United States,USD,CB Consumer Confidence,HIGH,106.7,114.8,110.9,nasdaq_economic_calendar
2024-02-29-usd-core-pce-prices-031f299f,2024-02-29T09:30:00Z,United States,USD,Core PCE Prices,HIGH,2.10%,2.00%,2.00%,nasdaq_economic_calendar
2024-02-29-usd-gdp-645d75da,2024-02-29T09:30:00Z,United States,USD,GDP,HIGH,3.2%,3.3%,4.9%,nasdaq_economic_calendar
2024-02-29-usd-gdp-price-index-02c42a67,2024-02-29T09:30:00Z,United States,USD,GDP Price Index,HIGH,1.7%,1.5%,3.3%,nasdaq_economic_calendar
2024-02-29-usd-gdp-sales-31e98c7c,2024-02-29T09:30:00Z,United States,USD,GDP Sales,HIGH,3.5%,3.2%,3.6%,nasdaq_economic_calendar
2024-02-29-usd-pce-prices-ca9f3988,2024-02-29T09:30:00Z,United States,USD,PCE Prices,HIGH,1.8%,1.7%,2.6%,nasdaq_economic_calendar
2024-02-29-usd-fomc-member-bostic-speaks-915c3ab6,2024-02-29T13:00:00Z,United States,USD,FOMC Member Bostic Speaks,HIGH,,,,nasdaq_economic_calendar
2024-02-29-usd-fomc-member-williams-speaks-b89ffe7a,2024-02-29T13:45:00Z,United States,USD,FOMC Member Williams Speaks,HIGH,,,,nasdaq_economic_calendar
2024-02-29-jpy-industrial-production-92231cb7,2024-02-29T19:50:00Z,Japan,JPY,Industrial Production,HIGH,-7.5%,-6.7%,1.4%,nasdaq_economic_calendar
2024-02-29-jpy-industrial-production-forecast-1m-ahead-50843062,2024-02-29T19:50:00Z,Japan,JPY,Industrial Production forecast 1m ahead,HIGH,4.8%,,-6.2%,nasdaq_economic_calendar
2024-02-29-jpy-industrial-production-forecast-2m-ahead-221879e8,2024-02-29T19:50:00Z,Japan,JPY,Industrial Production forecast 2m ahead,HIGH,2.0%,,2.2%,nasdaq_economic_calendar
2024-02-29-jpy-large-scale-retail-sales-yoy-6294821a,2024-02-29T19:50:00Z,Japan,JPY,Large Scale Retail Sales YoY,HIGH,3.0%,,3.0%,nasdaq_economic_calendar
2024-02-29-jpy-retail-sales-769023de,2024-02-29T19:50:00Z,Japan,JPY,Retail Sales,HIGH,2.3%,2.0%,2.4%,nasdaq_economic_calendar
2024-03-01-jpy-boj-core-cpi-541f1f97,2024-03-01T01:00:00Z,Japan,JPY,BoJ Core CPI,HIGH,2.6%,2.3%,2.6%,nasdaq_economic_calendar
2024-03-01-usd-core-pce-price-index-de5a2329,2024-03-01T09:30:00Z,United States,USD,Core PCE Price Index,HIGH,0.4%,0.4%,0.1%,nasdaq_economic_calendar
2024-03-01-usd-pce-price-index-324237d8,2024-03-01T09:30:00Z,United States,USD,PCE Price index,HIGH,2.4%,2.4%,2.6%,nasdaq_economic_calendar
2024-03-01-usd-pce-price-index-6b956784,2024-03-01T09:30:00Z,United States,USD,PCE price index,HIGH,0.3%,0.3%,0.1%,nasdaq_economic_calendar
2024-03-01-usd-personal-income-bfd990e5,2024-03-01T09:30:00Z,United States,USD,Personal Income,HIGH,1.0%,0.4%,0.3%,nasdaq_economic_calendar
2024-03-01-usd-real-personal-consumption-2397d834,2024-03-01T09:30:00Z,United States,USD,Real Personal Consumption,HIGH,-0.1%,,0.6%,nasdaq_economic_calendar
2024-03-01-usd-dallas-fed-pce-6cfe4fd2,2024-03-01T10:00:00Z,United States,USD,Dallas Fed PCE,HIGH,5.00%,,1.80%,nasdaq_economic_calendar
2024-03-01-usd-fomc-member-bostic-speaks-12ae3318,2024-03-01T11:50:00Z,United States,USD,FOMC Member Bostic Speaks,HIGH,,,,nasdaq_economic_calendar
2024-03-01-usd-fomc-member-mester-speaks-a2dddd06,2024-03-01T14:15:00Z,United States,USD,FOMC Member Mester Speaks,HIGH,,,,nasdaq_economic_calendar
2024-03-01-usd-fomc-member-williams-speaks-a55de67c,2024-03-01T21:10:00Z,United States,USD,FOMC Member Williams Speaks,HIGH,,,,nasdaq_economic_calendar
2024-03-02-usd-ism-manufacturing-employment-d1e257fb,2024-03-02T11:00:00Z,United States,USD,ISM Manufacturing Employment,HIGH,45.9,,47.1,nasdaq_economic_calendar
2024-03-02-usd-ism-manufacturing-new-orders-index-9b5353c3,2024-03-02T11:00:00Z,United States,USD,ISM Manufacturing New Orders Index,HIGH,49.2,,52.5,nasdaq_economic_calendar
2024-03-02-usd-ism-manufacturing-pmi-10fbc937,2024-03-02T11:00:00Z,United States,USD,ISM Manufacturing PMI,HIGH,47.8,49.5,49.1,nasdaq_economic_calendar
2024-03-02-usd-ism-manufacturing-prices-5197bb0d,2024-03-02T11:00:00Z,United States,USD,ISM Manufacturing Prices,HIGH,52.5,53.5,52.9,nasdaq_economic_calendar
2024-03-02-usd-michigan-consumer-expectations-4bb32aaa,2024-03-02T11:00:00Z,United States,USD,Michigan Consumer Expectations,HIGH,75.2,78.4,77.1,nasdaq_economic_calendar
2024-03-02-usd-michigan-consumer-sentiment-8b0c6798,2024-03-02T11:00:00Z,United States,USD,Michigan Consumer Sentiment,HIGH,76.9,79.6,79.0,nasdaq_economic_calendar
2024-03-02-usd-fomc-member-bostic-speaks-db41f368,2024-03-02T13:15:00Z,United States,USD,FOMC Member Bostic Speaks,HIGH,,,,nasdaq_economic_calendar
2024-03-02-usd-fomc-member-daly-speaks-44e26ba3,2024-03-02T14:30:00Z,United States,USD,FOMC Member Daly Speaks,HIGH,,,,nasdaq_economic_calendar
2024-03-02-usd-fomc-member-kugler-speaks-fa3c2a24,2024-03-02T16:30:00Z,United States,USD,FOMC Member Kugler Speaks,HIGH,,,,nasdaq_economic_calendar
2024-03-05-usd-fomc-member-harker-speaks-98dde5bd,2024-03-05T12:00:00Z,United States,USD,FOMC Member Harker Speaks,HIGH,,,,nasdaq_economic_calendar
2024-03-05-jpy-cpi-tokyo-ex-food-energy-b1e5b98d,2024-03-05T19:30:00Z,Japan,JPY,CPI Tokyo Ex Food & Energy,HIGH,2.5%,,2.5%,nasdaq_economic_calendar
2024-03-05-jpy-cpi-tokyo-ex-food-and-energy-eb0f2134,2024-03-05T19:30:00Z,Japan,JPY,CPI Tokyo Ex Food and Energy,HIGH,0.3%,,0.1%,nasdaq_economic_calendar
2024-03-05-jpy-tokyo-cpi-a76926d8,2024-03-05T19:30:00Z,Japan,JPY,Tokyo CPI,HIGH,2.6%,,1.8%,nasdaq_economic_calendar
2024-03-05-jpy-tokyo-core-cpi-cf874c9c,2024-03-05T19:30:00Z,Japan,JPY,Tokyo Core CPI,HIGH,2.5%,2.5%,1.8%,nasdaq_economic_calendar
2024-03-06-usd-ism-non-manufacturing-business-activity-e2b0eefe,2024-03-06T11:00:00Z,United States,USD,ISM Non-Manufacturing Business Activity,HIGH,57.2,,55.8,nasdaq_economic_calendar
2024-03-06-usd-ism-non-manufacturing-employment-d0f9c401,2024-03-06T11:00:00Z,United States,USD,ISM Non-Manufacturing Employment,HIGH,48.0,51.4,50.5,nasdaq_economic_calendar
2024-03-06-usd-ism-non-manufacturing-new-orders-43cf36b4,2024-03-06T11:00:00Z,United States,USD,ISM Non-Manufacturing New Orders,HIGH,56.1,54.4,55.0,nasdaq_economic_calendar
2024-03-06-usd-ism-non-manufacturing-pmi-6b5e3440,2024-03-06T11:00:00Z,United States,USD,ISM Non-Manufacturing PMI,HIGH,52.6,53.0,53.4,nasdaq_economic_calendar
2024-03-06-usd-ism-non-manufacturing-prices-86097ce8,2024-03-06T11:00:00Z,United States,USD,ISM Non-Manufacturing Prices,HIGH,58.6,62.0,64.0,nasdaq_economic_calendar
2024-03-07-usd-adp-nonfarm-employment-change-7eb86bb1,2024-03-07T09:15:00Z,United States,USD,ADP Nonfarm Employment Change,HIGH,140K,149K,111K,nasdaq_economic_calendar
2024-03-07-usd-jolts-job-openings-003c063b,2024-03-07T11:00:00Z,United States,USD,JOLTS Job Openings,HIGH,8.863M,8.800M,8.889M,nasdaq_economic_calendar
2024-03-07-usd-fomc-member-daly-speaks-48c2a16d,2024-03-07T13:00:00Z,United States,USD,FOMC Member Daly Speaks,HIGH,,,,nasdaq_economic_calendar
2024-03-07-usd-fomc-member-kashkari-speaks-6c0903e2,2024-03-07T16:15:00Z,United States,USD,FOMC Member Kashkari Speaks,HIGH,,,,nasdaq_economic_calendar
2024-03-07-jpy-boj-board-member-nakagawa-speaks-cbb6cb4c,2024-03-07T21:30:00Z,Japan,JPY,BoJ Board Member Nakagawa Speaks,HIGH,,,,nasdaq_economic_calendar
2024-03-08-usd-nonfarm-productivity-27fc07e7,2024-03-08T09:30:00Z,United States,USD,Nonfarm Productivity,HIGH,3.2%,3.1%,4.7%,nasdaq_economic_calendar
2024-03-08-usd-fomc-member-mester-speaks-98ca9955,2024-03-08T12:30:00Z,United States,USD,FOMC Member Mester Speaks,HIGH,,,,nasdaq_economic_calendar
2024-03-09-usd-fomc-member-williams-speaks-96987ba4,2024-03-09T08:00:00Z,United States,USD,FOMC Member Williams Speaks,HIGH,,,,nasdaq_economic_calendar
2024-03-09-usd-average-hourly-earnings-1cc65624,2024-03-09T09:30:00Z,United States,USD,Average Hourly Earnings,HIGH,0.1%,0.2%,0.5%,nasdaq_economic_calendar
2024-03-09-usd-average-hourly-earnings-yoy-0ad387ef,2024-03-09T09:30:00Z,United States,USD,Average Hourly Earnings (YoY),HIGH,4.3%,4.4%,4.4%,nasdaq_economic_calendar
2024-03-09-usd-nonfarm-payrolls-b5c6783d,2024-03-09T09:30:00Z,United States,USD,Nonfarm Payrolls,HIGH,275K,198K,256K,nasdaq_economic_calendar
2024-03-09-usd-private-nonfarm-payrolls-3efc215d,2024-03-09T09:30:00Z,United States,USD,Private Nonfarm Payrolls,HIGH,223K,160K,177K,nasdaq_economic_calendar
2024-03-09-usd-u6-unemployment-rate-a8161814,2024-03-09T09:30:00Z,United States,USD,U6 Unemployment Rate,HIGH,7.3%,,7.2%,nasdaq_economic_calendar
2024-03-09-usd-unemployment-rate-dbe260ee,2024-03-09T09:30:00Z,United States,USD,Unemployment Rate,HIGH,3.9%,3.7%,3.7%,nasdaq_economic_calendar
2024-03-11-jpy-gdp-b0db0d22,2024-03-11T19:50:00Z,Japan,JPY,GDP,HIGH,0.1%,-0.1%,-0.7%,nasdaq_economic_calendar
2024-03-11-jpy-gdp-capital-expenditure-544e2584,2024-03-11T19:50:00Z,Japan,JPY,GDP Capital Expenditure,HIGH,2.0%,-0.1%,-0.4%,nasdaq_economic_calendar
2024-03-11-jpy-gdp-external-demand-8eb5757d,2024-03-11T19:50:00Z,Japan,JPY,GDP External Demand,HIGH,0.2%,0.2%,-0.1%,nasdaq_economic_calendar
2024-03-11-jpy-gdp-price-index-a68c8f5d,2024-03-11T19:50:00Z,Japan,JPY,GDP Price Index,HIGH,3.9%,3.8%,5.2%,nasdaq_economic_calendar
2024-03-11-jpy-gdp-private-consumption-6a22d9b5,2024-03-11T19:50:00Z,Japan,JPY,GDP Private Consumption,HIGH,-0.3%,-0.2%,-0.2%,nasdaq_economic_calendar
2024-03-13-usd-cpi-d005f5a1,2024-03-13T08:30:00Z,United States,USD,CPI,HIGH,0.4%,0.4%,0.3%,nasdaq_economic_calendar
2024-03-13-usd-cpi-index-n-s-a-ed3c5091,2024-03-13T08:30:00Z,United States,USD,"CPI Index, n.s.a.",HIGH,310.33,310.30,308.42,nasdaq_economic_calendar
2024-03-13-usd-cpi-index-s-a-706febf2,2024-03-13T08:30:00Z,United States,USD,"CPI Index, s.a",HIGH,311.05,,309.68,nasdaq_economic_calendar
2024-03-13-usd-cpi-n-s-a-d7aee875,2024-03-13T08:30:00Z,United States,USD,"CPI, n.s.a",HIGH,0.62%,,0.54%,nasdaq_economic_calendar
2024-03-13-usd-core-cpi-2920424b,2024-03-13T08:30:00Z,United States,USD,Core CPI,HIGH,0.4%,0.3%,0.4%,nasdaq_economic_calendar
2024-03-13-usd-core-cpi-index-1f65196f,2024-03-13T08:30:00Z,United States,USD,Core CPI Index,HIGH,315.57,,314.44,nasdaq_economic_calendar
2024-03-13-usd-cleveland-cpi-a4b9d99b,2024-03-13T11:00:00Z,United States,USD,Cleveland CPI,HIGH,0.4%,,0.5%,nasdaq_economic_calendar
2024-03-15-usd-core-ppi-d169e027,2024-03-15T08:30:00Z,United States,USD,Core PPI,HIGH,2.0%,1.9%,2.0%,nasdaq_economic_calendar
2024-03-15-usd-core-retail-sales-6ea968aa,2024-03-15T08:30:00Z,United States,USD,Core Retail Sales,HIGH,0.3%,0.5%,-0.8%,nasdaq_economic_calendar
2024-03-15-usd-ppi-f496839c,2024-03-15T08:30:00Z,United States,USD,PPI,HIGH,0.6%,0.3%,0.3%,nasdaq_economic_calendar
2024-03-15-usd-ppi-ex-food-energy-transport-2fae7e8d,2024-03-15T08:30:00Z,United States,USD,PPI ex. Food/Energy/Transport,HIGH,2.8%,,2.7%,nasdaq_economic_calendar
2024-03-15-usd-retail-sales-8b8f8ab7,2024-03-15T08:30:00Z,United States,USD,Retail Sales,HIGH,0.6%,0.8%,-1.1%,nasdaq_economic_calendar
2024-03-15-usd-retail-sales-ex-gas-autos-de239ee9,2024-03-15T08:30:00Z,United States,USD,Retail Sales Ex Gas/Autos,HIGH,0.3%,,-0.8%,nasdaq_economic_calendar
2024-03-16-usd-industrial-production-ca93bd2d,2024-03-16T09:15:00Z,United States,USD,Industrial Production,HIGH,0.1%,0.0%,-0.5%,nasdaq_economic_calendar
2024-03-16-usd-michigan-consumer-expectations-e04e291c,2024-03-16T10:00:00Z,United States,USD,Michigan Consumer Expectations,HIGH,74.6,75.1,75.2,nasdaq_economic_calendar
2024-03-16-usd-michigan-consumer-sentiment-341d9a43,2024-03-16T10:00:00Z,United States,USD,Michigan Consumer Sentiment,HIGH,76.5,77.1,76.9,nasdaq_economic_calendar
2024-03-19-jpy-boj-interest-rate-decision-0ef9554a,2024-03-19T23:35:00Z,Japan,JPY,BoJ Interest Rate Decision,HIGH,0.10%,0.10%,-0.10%,nasdaq_economic_calendar
2024-03-19-jpy-boj-monetary-policy-statement-49f0c11c,2024-03-19T23:35:00Z,Japan,JPY,BoJ Monetary Policy Statement,HIGH,,,,nasdaq_economic_calendar
2024-03-20-jpy-industrial-production-7e8c7383,2024-03-20T00:30:00Z,Japan,JPY,Industrial Production,HIGH,-6.7%,-7.5%,1.2%,nasdaq_economic_calendar
2024-03-20-jpy-boj-press-conference-880bf8df,2024-03-20T02:30:00Z,Japan,JPY,BoJ Press Conference,HIGH,,,,nasdaq_economic_calendar
2024-03-21-usd-fomc-economic-projections-92948d2b,2024-03-21T14:00:00Z,United States,USD,FOMC Economic Projections,HIGH,,,,nasdaq_economic_calendar
2024-03-21-usd-fomc-statement-67eaf959,2024-03-21T14:00:00Z,United States,USD,FOMC Statement,HIGH,,,,nasdaq_economic_calendar
2024-03-21-usd-fed-interest-rate-decision-138555bf,2024-03-21T14:00:00Z,United States,USD,Fed Interest Rate Decision,HIGH,5.50%,5.50%,5.50%,nasdaq_economic_calendar
2024-03-21-usd-fomc-press-conference-b218f8fd,2024-03-21T14:30:00Z,United States,USD,FOMC Press Conference,HIGH,,,,nasdaq_economic_calendar
2024-03-21-jpy-reuters-tankan-index-062c7e28,2024-03-21T19:00:00Z,Japan,JPY,Reuters Tankan Index,HIGH,10,,-1,nasdaq_economic_calendar
2024-03-21-jpy-adjusted-trade-balance-25676294,2024-03-21T19:50:00Z,Japan,JPY,Adjusted Trade Balance,HIGH,-0.45T,-0.83T,0.01T,nasdaq_economic_calendar
2024-03-21-jpy-trade-balance-31b00148,2024-03-21T19:50:00Z,Japan,JPY,Trade Balance,HIGH,-379.4B,-810.2B,"-1,760.3B",nasdaq_economic_calendar
2024-03-22-jpy-cpi-n-s-a-f47a75c0,2024-03-22T19:30:00Z,Japan,JPY,"CPI, n.s.a",HIGH,0.0%,,0.1%,nasdaq_economic_calendar
2024-03-22-jpy-national-cpi-8d3028fa,2024-03-22T19:30:00Z,Japan,JPY,National CPI,HIGH,2.8%,,2.2%,nasdaq_economic_calendar
2024-03-22-jpy-national-core-cpi-7c0e7ff4,2024-03-22T19:30:00Z,Japan,JPY,National Core CPI,HIGH,2.8%,2.8%,2.0%,nasdaq_economic_calendar
2024-03-23-usd-fomc-member-bostic-speaks-5e44e6e4,2024-03-23T16:00:00Z,United States,USD,FOMC Member Bostic Speaks,HIGH,,,,nasdaq_economic_calendar
2024-03-25-jpy-monetary-policy-meeting-minutes-89a52c8f,2024-03-25T19:50:00Z,Japan,JPY,Monetary Policy Meeting Minutes,HIGH,,,,nasdaq_economic_calendar
2024-03-26-usd-fomc-member-bostic-speaks-5eda24d5,2024-03-26T08:25:00Z,United States,USD,FOMC Member Bostic Speaks,HIGH,,,,nasdaq_economic_calendar
2024-03-27-jpy-boj-core-cpi-5c9928f7,2024-03-27T01:00:00Z,Japan,JPY,BoJ Core CPI,HIGH,2.3%,2.5%,2.6%,nasdaq_economic_calendar
2024-03-27-usd-core-durable-goods-orders-39ee5f09,2024-03-27T08:30:00Z,United States,USD,Core Durable Goods Orders,HIGH,0.5%,0.4%,-0.3%,nasdaq_economic_calendar
2024-03-27-usd-durable-goods-orders-5a420423,2024-03-27T08:30:00Z,United States,USD,Durable Goods Orders,HIGH,1.4%,1.2%,-6.9%,nasdaq_economic_calendar
2024-03-27-usd-cb-consumer-confidence-48413816,2024-03-27T10:00:00Z,United States,USD,CB Consumer Confidence,HIGH,104.7,106.9,104.8,nasdaq_economic_calendar
2024-03-27-jpy-boj-tamura-speaks-2a399524,2024-03-27T21:00:00Z,Japan,JPY,BoJ Tamura Speaks,HIGH,,,,nasdaq_economic_calendar
2024-03-28-jpy-boj-summary-of-opinions-71c5a094,2024-03-28T19:50:00Z,Japan,JPY,BoJ Summary of Opinions,HIGH,,,,nasdaq_economic_calendar
2024-03-29-usd-core-pce-prices-ec62f565,2024-03-29T08:30:00Z,United States,USD,Core PCE Prices,HIGH,2.00%,2.10%,2.00%,nasdaq_economic_calendar
2024-03-29-usd-gdp-b81dc2c0,2024-03-29T08:30:00Z,United States,USD,GDP,HIGH,3.4%,3.2%,4.9%,nasdaq_economic_calendar
2024-03-29-usd-gdp-price-index-a234ff75,2024-03-29T08:30:00Z,United States,USD,GDP Price Index,HIGH,1.7%,1.6%,3.3%,nasdaq_economic_calendar
2024-03-29-usd-gdp-sales-81750132,2024-03-29T08:30:00Z,United States,USD,GDP Sales,HIGH,3.9%,3.5%,3.6%,nasdaq_economic_calendar
2024-03-29-usd-pce-prices-77a02242,2024-03-29T08:30:00Z,United States,USD,PCE Prices,HIGH,1.8%,1.8%,2.6%,nasdaq_economic_calendar
2024-03-29-usd-michigan-consumer-expectations-f44d9f47,2024-03-29T10:00:00Z,United States,USD,Michigan Consumer Expectations,HIGH,77.4,74.6,75.2,nasdaq_economic_calendar
2024-03-29-usd-michigan-consumer-sentiment-671b4199,2024-03-29T10:00:00Z,United States,USD,Michigan Consumer Sentiment,HIGH,79.4,76.5,76.9,nasdaq_economic_calendar
2024-03-29-jpy-cpi-tokyo-ex-food-energy-d9b696c9,2024-03-29T19:30:00Z,Japan,JPY,CPI Tokyo Ex Food & Energy,HIGH,2.9%,,3.1%,nasdaq_economic_calendar
2024-03-29-jpy-cpi-tokyo-ex-food-and-energy-a98196b2,2024-03-29T19:30:00Z,Japan,JPY,CPI Tokyo Ex Food and Energy,HIGH,0.2%,,0.3%,nasdaq_economic_calendar
2024-03-29-jpy-tokyo-cpi-61b83535,2024-03-29T19:30:00Z,Japan,JPY,Tokyo CPI,HIGH,2.6%,,2.6%,nasdaq_economic_calendar
2024-03-29-jpy-tokyo-core-cpi-332be96b,2024-03-29T19:30:00Z,Japan,JPY,Tokyo Core CPI,HIGH,2.4%,2.4%,2.5%,nasdaq_economic_calendar
2024-03-29-jpy-industrial-production-6f67d614,2024-03-29T19:50:00Z,Japan,JPY,Industrial Production,HIGH,-0.1%,1.2%,-6.7%,nasdaq_economic_calendar
2024-03-29-jpy-industrial-production-forecast-1m-ahead-b4249f5a,2024-03-29T19:50:00Z,Japan,JPY,Industrial Production forecast 1m ahead,HIGH,4.9%,,4.8%,nasdaq_economic_calendar
2024-03-29-jpy-industrial-production-forecast-2m-ahead-70196fc2,2024-03-29T19:50:00Z,Japan,JPY,Industrial Production forecast 2m ahead,HIGH,3.3%,,2.0%,nasdaq_economic_calendar
2024-03-29-jpy-large-scale-retail-sales-yoy-2a935e79,2024-03-29T19:50:00Z,Japan,JPY,Large Scale Retail Sales YoY,HIGH,8.0%,,3.0%,nasdaq_economic_calendar
2024-03-29-jpy-retail-sales-873836da,2024-03-29T19:50:00Z,Japan,JPY,Retail Sales,HIGH,4.6%,2.8%,2.1%,nasdaq_economic_calendar
2024-03-30-usd-core-pce-price-index-be543ae3,2024-03-30T08:30:00Z,United States,USD,Core PCE Price Index,HIGH,0.3%,0.3%,0.5%,nasdaq_economic_calendar
2024-03-30-usd-pce-price-index-ef90be45,2024-03-30T08:30:00Z,United States,USD,PCE Price index,HIGH,2.5%,2.5%,2.4%,nasdaq_economic_calendar
2024-03-30-usd-pce-price-index-b72601e0,2024-03-30T08:30:00Z,United States,USD,PCE price index,HIGH,0.3%,0.4%,0.4%,nasdaq_economic_calendar
2024-03-30-usd-personal-income-b747195c,2024-03-30T08:30:00Z,United States,USD,Personal Income,HIGH,0.3%,0.4%,1.0%,nasdaq_economic_calendar
2024-03-30-usd-real-personal-consumption-9812200f,2024-03-30T08:30:00Z,United States,USD,Real Personal Consumption,HIGH,0.4%,,-0.2%,nasdaq_economic_calendar
2024-03-30-usd-dallas-fed-pce-dbf090a6,2024-03-30T09:00:00Z,United States,USD,Dallas Fed PCE,HIGH,3.40%,,5.70%,nasdaq_economic_calendar
2024-03-30-usd-fomc-member-daly-speaks-0f3da710,2024-03-30T11:20:00Z,United States,USD,FOMC Member Daly Speaks,HIGH,,,,nasdaq_economic_calendar
2024-04-01-jpy-tankan-all-big-industry-capex-b748b257,2024-04-01T19:50:00Z,Japan,JPY,Tankan All Big Industry CAPEX,HIGH,4.0%,9.2%,13.2%,nasdaq_economic_calendar
2024-04-01-jpy-tankan-all-small-industry-capex-4cde6014,2024-04-01T19:50:00Z,Japan,JPY,Tankan All Small Industry CAPEX,HIGH,-3.6%,,8.3%,nasdaq_economic_calendar
2024-04-01-jpy-tankan-big-manufacturing-outlook-index-bdffbd1d,2024-04-01T19:50:00Z,Japan,JPY,Tankan Big Manufacturing Outlook Index,HIGH,10,11,8,nasdaq_economic_calendar
2024-04-01-jpy-tankan-large-manufacturers-index-ef961ed4,2024-04-01T19:50:00Z,Japan,JPY,Tankan Large Manufacturers Index,HIGH,11,10,13,nasdaq_economic_calendar
2024-04-01-jpy-tankan-large-non-manufacturers-diffusion-index-e234571f,2024-04-01T19:50:00Z,Japan,JPY,Tankan Large Non-Manufacturers Diffusion Index,HIGH,27,30,27,nasdaq_economic_calendar
2024-04-01-jpy-tankan-large-non-manufacturers-index-6c8844b3,2024-04-01T19:50:00Z,Japan,JPY,Tankan Large Non-Manufacturers Index,HIGH,34,31,32,nasdaq_economic_calendar
2024-04-01-jpy-tankan-small-manufacturers-diffusion-index-84e30984,2024-04-01T19:50:00Z,Japan,JPY,Tankan Small Manufacturers Diffusion Index,HIGH,0,,-1,nasdaq_economic_calendar
2024-04-01-jpy-tankan-small-manufacturing-index-07b7924a,2024-04-01T19:50:00Z,Japan,JPY,Tankan Small Manufacturing Index,HIGH,-1,-2,2,nasdaq_economic_calendar
2024-04-01-jpy-tankan-small-non-manufacturers-diffusion-index-2479816c,2024-04-01T19:50:00Z,Japan,JPY,Tankan Small Non-Manufacturers Diffusion Index,HIGH,8,,7,nasdaq_economic_calendar
2024-04-01-jpy-tankan-small-non-manufacturing-index-efb4ab3a,2024-04-01T19:50:00Z,Japan,JPY,Tankan Small Non-Manufacturing Index,HIGH,13,,14,nasdaq_economic_calendar
2024-04-02-usd-ism-manufacturing-employment-99bdf0a1,2024-04-02T10:00:00Z,United States,USD,ISM Manufacturing Employment,HIGH,47.4,47.5,45.9,nasdaq_economic_calendar
2024-04-02-usd-ism-manufacturing-new-orders-index-b8721386,2024-04-02T10:00:00Z,United States,USD,ISM Manufacturing New Orders Index,HIGH,51.4,49.8,49.2,nasdaq_economic_calendar
2024-04-02-usd-ism-manufacturing-pmi-2fb520fb,2024-04-02T10:00:00Z,United States,USD,ISM Manufacturing PMI,HIGH,50.3,48.5,47.8,nasdaq_economic_calendar
2024-04-02-usd-ism-manufacturing-prices-25163df1,2024-04-02T10:00:00Z,United States,USD,ISM Manufacturing Prices,HIGH,55.8,53.3,52.5,nasdaq_economic_calendar
2024-04-03-usd-jolts-job-openings-8a85aed1,2024-04-03T10:00:00Z,United States,USD,JOLTS Job Openings,HIGH,8.756M,8.760M,8.748M,nasdaq_economic_calendar
2024-04-03-usd-fomc-member-bowman-speaks-87701077,2024-04-03T10:10:00Z,United States,USD,FOMC Member Bowman Speaks,HIGH,,,,nasdaq_economic_calendar
2024-04-03-usd-fomc-member-williams-speaks-d0b204ab,2024-04-03T12:00:00Z,United States,USD,FOMC Member Williams Speaks,HIGH,,,,nasdaq_economic_calendar
2024-04-03-usd-fomc-member-mester-speaks-1ae55b2b,2024-04-03T12:05:00Z,United States,USD,FOMC Member Mester Speaks,HIGH,,,,nasdaq_economic_calendar
2024-04-03-usd-fomc-member-daly-speaks-3d24ad00,2024-04-03T13:30:00Z,United States,USD,FOMC Member Daly Speaks,HIGH,,,,nasdaq_economic_calendar
2024-04-04-usd-adp-nonfarm-employment-change-9b4d2b35,2024-04-04T08:15:00Z,United States,USD,ADP Nonfarm Employment Change,HIGH,184K,148K,155K,nasdaq_economic_calendar
2024-04-04-usd-fomc-member-bostic-speaks-c7f06a17,2024-04-04T08:30:00Z,United States,USD,FOMC Member Bostic Speaks,HIGH,,,,nasdaq_economic_calendar
2024-04-04-usd-fomc-member-bowman-speaks-2c3dc5c4,2024-04-04T09:45:00Z,United States,USD,FOMC Member Bowman Speaks,HIGH,,,,nasdaq_economic_calendar
2024-04-04-usd-ism-non-manufacturing-business-activity-425f6947,2024-04-04T10:00:00Z,United States,USD,ISM Non-Manufacturing Business Activity,HIGH,57.4,56.7,57.2,nasdaq_economic_calendar
2024-04-04-usd-ism-non-manufacturing-employment-171d87f3,2024-04-04T10:00:00Z,United States,USD,ISM Non-Manufacturing Employment,HIGH,48.5,49.0,48.0,nasdaq_economic_calendar
2024-04-04-usd-ism-non-manufacturing-new-orders-1f024e47,2024-04-04T10:00:00Z,United States,USD,ISM Non-Manufacturing New Orders,HIGH,54.4,55.5,56.1,nasdaq_economic_calendar
2024-04-04-usd-ism-non-manufacturing-pmi-4e544710,2024-04-04T10:00:00Z,United States,USD,ISM Non-Manufacturing PMI,HIGH,51.4,52.8,52.6,nasdaq_economic_calendar
2024-04-04-usd-ism-non-manufacturing-prices-1366810e,2024-04-04T10:00:00Z,United States,USD,ISM Non-Manufacturing Prices,HIGH,53.4,58.4,58.6,nasdaq_economic_calendar
2024-04-04-usd-fomc-member-kugler-speaks-fe85dfb1,2024-04-04T16:30:00Z,United States,USD,FOMC Member Kugler Speaks,HIGH,,,,nasdaq_economic_calendar
2024-04-05-usd-fomc-member-barkin-speaks-8bf3d086,2024-04-05T12:15:00Z,United States,USD,FOMC Member Barkin Speaks,HIGH,,,,nasdaq_economic_calendar
2024-04-05-usd-fomc-member-mester-speaks-90f5c593,2024-04-05T14:00:00Z,United States,USD,FOMC Member Mester Speaks,HIGH,,,,nasdaq_economic_calendar
2024-04-05-usd-fomc-member-kugler-speaks-b402e343,2024-04-05T19:30:00Z,United States,USD,FOMC Member Kugler Speaks,HIGH,,,,nasdaq_economic_calendar
2024-04-06-usd-average-hourly-earnings-694b28f9,2024-04-06T08:30:00Z,United States,USD,Average Hourly Earnings,HIGH,0.3%,0.3%,0.2%,nasdaq_economic_calendar
2024-04-06-usd-average-hourly-earnings-yoy-ff50fc25,2024-04-06T08:30:00Z,United States,USD,Average Hourly Earnings (YoY),HIGH,4.1%,4.1%,4.3%,nasdaq_economic_calendar
2024-04-06-usd-nonfarm-payrolls-310abb7a,2024-04-06T08:30:00Z,United States,USD,Nonfarm Payrolls,HIGH,303K,212K,236K,nasdaq_economic_calendar
2024-04-06-usd-private-nonfarm-payrolls-e2581049,2024-04-06T08:30:00Z,United States,USD,Private Nonfarm Payrolls,HIGH,232K,160K,207K,nasdaq_economic_calendar
2024-04-06-usd-u6-unemployment-rate-498e1d1b,2024-04-06T08:30:00Z,United States,USD,U6 Unemployment Rate,HIGH,7.3%,,7.3%,nasdaq_economic_calendar
2024-04-06-usd-unemployment-rate-002cf72c,2024-04-06T08:30:00Z,United States,USD,Unemployment Rate,HIGH,3.8%,3.9%,3.9%,nasdaq_economic_calendar
2024-04-06-usd-fomc-member-barkin-speaks-ac476dcf,2024-04-06T09:15:00Z,United States,USD,FOMC Member Barkin Speaks,HIGH,,,,nasdaq_economic_calendar
2024-04-06-usd-fomc-member-bowman-speaks-7628202e,2024-04-06T12:15:00Z,United States,USD,FOMC Member Bowman Speaks,HIGH,,,,nasdaq_economic_calendar
2024-04-09-usd-fomc-member-kashkari-speaks-1c16eace,2024-04-09T19:00:00Z,United States,USD,FOMC Member Kashkari Speaks,HIGH,,,,nasdaq_economic_calendar
2024-04-11-jpy-boj-gov-ueda-speaks-db0cbaca,2024-04-11T02:00:00Z,Japan,JPY,BOJ Gov Ueda Speaks,HIGH,,,,nasdaq_economic_calendar
2024-04-11-usd-cpi-36c0cb5a,2024-04-11T08:30:00Z,United States,USD,CPI,HIGH,0.4%,0.3%,0.4%,nasdaq_economic_calendar
2024-04-11-usd-cpi-index-n-s-a-b4012909,2024-04-11T08:30:00Z,United States,USD,"CPI Index, n.s.a.",HIGH,312.33,312.10,310.33,nasdaq_economic_calendar
2024-04-11-usd-cpi-index-s-a-94c5997f,2024-04-11T08:30:00Z,United States,USD,"CPI Index, s.a",HIGH,312.23,,311.05,nasdaq_economic_calendar
2024-04-11-usd-cpi-n-s-a-01be1593,2024-04-11T08:30:00Z,United States,USD,"CPI, n.s.a",HIGH,0.65%,,0.62%,nasdaq_economic_calendar
2024-04-11-usd-core-cpi-86beb2e5,2024-04-11T08:30:00Z,United States,USD,Core CPI,HIGH,3.8%,3.7%,3.8%,nasdaq_economic_calendar
2024-04-11-usd-core-cpi-index-c4245f9c,2024-04-11T08:30:00Z,United States,USD,Core CPI Index,HIGH,316.70,316.57,315.57,nasdaq_economic_calendar
2024-04-11-usd-fomc-member-bowman-speaks-a2c4e16d,2024-04-11T08:45:00Z,United States,USD,FOMC Member Bowman Speaks,HIGH,,,,nasdaq_economic_calendar
2024-04-11-usd-cleveland-cpi-2e489f8a,2024-04-11T11:00:00Z,United States,USD,Cleveland CPI,HIGH,0.4%,,0.4%,nasdaq_economic_calendar
2024-04-11-usd-fomc-member-barkin-speaks-175a92da,2024-04-11T12:45:00Z,United States,USD,FOMC Member Barkin Speaks,HIGH,,,,nasdaq_economic_calendar
2024-04-11-usd-fomc-meeting-minutes-66c3d484,2024-04-11T14:00:00Z,United States,USD,FOMC Meeting Minutes,HIGH,,,,nasdaq_economic_calendar
2024-04-12-usd-core-ppi-b863f737,2024-04-12T08:30:00Z,United States,USD,Core PPI,HIGH,0.2%,0.2%,0.3%,nasdaq_economic_calendar
2024-04-12-usd-ppi-daae175b,2024-04-12T08:30:00Z,United States,USD,PPI,HIGH,0.2%,0.3%,0.6%,nasdaq_economic_calendar
2024-04-12-usd-ppi-ex-food-energy-transport-c10cd917,2024-04-12T08:30:00Z,United States,USD,PPI ex. Food/Energy/Transport,HIGH,2.8%,,2.7%,nasdaq_economic_calendar
2024-04-12-usd-fomc-member-williams-speaks-4c519121,2024-04-12T08:45:00Z,United States,USD,FOMC Member Williams Speaks,HIGH,,,,nasdaq_economic_calendar
2024-04-12-usd-fomc-member-barkin-speaks-f292f84c,2024-04-12T10:00:00Z,United States,USD,FOMC Member Barkin Speaks,HIGH,,,,nasdaq_economic_calendar
2024-04-12-usd-fomc-member-bostic-speaks-3b556146,2024-04-12T13:30:00Z,United States,USD,FOMC Member Bostic Speaks,HIGH,,,,nasdaq_economic_calendar
2024-04-16-usd-industrial-production-26590831,2024-04-16T09:15:00Z,United States,USD,Industrial Production,HIGH,0.4%,0.4%,0.4%,nasdaq_economic_calendar
2024-04-16-usd-fomc-member-williams-speaks-7de9691a,2024-04-16T12:30:00Z,United States,USD,FOMC Member Williams Speaks,HIGH,,,,nasdaq_economic_calendar
2024-04-16-usd-fomc-member-barkin-speaks-9b008688,2024-04-16T13:00:00Z,United States,USD,FOMC Member Barkin Speaks,HIGH,,,,nasdaq_economic_calendar
2024-04-16-jpy-reuters-tankan-index-99f71f70,2024-04-16T19:00:00Z,Japan,JPY,Reuters Tankan Index,HIGH,9,,10,nasdaq_economic_calendar
2024-04-16-jpy-adjusted-trade-balance-1892ebfd,2024-04-16T19:50:00Z,Japan,JPY,Adjusted Trade Balance,HIGH,-0.70T,-0.28T,-0.57T,nasdaq_economic_calendar
2024-04-16-jpy-trade-balance-ae69dd34,2024-04-16T19:50:00Z,Japan,JPY,Trade Balance,HIGH,366.5B,,-377.8B,nasdaq_economic_calendar
2024-04-17-usd-industrial-production-dca8358b,2024-04-17T09:15:00Z,United States,USD,Industrial Production,HIGH,0.4%,0.4%,0.4%,nasdaq_economic_calendar
2024-04-17-usd-fomc-member-williams-speaks-14f20a49,2024-04-17T12:30:00Z,United States,USD,FOMC Member Williams Speaks,HIGH,,,,nasdaq_economic_calendar
2024-04-17-usd-fomc-member-barkin-speaks-d9fe2ee2,2024-04-17T13:00:00Z,United States,USD,FOMC Member Barkin Speaks,HIGH,,,,nasdaq_economic_calendar
2024-04-17-jpy-reuters-tankan-index-3e8cec3a,2024-04-17T19:00:00Z,Japan,JPY,Reuters Tankan Index,HIGH,9,,10,nasdaq_economic_calendar
2024-04-17-jpy-adjusted-trade-balance-bf25d112,2024-04-17T19:50:00Z,Japan,JPY,Adjusted Trade Balance,HIGH,-0.70T,-0.28T,-0.57T,nasdaq_economic_calendar
2024-04-17-jpy-trade-balance-ae863863,2024-04-17T19:50:00Z,Japan,JPY,Trade Balance,HIGH,366.5B,,-377.8B,nasdaq_economic_calendar
2024-04-18-usd-fomc-member-mester-speaks-dd642337,2024-04-18T17:30:00Z,United States,USD,FOMC Member Mester Speaks,HIGH,,,,nasdaq_economic_calendar
2024-04-18-usd-fomc-member-bowman-speaks-52dd5a3c,2024-04-18T19:15:00Z,United States,USD,FOMC Member Bowman Speaks,HIGH,,,,nasdaq_economic_calendar
2024-04-18-jpy-boj-board-member-noguchi-speaks-67d2cadb,2024-04-18T21:30:00Z,Japan,JPY,BoJ Board Member Noguchi Speaks,HIGH,,,,nasdaq_economic_calendar
2024-04-24-jpy-boj-core-cpi-66d2cb1c,2024-04-24T01:00:00Z,Japan,JPY,BoJ Core CPI,HIGH,2.2%,,2.3%,nasdaq_economic_calendar
2024-04-25-usd-core-durable-goods-orders-420047f1,2024-04-25T08:30:00Z,United States,USD,Core Durable Goods Orders,HIGH,0.2%,0.3%,0.1%,nasdaq_economic_calendar
2024-04-25-usd-durable-goods-orders-b180113e,2024-04-25T08:30:00Z,United States,USD,Durable Goods Orders,HIGH,2.6%,2.5%,0.7%,nasdaq_economic_calendar
2024-04-26-usd-core-pce-prices-618d9001,2024-04-26T08:30:00Z,United States,USD,Core PCE Prices,HIGH,3.70%,3.40%,2.00%,nasdaq_economic_calendar
2024-04-26-usd-gdp-8dfbf9fc,2024-04-26T08:30:00Z,United States,USD,GDP,HIGH,1.6%,2.5%,3.4%,nasdaq_economic_calendar
2024-04-26-usd-gdp-price-index-b8a29d47,2024-04-26T08:30:00Z,United States,USD,GDP Price Index,HIGH,3.1%,3.0%,1.7%,nasdaq_economic_calendar
2024-04-26-usd-gdp-sales-e6a93617,2024-04-26T08:30:00Z,United States,USD,GDP Sales,HIGH,2.0%,,3.9%,nasdaq_economic_calendar
2024-04-26-usd-pce-prices-cc4580e8,2024-04-26T08:30:00Z,United States,USD,PCE Prices,HIGH,3.4%,,1.8%,nasdaq_economic_calendar
2024-04-26-jpy-cpi-tokyo-ex-food-energy-11daa3a8,2024-04-26T19:30:00Z,Japan,JPY,CPI Tokyo Ex Food & Energy,HIGH,1.4%,2.7%,2.9%,nasdaq_economic_calendar
2024-04-26-jpy-cpi-tokyo-ex-food-and-energy-58b39e76,2024-04-26T19:30:00Z,Japan,JPY,CPI Tokyo Ex Food and Energy,HIGH,-0.2%,,0.2%,nasdaq_economic_calendar
2024-04-26-jpy-tokyo-cpi-7488657d,2024-04-26T19:30:00Z,Japan,JPY,Tokyo CPI,HIGH,1.8%,2.6%,2.6%,nasdaq_economic_calendar
2024-04-26-jpy-tokyo-core-cpi-b15fbf41,2024-04-26T19:30:00Z,Japan,JPY,Tokyo Core CPI,HIGH,1.6%,2.2%,2.4%,nasdaq_economic_calendar
2024-04-26-jpy-boj-monetary-policy-statement-e687d4cd,2024-04-26T22:30:00Z,Japan,JPY,BoJ Monetary Policy Statement,HIGH,,,,nasdaq_economic_calendar
2024-04-26-jpy-boj-outlook-report-4301969a,2024-04-26T22:30:00Z,Japan,JPY,BoJ Outlook Report,HIGH,,,,nasdaq_economic_calendar
2024-04-26-jpy-boj-interest-rate-decision-d19ed130,2024-04-26T23:00:00Z,Japan,JPY,BoJ Interest Rate Decision,HIGH,0.10%,0.10%,0.10%,nasdaq_economic_calendar
2024-04-27-jpy-boj-press-conference-92215b65,2024-04-27T02:30:00Z,Japan,JPY,BoJ Press Conference,HIGH,,,,nasdaq_economic_calendar
2024-04-27-usd-core-pce-price-index-6780c014,2024-04-27T08:30:00Z,United States,USD,Core PCE Price Index,HIGH,0.3%,0.3%,0.3%,nasdaq_economic_calendar
2024-04-27-usd-pce-price-index-e1618d17,2024-04-27T08:30:00Z,United States,USD,PCE Price index,HIGH,2.7%,2.6%,2.5%,nasdaq_economic_calendar
2024-04-27-usd-pce-price-index-ba915236,2024-04-27T08:30:00Z,United States,USD,PCE price index,HIGH,0.3%,0.3%,0.3%,nasdaq_economic_calendar
2024-04-27-usd-personal-income-a8ba6d9c,2024-04-27T08:30:00Z,United States,USD,Personal Income,HIGH,0.5%,0.5%,0.3%,nasdaq_economic_calendar
2024-04-27-usd-real-personal-consumption-8d4d971e,2024-04-27T08:30:00Z,United States,USD,Real Personal Consumption,HIGH,0.5%,,0.5%,nasdaq_economic_calendar
2024-04-27-usd-dallas-fed-pce-74fa9e5e,2024-04-27T09:00:00Z,United States,USD,Dallas Fed PCE,HIGH,2.90%,,3.40%,nasdaq_economic_calendar
2024-04-27-usd-michigan-consumer-expectations-4d84685d,2024-04-27T10:00:00Z,United States,USD,Michigan Consumer Expectations,HIGH,76.0,77.0,77.4,nasdaq_economic_calendar
2024-04-27-usd-michigan-consumer-sentiment-5ae466a9,2024-04-27T10:00:00Z,United States,USD,Michigan Consumer Sentiment,HIGH,77.2,77.8,79.4,nasdaq_economic_calendar
2024-04-30-jpy-industrial-production-5cd7a4a3,2024-04-30T19:50:00Z,Japan,JPY,Industrial Production,HIGH,3.8%,3.4%,-0.6%,nasdaq_economic_calendar
2024-04-30-jpy-industrial-production-forecast-1m-ahead-6a7abe32,2024-04-30T19:50:00Z,Japan,JPY,Industrial Production forecast 1m ahead,HIGH,4.1%,,4.9%,nasdaq_economic_calendar
2024-04-30-jpy-industrial-production-forecast-2m-ahead-51b4d53b,2024-04-30T19:50:00Z,Japan,JPY,Industrial Production forecast 2m ahead,HIGH,4.4%,,3.3%,nasdaq_economic_calendar
2024-04-30-jpy-large-scale-retail-sales-yoy-c380c7e2,2024-04-30T19:50:00Z,Japan,JPY,Large Scale Retail Sales YoY,HIGH,7.0%,,8.0%,nasdaq_economic_calendar
2024-04-30-jpy-retail-sales-7180fdfb,2024-04-30T19:50:00Z,Japan,JPY,Retail Sales,HIGH,1.2%,2.5%,4.7%,nasdaq_economic_calendar
2024-05-01-usd-employment-cost-index-11611ec7,2024-05-01T08:30:00Z,United States,USD,Employment Cost Index,HIGH,1.2%,1.0%,0.9%,nasdaq_economic_calendar
2024-05-01-usd-cb-consumer-confidence-a0d460c5,2024-05-01T10:00:00Z,United States,USD,CB Consumer Confidence,HIGH,97.0,104.0,103.1,nasdaq_economic_calendar
2024-05-02-usd-adp-nonfarm-employment-change-05944e48,2024-05-02T08:15:00Z,United States,USD,ADP Nonfarm Employment Change,HIGH,192K,179K,208K,nasdaq_economic_calendar
2024-05-02-usd-ism-manufacturing-employment-422f9bb8,2024-05-02T10:00:00Z,United States,USD,ISM Manufacturing Employment,HIGH,48.6,48.2,47.4,nasdaq_economic_calendar
2024-05-02-usd-ism-manufacturing-new-orders-index-d48a467f,2024-05-02T10:00:00Z,United States,USD,ISM Manufacturing New Orders Index,HIGH,49.1,51.0,51.4,nasdaq_economic_calendar
2024-05-02-usd-ism-manufacturing-pmi-52374a74,2024-05-02T10:00:00Z,United States,USD,ISM Manufacturing PMI,HIGH,49.2,50.0,50.3,nasdaq_economic_calendar
2024-05-02-usd-ism-manufacturing-prices-98bb10a0,2024-05-02T10:00:00Z,United States,USD,ISM Manufacturing Prices,HIGH,60.9,55.5,55.8,nasdaq_economic_calendar
2024-05-02-usd-jolts-job-openings-f2603a4a,2024-05-02T10:00:00Z,United States,USD,JOLTS Job Openings,HIGH,8.488M,8.680M,8.813M,nasdaq_economic_calendar
2024-05-02-usd-fomc-statement-3847cffb,2024-05-02T14:00:00Z,United States,USD,FOMC Statement,HIGH,,,,nasdaq_economic_calendar
2024-05-02-usd-fed-interest-rate-decision-a3228af4,2024-05-02T14:00:00Z,United States,USD,Fed Interest Rate Decision,HIGH,5.50%,5.50%,5.50%,nasdaq_economic_calendar
2024-05-02-usd-fomc-press-conference-772919fe,2024-05-02T14:30:00Z,United States,USD,FOMC Press Conference,HIGH,,,,nasdaq_economic_calendar
2024-05-02-jpy-monetary-policy-meeting-minutes-e67bc2fa,2024-05-02T19:50:00Z,Japan,JPY,Monetary Policy Meeting Minutes,HIGH,,,,nasdaq_economic_calendar
2024-05-03-usd-nonfarm-productivity-22c7d37d,2024-05-03T08:30:00Z,United States,USD,Nonfarm Productivity,HIGH,0.3%,0.8%,3.5%,nasdaq_economic_calendar
2024-05-04-usd-average-hourly-earnings-60af109a,2024-05-04T08:30:00Z,United States,USD,Average Hourly Earnings,HIGH,0.2%,0.3%,0.3%,nasdaq_economic_calendar
2024-05-04-usd-average-hourly-earnings-yoy-95769af9,2024-05-04T08:30:00Z,United States,USD,Average Hourly Earnings (YoY),HIGH,3.9%,4.0%,4.1%,nasdaq_economic_calendar
2024-05-04-usd-nonfarm-payrolls-523ab0df,2024-05-04T08:30:00Z,United States,USD,Nonfarm Payrolls,HIGH,175K,238K,310K,nasdaq_economic_calendar
2024-05-04-usd-private-nonfarm-payrolls-bd72b346,2024-05-04T08:30:00Z,United States,USD,Private Nonfarm Payrolls,HIGH,167K,181K,243K,nasdaq_economic_calendar
2024-05-04-usd-u6-unemployment-rate-e3a577be,2024-05-04T08:30:00Z,United States,USD,U6 Unemployment Rate,HIGH,7.4%,,7.3%,nasdaq_economic_calendar
2024-05-04-usd-unemployment-rate-92ecdc1b,2024-05-04T08:30:00Z,United States,USD,Unemployment Rate,HIGH,3.9%,3.8%,3.8%,nasdaq_economic_calendar
2024-05-04-usd-ism-non-manufacturing-business-activity-a4d6887e,2024-05-04T10:00:00Z,United States,USD,ISM Non-Manufacturing Business Activity,HIGH,50.9,,57.4,nasdaq_economic_calendar
2024-05-04-usd-ism-non-manufacturing-employment-a4f284c5,2024-05-04T10:00:00Z,United States,USD,ISM Non-Manufacturing Employment,HIGH,45.9,49.0,48.5,nasdaq_economic_calendar
2024-05-04-usd-ism-non-manufacturing-new-orders-8fe1b73a,2024-05-04T10:00:00Z,United States,USD,ISM Non-Manufacturing New Orders,HIGH,52.2,54.5,54.4,nasdaq_economic_calendar
2024-05-04-usd-ism-non-manufacturing-pmi-a8195727,2024-05-04T10:00:00Z,United States,USD,ISM Non-Manufacturing PMI,HIGH,49.4,52.0,51.4,nasdaq_economic_calendar
2024-05-04-usd-ism-non-manufacturing-prices-2ccf1e26,2024-05-04T10:00:00Z,United States,USD,ISM Non-Manufacturing Prices,HIGH,59.2,55.0,53.4,nasdaq_economic_calendar
2024-05-04-usd-fomc-member-williams-speaks-775cbcaf,2024-05-04T19:45:00Z,United States,USD,FOMC Member Williams Speaks,HIGH,,,,nasdaq_economic_calendar
2024-05-07-usd-fomc-member-barkin-speaks-45cf27aa,2024-05-07T12:50:00Z,United States,USD,FOMC Member Barkin Speaks,HIGH,,,,nasdaq_economic_calendar
2024-05-07-usd-fomc-member-williams-speaks-6abfd034,2024-05-07T13:00:00Z,United States,USD,FOMC Member Williams Speaks,HIGH,,,,nasdaq_economic_calendar
2024-05-08-usd-fomc-member-kashkari-speaks-8f106fff,2024-05-08T11:30:00Z,United States,USD,FOMC Member Kashkari Speaks,HIGH,,,,nasdaq_economic_calendar
2024-05-09-jpy-boj-summary-of-opinions-941937aa,2024-05-09T19:50:00Z,Japan,JPY,BoJ Summary of Opinions,HIGH,,,,nasdaq_economic_calendar
2024-05-10-usd-fomc-member-daly-speaks-e19ad7e0,2024-05-10T14:00:00Z,United States,USD,FOMC Member Daly Speaks,HIGH,,,,nasdaq_economic_calendar
2024-05-11-usd-fomc-member-bowman-speaks-256a7a14,2024-05-11T09:00:00Z,United States,USD,FOMC Member Bowman Speaks,HIGH,,,,nasdaq_economic_calendar
2024-05-11-usd-michigan-consumer-expectations-234e34b7,2024-05-11T10:00:00Z,United States,USD,Michigan Consumer Expectations,HIGH,66.5,75.0,76.0,nasdaq_economic_calendar
2024-05-11-usd-michigan-consumer-sentiment-eb520900,2024-05-11T10:00:00Z,United States,USD,Michigan Consumer Sentiment,HIGH,67.4,76.0,77.2,nasdaq_economic_calendar
2024-05-14-usd-fomc-member-mester-speaks-5180eb1d,2024-05-14T09:00:00Z,United States,USD,FOMC Member Mester Speaks,HIGH,,,,nasdaq_economic_calendar
2024-05-15-usd-core-ppi-3c7014f5,2024-05-15T08:30:00Z,United States,USD,Core PPI,HIGH,0.5%,0.2%,-0.1%,nasdaq_economic_calendar
2024-05-15-usd-ppi-263123f1,2024-05-15T08:30:00Z,United States,USD,PPI,HIGH,0.5%,0.3%,-0.1%,nasdaq_economic_calendar
2024-05-15-usd-ppi-ex-food-energy-transport-1399ae2c,2024-05-15T08:30:00Z,United States,USD,PPI ex. Food/Energy/Transport,HIGH,3.1%,,2.8%,nasdaq_economic_calendar
2024-05-16-usd-cpi-fbe30865,2024-05-16T08:30:00Z,United States,USD,CPI,HIGH,0.3%,0.4%,0.4%,nasdaq_economic_calendar
2024-05-16-usd-cpi-index-n-s-a-452e9c1c,2024-05-16T08:30:00Z,United States,USD,"CPI Index, n.s.a.",HIGH,313.55,313.76,312.33,nasdaq_economic_calendar
2024-05-16-usd-cpi-index-s-a-c8388771,2024-05-16T08:30:00Z,United States,USD,"CPI Index, s.a",HIGH,312.21,,312.23,nasdaq_economic_calendar
2024-05-16-usd-cpi-n-s-a-bea9d35d,2024-05-16T08:30:00Z,United States,USD,"CPI, n.s.a",HIGH,0.39%,,0.65%,nasdaq_economic_calendar
2024-05-16-usd-core-cpi-eae5fe89,2024-05-16T08:30:00Z,United States,USD,Core CPI,HIGH,0.3%,0.3%,0.4%,nasdaq_economic_calendar
2024-05-16-usd-core-cpi-index-b07c34d9,2024-05-16T08:30:00Z,United States,USD,Core CPI Index,HIGH,317.62,317.73,316.70,nasdaq_economic_calendar
2024-05-16-usd-core-retail-sales-ddc641ce,2024-05-16T08:30:00Z,United States,USD,Core Retail Sales,HIGH,0.2%,0.2%,0.9%,nasdaq_economic_calendar
2024-05-16-usd-retail-sales-1bbb66e9,2024-05-16T08:30:00Z,United States,USD,Retail Sales,HIGH,3.04%,,3.83%,nasdaq_economic_calendar
2024-05-16-usd-retail-sales-ex-gas-autos-2dea15e0,2024-05-16T08:30:00Z,United States,USD,Retail Sales Ex Gas/Autos,HIGH,-0.1%,,0.7%,nasdaq_economic_calendar
2024-05-16-usd-cleveland-cpi-12f0ca5a,2024-05-16T11:00:00Z,United States,USD,Cleveland CPI,HIGH,0.3%,,0.4%,nasdaq_economic_calendar
2024-05-16-usd-fomc-member-kashkari-speaks-bdfb75c9,2024-05-16T12:00:00Z,United States,USD,FOMC Member Kashkari Speaks,HIGH,,,,nasdaq_economic_calendar
2024-05-16-usd-fomc-member-bowman-speaks-b4f65443,2024-05-16T15:20:00Z,United States,USD,FOMC Member Bowman Speaks,HIGH,,,,nasdaq_economic_calendar
2024-05-16-jpy-gdp-0cc7daad,2024-05-16T19:50:00Z,Japan,JPY,GDP,HIGH,-0.5%,-0.3%,0.0%,nasdaq_economic_calendar
2024-05-16-jpy-gdp-capital-expenditure-6e258c12,2024-05-16T19:50:00Z,Japan,JPY,GDP Capital Expenditure,HIGH,-0.8%,,1.8%,nasdaq_economic_calendar
2024-05-16-jpy-gdp-external-demand-ab1af578,2024-05-16T19:50:00Z,Japan,JPY,GDP External Demand,HIGH,-0.3%,-0.3%,0.2%,nasdaq_economic_calendar
2024-05-16-jpy-gdp-price-index-55bad076,2024-05-16T19:50:00Z,Japan,JPY,GDP Price Index,HIGH,3.7%,3.3%,3.9%,nasdaq_economic_calendar
2024-05-16-jpy-gdp-private-consumption-b994ae16,2024-05-16T19:50:00Z,Japan,JPY,GDP Private Consumption,HIGH,-0.7%,-0.2%,-0.4%,nasdaq_economic_calendar
2024-05-17-jpy-industrial-production-8557efe5,2024-05-17T00:30:00Z,Japan,JPY,Industrial Production,HIGH,4.4%,3.8%,-0.6%,nasdaq_economic_calendar
2024-05-17-usd-industrial-production-20d67595,2024-05-17T09:15:00Z,United States,USD,Industrial Production,HIGH,0.0%,0.1%,0.1%,nasdaq_economic_calendar
2024-05-17-usd-fomc-member-harker-speaks-8828bb68,2024-05-17T10:30:00Z,United States,USD,FOMC Member Harker Speaks,HIGH,,,,nasdaq_economic_calendar
2024-05-17-usd-fomc-member-mester-speaks-285c9440,2024-05-17T11:30:00Z,United States,USD,FOMC Member Mester Speaks,HIGH,,,,nasdaq_economic_calendar
2024-05-17-usd-fomc-member-bostic-speaks-799679d8,2024-05-17T15:50:00Z,United States,USD,FOMC Member Bostic Speaks,HIGH,,,,nasdaq_economic_calendar
2024-05-18-usd-fomc-member-daly-speaks-dc67cf3c,2024-05-18T12:15:00Z,United States,USD,FOMC Member Daly Speaks,HIGH,,,,nasdaq_economic_calendar
2024-05-19-usd-fomc-member-kugler-speaks-c9f6c36d,2024-05-19T17:45:00Z,United States,USD,FOMC Member Kugler Speaks,HIGH,,,,nasdaq_economic_calendar
2024-05-21-usd-fomc-member-bostic-speaks-4031e5e4,2024-05-21T07:30:00Z,United States,USD,FOMC Member Bostic Speaks,HIGH,,,,nasdaq_economic_calendar
2024-05-21-usd-fomc-member-bostic-speaks-ee80a9c9,2024-05-21T08:45:00Z,United States,USD,FOMC Member Bostic Speaks,HIGH,,,,nasdaq_economic_calendar
2024-05-21-usd-fomc-member-mester-speaks-5b9eeb26,2024-05-21T14:00:00Z,United States,USD,FOMC Member Mester Speaks,HIGH,,,,nasdaq_economic_calendar
2024-05-21-usd-fomc-member-bostic-speaks-f05d816f,2024-05-21T19:00:00Z,United States,USD,FOMC Member Bostic Speaks,HIGH,,,,nasdaq_economic_calendar
2024-05-22-usd-fomc-member-barkin-speaks-aa935323,2024-05-22T09:00:00Z,United States,USD,FOMC Member Barkin Speaks,HIGH,,,,nasdaq_economic_calendar
2024-05-22-usd-fomc-member-williams-speaks-32cb888e,2024-05-22T09:05:00Z,United States,USD,FOMC Member Williams Speaks,HIGH,,,,nasdaq_economic_calendar
2024-05-22-usd-fomc-member-bostic-speaks-1ba486d6,2024-05-22T09:10:00Z,United States,USD,FOMC Member Bostic Speaks,HIGH,,,,nasdaq_economic_calendar
2024-05-22-jpy-reuters-tankan-index-a11d3955,2024-05-22T19:00:00Z,Japan,JPY,Reuters Tankan Index,HIGH,9,,9,nasdaq_economic_calendar
2024-05-22-usd-fomc-member-bostic-speaks-482a3faf,2024-05-22T19:00:00Z,United States,USD,FOMC Member Bostic Speaks,HIGH,,,,nasdaq_economic_calendar
2024-05-22-usd-fomc-member-mester-speaks-aee64278,2024-05-22T19:00:00Z,United States,USD,FOMC Member Mester Speaks,HIGH,,,,nasdaq_economic_calendar
2024-05-22-jpy-adjusted-trade-balance-d17e9ec1,2024-05-22T19:50:00Z,Japan,JPY,Adjusted Trade Balance,HIGH,-0.56T,-0.72T,-0.70T,nasdaq_economic_calendar
2024-05-22-jpy-trade-balance-7fd20e13,2024-05-22T19:50:00Z,Japan,JPY,Trade Balance,HIGH,-462.5B,-339.5B,366.5B,nasdaq_economic_calendar
2024-05-23-usd-fomc-meeting-minutes-5ca31930,2024-05-23T14:00:00Z,United States,USD,FOMC Meeting Minutes,HIGH,,,,nasdaq_economic_calendar
2024-05-24-usd-fomc-member-bostic-speaks-ae7b3ba5,2024-05-24T15:00:00Z,United States,USD,FOMC Member Bostic Speaks,HIGH,,,,nasdaq_economic_calendar
2024-05-24-jpy-cpi-n-s-a-7c3561bc,2024-05-24T19:30:00Z,Japan,JPY,"CPI, n.s.a",HIGH,0.4%,,0.3%,nasdaq_economic_calendar
2024-05-24-jpy-national-cpi-bd54fe18,2024-05-24T19:30:00Z,Japan,JPY,National CPI,HIGH,2.5%,,2.7%,nasdaq_economic_calendar
2024-05-24-jpy-national-core-cpi-3d04739f,2024-05-24T19:30:00Z,Japan,JPY,National Core CPI,HIGH,2.2%,2.2%,2.6%,nasdaq_economic_calendar
2024-05-25-usd-core-durable-goods-orders-67db787d,2024-05-25T08:30:00Z,United States,USD,Core Durable Goods Orders,HIGH,0.4%,0.1%,0.2%,nasdaq_economic_calendar
2024-05-25-usd-durable-goods-orders-5febb077,2024-05-25T08:30:00Z,United States,USD,Durable Goods Orders,HIGH,0.7%,-0.9%,0.8%,nasdaq_economic_calendar
2024-05-25-usd-michigan-consumer-expectations-d6a16562,2024-05-25T10:00:00Z,United States,USD,Michigan Consumer Expectations,HIGH,68.8,66.5,76.0,nasdaq_economic_calendar
2024-05-25-usd-michigan-consumer-sentiment-2c100636,2024-05-25T10:00:00Z,United States,USD,Michigan Consumer Sentiment,HIGH,69.1,67.4,77.2,nasdaq_economic_calendar
2024-05-27-jpy-boj-gov-ueda-speaks-f471da64,2024-05-27T20:05:00Z,Japan,JPY,BOJ Gov Ueda Speaks,HIGH,,,,nasdaq_economic_calendar
2024-05-28-usd-fomc-member-williams-speaks-65eebb97,2024-05-28T13:45:00Z,United States,USD,FOMC Member Williams Speaks,HIGH,,,,nasdaq_economic_calendar
2024-05-29-usd-fomc-member-bowman-speaks-d2a06f95,2024-05-29T00:55:00Z,United States,USD,FOMC Member Bowman Speaks,HIGH,,,,nasdaq_economic_calendar
2024-05-29-usd-fomc-member-mester-speaks-2fbdf3c2,2024-05-29T00:55:00Z,United States,USD,FOMC Member Mester Speaks,HIGH,,,,nasdaq_economic_calendar
2024-05-29-jpy-boj-core-cpi-78a40bfa,2024-05-29T01:00:00Z,Japan,JPY,BoJ Core CPI,HIGH,1.8%,2.2%,2.2%,nasdaq_economic_calendar
2024-05-29-usd-fomc-member-kashkari-speaks-f66b6f23,2024-05-29T09:55:00Z,United States,USD,FOMC Member Kashkari Speaks,HIGH,,,,nasdaq_economic_calendar
2024-05-29-usd-cb-consumer-confidence-cc47123e,2024-05-29T10:00:00Z,United States,USD,CB Consumer Confidence,HIGH,102.0,96.0,97.5,nasdaq_economic_calendar
2024-05-29-usd-fomc-member-daly-speaks-e9acc760,2024-05-29T13:05:00Z,United States,USD,FOMC Member Daly Speaks,HIGH,,,,nasdaq_economic_calendar
2024-05-29-jpy-boj-board-member-adachi-speaks-19270380,2024-05-29T21:30:00Z,Japan,JPY,BoJ Board Member Adachi Speaks,HIGH,,,,nasdaq_economic_calendar
2024-05-30-usd-fomc-member-williams-speaks-1280dd0c,2024-05-30T13:45:00Z,United States,USD,FOMC Member Williams Speaks,HIGH,,,,nasdaq_economic_calendar
2024-05-30-usd-fomc-member-bostic-speaks-cf6948ff,2024-05-30T19:00:00Z,United States,USD,FOMC Member Bostic Speaks,HIGH,,,,nasdaq_economic_calendar
2024-05-31-usd-core-pce-prices-0f61c578,2024-05-31T08:30:00Z,United States,USD,Core PCE Prices,HIGH,3.60%,3.70%,2.00%,nasdaq_economic_calendar
2024-05-31-usd-gdp-57a4e418,2024-05-31T08:30:00Z,United States,USD,GDP,HIGH,1.3%,1.6%,3.4%,nasdaq_economic_calendar
2024-05-31-usd-gdp-price-index-6aa59c26,2024-05-31T08:30:00Z,United States,USD,GDP Price Index,HIGH,3.1%,3.1%,1.7%,nasdaq_economic_calendar
2024-05-31-usd-gdp-sales-142e2345,2024-05-31T08:30:00Z,United States,USD,GDP Sales,HIGH,1.7%,2.0%,3.9%,nasdaq_economic_calendar
2024-05-31-usd-pce-prices-27fe9aa0,2024-05-31T08:30:00Z,United States,USD,PCE Prices,HIGH,3.3%,3.4%,1.8%,nasdaq_economic_calendar
2024-05-31-usd-fomc-member-williams-speaks-5fac6df2,2024-05-31T12:05:00Z,United States,USD,FOMC Member Williams Speaks,HIGH,,,,nasdaq_economic_calendar
2024-05-31-jpy-cpi-tokyo-ex-food-energy-081ec386,2024-05-31T19:30:00Z,Japan,JPY,CPI Tokyo Ex Food & Energy,HIGH,1.2%,,1.4%,nasdaq_economic_calendar
2024-05-31-jpy-cpi-tokyo-ex-food-and-energy-9d9ac8bd,2024-05-31T19:30:00Z,Japan,JPY,CPI Tokyo Ex Food and Energy,HIGH,0.0%,,-0.2%,nasdaq_economic_calendar
2024-05-31-jpy-tokyo-cpi-0915024a,2024-05-31T19:30:00Z,Japan,JPY,Tokyo CPI,HIGH,2.2%,,1.8%,nasdaq_economic_calendar
2024-05-31-jpy-tokyo-core-cpi-9e54b8a1,2024-05-31T19:30:00Z,Japan,JPY,Tokyo Core CPI,HIGH,1.9%,1.9%,1.6%,nasdaq_economic_calendar
2024-05-31-jpy-industrial-production-e1338d08,2024-05-31T19:50:00Z,Japan,JPY,Industrial Production,HIGH,-0.1%,1.5%,4.4%,nasdaq_economic_calendar
2024-05-31-jpy-industrial-production-forecast-1m-ahead-faaaa3fa,2024-05-31T19:50:00Z,Japan,JPY,Industrial Production forecast 1m ahead,HIGH,6.9%,,4.1%,nasdaq_economic_calendar
2024-05-31-jpy-industrial-production-forecast-2m-ahead-a0047185,2024-05-31T19:50:00Z,Japan,JPY,Industrial Production forecast 2m ahead,HIGH,-5.6%,,4.4%,nasdaq_economic_calendar
2024-05-31-jpy-large-scale-retail-sales-yoy-ee88470c,2024-05-31T19:50:00Z,Japan,JPY,Large Scale Retail Sales YoY,HIGH,3.0%,,7.0%,nasdaq_economic_calendar
2024-05-31-jpy-retail-sales-626c0177,2024-05-31T19:50:00Z,Japan,JPY,Retail Sales,HIGH,2.4%,1.8%,1.1%,nasdaq_economic_calendar
2024-06-01-usd-core-pce-price-index-9d039472,2024-06-01T08:30:00Z,United States,USD,Core PCE Price Index,HIGH,0.2%,0.3%,0.3%,nasdaq_economic_calendar
2024-06-01-usd-pce-price-index-c2da4494,2024-06-01T08:30:00Z,United States,USD,PCE Price index,HIGH,2.7%,2.7%,2.7%,nasdaq_economic_calendar
2024-06-01-usd-pce-price-index-239b403f,2024-06-01T08:30:00Z,United States,USD,PCE price index,HIGH,0.3%,0.3%,0.3%,nasdaq_economic_calendar
2024-06-01-usd-personal-income-35130fa9,2024-06-01T08:30:00Z,United States,USD,Personal Income,HIGH,0.3%,0.3%,0.5%,nasdaq_economic_calendar
2024-06-01-usd-real-personal-consumption-c9556c06,2024-06-01T08:30:00Z,United States,USD,Real Personal Consumption,HIGH,-0.1%,,0.4%,nasdaq_economic_calendar
2024-06-01-usd-dallas-fed-pce-8fd7ad24,2024-06-01T09:00:00Z,United States,USD,Dallas Fed PCE,HIGH,2.70%,,3.30%,nasdaq_economic_calendar
2024-06-01-usd-fomc-member-bostic-speaks-004a9940,2024-06-01T18:15:00Z,United States,USD,FOMC Member Bostic Speaks,HIGH,,,,nasdaq_economic_calendar
2024-06-04-usd-ism-manufacturing-employment-3e65e245,2024-06-04T10:00:00Z,United States,USD,ISM Manufacturing Employment,HIGH,51.1,48.5,48.6,nasdaq_economic_calendar
2024-06-04-usd-ism-manufacturing-new-orders-index-1f1ddcdb,2024-06-04T10:00:00Z,United States,USD,ISM Manufacturing New Orders Index,HIGH,45.4,49.4,49.1,nasdaq_economic_calendar
2024-06-04-usd-ism-manufacturing-pmi-15b2eb20,2024-06-04T10:00:00Z,United States,USD,ISM Manufacturing PMI,HIGH,48.7,49.8,49.2,nasdaq_economic_calendar
2024-06-04-usd-ism-manufacturing-prices-77819a60,2024-06-04T10:00:00Z,United States,USD,ISM Manufacturing Prices,HIGH,57.0,60.0,60.9,nasdaq_economic_calendar
2024-06-05-usd-jolts-job-openings-d2411a11,2024-06-05T10:00:00Z,United States,USD,JOLTS Job Openings,HIGH,8.059M,8.370M,8.355M,nasdaq_economic_calendar
2024-06-06-usd-adp-nonfarm-employment-change-f186cc80,2024-06-06T08:15:00Z,United States,USD,ADP Nonfarm Employment Change,HIGH,152K,173K,188K,nasdaq_economic_calendar
2024-06-06-usd-ism-non-manufacturing-business-activity-2c547561,2024-06-06T10:00:00Z,United States,USD,ISM Non-Manufacturing Business Activity,HIGH,61.2,,50.9,nasdaq_economic_calendar
2024-06-06-usd-ism-non-manufacturing-employment-b191fe36,2024-06-06T10:00:00Z,United States,USD,ISM Non-Manufacturing Employment,HIGH,47.1,47.2,45.9,nasdaq_economic_calendar
2024-06-06-usd-ism-non-manufacturing-new-orders-17a4e9e8,2024-06-06T10:00:00Z,United States,USD,ISM Non-Manufacturing New Orders,HIGH,54.1,53.2,52.2,nasdaq_economic_calendar
2024-06-06-usd-ism-non-manufacturing-pmi-ea17316c,2024-06-06T10:00:00Z,United States,USD,ISM Non-Manufacturing PMI,HIGH,53.8,51.0,49.4,nasdaq_economic_calendar
2024-06-06-usd-ism-non-manufacturing-prices-1e587e84,2024-06-06T10:00:00Z,United States,USD,ISM Non-Manufacturing Prices,HIGH,58.1,59.0,59.2,nasdaq_economic_calendar
2024-06-06-jpy-boj-board-member-nakamura-speaks-9ae3d8b9,2024-06-06T21:30:00Z,Japan,JPY,BoJ Board Member Nakamura Speaks,HIGH,,,,nasdaq_economic_calendar
2024-06-07-usd-nonfarm-productivity-ef99736c,2024-06-07T08:30:00Z,United States,USD,Nonfarm Productivity,HIGH,0.2%,0.3%,3.2%,nasdaq_economic_calendar
2024-06-08-usd-average-hourly-earnings-0102ae1e,2024-06-08T08:30:00Z,United States,USD,Average Hourly Earnings,HIGH,0.4%,0.3%,0.2%,nasdaq_economic_calendar
2024-06-08-usd-average-hourly-earnings-yoy-9e8b69b2,2024-06-08T08:30:00Z,United States,USD,Average Hourly Earnings (YoY),HIGH,4.1%,3.9%,4.0%,nasdaq_economic_calendar
2024-06-08-usd-nonfarm-payrolls-aceaa9be,2024-06-08T08:30:00Z,United States,USD,Nonfarm Payrolls,HIGH,272K,182K,108K,nasdaq_economic_calendar
2024-06-08-usd-private-nonfarm-payrolls-cf36270a,2024-06-08T08:30:00Z,United States,USD,Private Nonfarm Payrolls,HIGH,229K,170K,158K,nasdaq_economic_calendar
2024-06-08-usd-u6-unemployment-rate-d6b48f66,2024-06-08T08:30:00Z,United States,USD,U6 Unemployment Rate,HIGH,7.4%,,7.4%,nasdaq_economic_calendar
2024-06-08-usd-unemployment-rate-05a0e042,2024-06-08T08:30:00Z,United States,USD,Unemployment Rate,HIGH,4.0%,3.9%,3.9%,nasdaq_economic_calendar
2024-06-10-jpy-gdp-9fd16133,2024-06-10T19:50:00Z,Japan,JPY,GDP,HIGH,-0.5%,-0.5%,0.1%,nasdaq_economic_calendar
2024-06-10-jpy-gdp-capital-expenditure-84c4748d,2024-06-10T19:50:00Z,Japan,JPY,GDP Capital Expenditure,HIGH,-0.4%,-0.8%,2.0%,nasdaq_economic_calendar
2024-06-10-jpy-gdp-external-demand-c2f93c3c,2024-06-10T19:50:00Z,Japan,JPY,GDP External Demand,HIGH,-0.4%,-0.3%,0.2%,nasdaq_economic_calendar
2024-06-10-jpy-gdp-price-index-90434a8e,2024-06-10T19:50:00Z,Japan,JPY,GDP Price Index,HIGH,3.4%,3.7%,3.9%,nasdaq_economic_calendar
2024-06-10-jpy-gdp-private-consumption-af941797,2024-06-10T19:50:00Z,Japan,JPY,GDP Private Consumption,HIGH,-0.7%,-0.7%,-0.3%,nasdaq_economic_calendar
2024-06-13-usd-cpi-19ea4077,2024-06-13T08:30:00Z,United States,USD,CPI,HIGH,0.0%,0.1%,0.3%,nasdaq_economic_calendar
2024-06-13-usd-cpi-index-n-s-a-a20ee78a,2024-06-13T08:30:00Z,United States,USD,"CPI Index, n.s.a.",HIGH,314.07,314.37,313.55,nasdaq_economic_calendar
2024-06-13-usd-cpi-index-s-a-85743c8a,2024-06-13T08:30:00Z,United States,USD,"CPI Index, s.a",HIGH,313.23,,313.21,nasdaq_economic_calendar
2024-06-13-usd-cpi-n-s-a-52f54964,2024-06-13T08:30:00Z,United States,USD,"CPI, n.s.a",HIGH,0.17%,,0.39%,nasdaq_economic_calendar
2024-06-13-usd-core-cpi-6dcd277c,2024-06-13T08:30:00Z,United States,USD,Core CPI,HIGH,0.2%,0.3%,0.3%,nasdaq_economic_calendar
2024-06-13-usd-core-cpi-index-cdb733d2,2024-06-13T08:30:00Z,United States,USD,Core CPI Index,HIGH,318.14,318.50,317.62,nasdaq_economic_calendar
2024-06-13-usd-cleveland-cpi-a1d714e5,2024-06-13T11:00:00Z,United States,USD,Cleveland CPI,HIGH,0.2%,,0.3%,nasdaq_economic_calendar
2024-06-13-usd-fomc-economic-projections-b33c0dc9,2024-06-13T14:00:00Z,United States,USD,FOMC Economic Projections,HIGH,,,,nasdaq_economic_calendar
2024-06-13-usd-fomc-statement-377e6043,2024-06-13T14:00:00Z,United States,USD,FOMC Statement,HIGH,,,,nasdaq_economic_calendar
2024-06-13-usd-fed-interest-rate-decision-751b6596,2024-06-13T14:00:00Z,United States,USD,Fed Interest Rate Decision,HIGH,5.50%,5.50%,5.50%,nasdaq_economic_calendar
2024-06-13-usd-fomc-press-conference-4341d00c,2024-06-13T14:30:00Z,United States,USD,FOMC Press Conference,HIGH,,,,nasdaq_economic_calendar
2024-06-14-usd-core-ppi-25e3413d,2024-06-14T08:30:00Z,United States,USD,Core PPI,HIGH,0.0%,0.3%,0.5%,nasdaq_economic_calendar
2024-06-14-usd-ppi-adc6e1a0,2024-06-14T08:30:00Z,United States,USD,PPI,HIGH,-0.2%,0.1%,0.5%,nasdaq_economic_calendar
2024-06-14-usd-ppi-ex-food-energy-transport-3dc295b5,2024-06-14T08:30:00Z,United States,USD,PPI ex. Food/Energy/Transport,HIGH,3.2%,,3.2%,nasdaq_economic_calendar
2024-06-14-usd-fomc-member-williams-speaks-44d087b4,2024-06-14T12:00:00Z,United States,USD,FOMC Member Williams Speaks,HIGH,,,,nasdaq_economic_calendar
2024-06-14-jpy-boj-monetary-policy-statement-b6fd8f2f,2024-06-14T22:30:00Z,Japan,JPY,BoJ Monetary Policy Statement,HIGH,,,,nasdaq_economic_calendar
2024-06-14-jpy-boj-interest-rate-decision-269b2d64,2024-06-14T23:25:00Z,Japan,JPY,BoJ Interest Rate Decision,HIGH,0.10%,0.10%,0.10%,nasdaq_economic_calendar
2024-06-15-jpy-industrial-production-9f463814,2024-06-15T00:30:00Z,Japan,JPY,Industrial Production,HIGH,-0.9%,-0.1%,4.4%,nasdaq_economic_calendar
2024-06-15-jpy-boj-press-conference-30284377,2024-06-15T02:30:00Z,Japan,JPY,BoJ Press Conference,HIGH,,,,nasdaq_economic_calendar
2024-06-15-usd-michigan-consumer-expectations-c3bdee50,2024-06-15T10:00:00Z,United States,USD,Michigan Consumer Expectations,HIGH,67.6,70.0,68.8,nasdaq_economic_calendar
2024-06-15-usd-michigan-consumer-sentiment-90917b15,2024-06-15T10:00:00Z,United States,USD,Michigan Consumer Sentiment,HIGH,65.6,72.1,69.1,nasdaq_economic_calendar
2024-06-18-usd-fomc-member-williams-speaks-35846313,2024-06-18T12:00:00Z,United States,USD,FOMC Member Williams Speaks,HIGH,,,,nasdaq_economic_calendar
2024-06-18-usd-fomc-member-harker-speaks-cff4479d,2024-06-18T13:00:00Z,United States,USD,FOMC Member Harker Speaks,HIGH,,,,nasdaq_economic_calendar
2024-06-19-usd-core-retail-sales-3ae1a7ed,2024-06-19T08:30:00Z,United States,USD,Core Retail Sales,HIGH,-0.1%,0.2%,-0.1%,nasdaq_economic_calendar
2024-06-19-usd-retail-sales-09ea5b7f,2024-06-19T08:30:00Z,United States,USD,Retail Sales,HIGH,0.1%,0.3%,-0.2%,nasdaq_economic_calendar
2024-06-19-usd-retail-sales-ex-gas-autos-ec64ac15,2024-06-19T08:30:00Z,United States,USD,Retail Sales Ex Gas/Autos,HIGH,0.1%,,-0.3%,nasdaq_economic_calendar
2024-06-19-usd-industrial-production-1b48b105,2024-06-19T09:15:00Z,United States,USD,Industrial Production,HIGH,0.9%,0.3%,0.0%,nasdaq_economic_calendar
2024-06-19-usd-fomc-member-barkin-speaks-e53ad060,2024-06-19T10:00:00Z,United States,USD,FOMC Member Barkin Speaks,HIGH,,,,nasdaq_economic_calendar
2024-06-19-usd-fomc-member-kugler-speaks-297f89a9,2024-06-19T13:00:00Z,United States,USD,FOMC Member Kugler Speaks,HIGH,,,,nasdaq_economic_calendar
2024-06-19-jpy-reuters-tankan-index-1bba863a,2024-06-19T19:00:00Z,Japan,JPY,Reuters Tankan Index,HIGH,6,,9,nasdaq_economic_calendar
2024-06-19-jpy-adjusted-trade-balance-7f756fbf,2024-06-19T19:50:00Z,Japan,JPY,Adjusted Trade Balance,HIGH,-0.62T,-0.64T,-0.58T,nasdaq_economic_calendar
2024-06-19-jpy-monetary-policy-meeting-minutes-5a9c4b38,2024-06-19T19:50:00Z,Japan,JPY,Monetary Policy Meeting Minutes,HIGH,,,,nasdaq_economic_calendar
2024-06-19-jpy-trade-balance-2b1bfe0d,2024-06-19T19:50:00Z,Japan,JPY,Trade Balance,HIGH,"-1,221.3B","-1,300.0B",-465.6B,nasdaq_economic_calendar
2024-06-21-usd-fomc-member-barkin-speaks-0363467e,2024-06-21T16:00:00Z,United States,USD,FOMC Member Barkin Speaks,HIGH,,,,nasdaq_economic_calendar
2024-06-21-jpy-cpi-n-s-a-e7aa5d80,2024-06-21T19:30:00Z,Japan,JPY,"CPI, n.s.a",HIGH,0.5%,,0.4%,nasdaq_economic_calendar
2024-06-21-jpy-national-cpi-5ff951a2,2024-06-21T19:30:00Z,Japan,JPY,National CPI,HIGH,2.8%,,2.5%,nasdaq_economic_calendar
2024-06-21-jpy-national-core-cpi-ad5c0f0a,2024-06-21T19:30:00Z,Japan,JPY,National Core CPI,HIGH,2.5%,2.6%,2.2%,nasdaq_economic_calendar
2024-06-24-jpy-boj-summary-of-opinions-b1734773,2024-06-24T19:50:00Z,Japan,JPY,BoJ Summary of Opinions,HIGH,,,,nasdaq_economic_calendar
2024-06-25-usd-fomc-member-daly-speaks-1d6a45bb,2024-06-25T14:00:00Z,United States,USD,FOMC Member Daly Speaks,HIGH,,,,nasdaq_economic_calendar
2024-06-26-jpy-boj-core-cpi-b23e4677,2024-06-26T01:00:00Z,Japan,JPY,BoJ Core CPI,HIGH,2.1%,1.9%,1.8%,nasdaq_economic_calendar
2024-06-26-usd-fomc-member-bowman-speaks-6844e021,2024-06-26T07:00:00Z,United States,USD,FOMC Member Bowman Speaks,HIGH,,,,nasdaq_economic_calendar
2024-06-26-usd-cb-consumer-confidence-8bfc5734,2024-06-26T10:00:00Z,United States,USD,CB Consumer Confidence,HIGH,100.4,100.0,101.3,nasdaq_economic_calendar
2024-06-26-usd-fomc-member-bowman-speaks-cf9eaf09,2024-06-26T14:15:00Z,United States,USD,FOMC Member Bowman Speaks,HIGH,,,,nasdaq_economic_calendar
2024-06-27-jpy-large-scale-retail-sales-yoy-0941a43a,2024-06-27T19:50:00Z,Japan,JPY,Large Scale Retail Sales YoY,HIGH,4.0%,,3.0%,nasdaq_economic_calendar
2024-06-27-jpy-retail-sales-816d794f,2024-06-27T19:50:00Z,Japan,JPY,Retail Sales,HIGH,3.0%,2.0%,2.0%,nasdaq_economic_calendar
2024-06-28-usd-core-durable-goods-orders-ff72d6c1,2024-06-28T08:30:00Z,United States,USD,Core Durable Goods Orders,HIGH,-0.1%,0.2%,0.4%,nasdaq_economic_calendar
2024-06-28-usd-core-pce-prices-a68d96c0,2024-06-28T08:30:00Z,United States,USD,Core PCE Prices,HIGH,3.70%,3.60%,2.00%,nasdaq_economic_calendar
2024-06-28-usd-durable-goods-orders-eb10f31d,2024-06-28T08:30:00Z,United States,USD,Durable Goods Orders,HIGH,0.1%,-0.5%,0.2%,nasdaq_economic_calendar
2024-06-28-usd-gdp-a4ee695e,2024-06-28T08:30:00Z,United States,USD,GDP,HIGH,1.4%,1.3%,3.4%,nasdaq_economic_calendar
2024-06-28-usd-gdp-price-index-f4c5440c,2024-06-28T08:30:00Z,United States,USD,GDP Price Index,HIGH,3.1%,3.1%,1.7%,nasdaq_economic_calendar
2024-06-28-usd-gdp-sales-03338cf5,2024-06-28T08:30:00Z,United States,USD,GDP Sales,HIGH,1.8%,1.7%,3.9%,nasdaq_economic_calendar
2024-06-28-usd-pce-prices-2cfa7639,2024-06-28T08:30:00Z,United States,USD,PCE Prices,HIGH,3.4%,3.3%,1.8%,nasdaq_economic_calendar
2024-06-28-jpy-cpi-tokyo-ex-food-energy-1cb3828a,2024-06-28T19:30:00Z,Japan,JPY,CPI Tokyo Ex Food & Energy,HIGH,1.4%,,1.2%,nasdaq_economic_calendar
2024-06-28-jpy-cpi-tokyo-ex-food-and-energy-22252a3b,2024-06-28T19:30:00Z,Japan,JPY,CPI Tokyo Ex Food and Energy,HIGH,0.0%,,0.0%,nasdaq_economic_calendar
2024-06-28-jpy-tokyo-cpi-6257d801,2024-06-28T19:30:00Z,Japan,JPY,Tokyo CPI,HIGH,2.3%,,2.2%,nasdaq_economic_calendar
2024-06-28-jpy-tokyo-core-cpi-453519f3,2024-06-28T19:30:00Z,Japan,JPY,Tokyo Core CPI,HIGH,2.1%,2.0%,1.9%,nasdaq_economic_calendar
2024-06-28-jpy-industrial-production-062724c9,2024-06-28T19:50:00Z,Japan,JPY,Industrial Production,HIGH,2.8%,2.0%,-0.9%,nasdaq_economic_calendar
2024-06-28-jpy-industrial-production-forecast-1m-ahead-d8c0fc0f,2024-06-28T19:50:00Z,Japan,JPY,Industrial Production forecast 1m ahead,HIGH,-4.8%,,6.9%,nasdaq_economic_calendar
2024-06-28-jpy-industrial-production-forecast-2m-ahead-ade9a7cb,2024-06-28T19:50:00Z,Japan,JPY,Industrial Production forecast 2m ahead,HIGH,3.6%,,-5.6%,nasdaq_economic_calendar
2024-06-29-usd-fomc-member-barkin-speaks-b1a68a4d,2024-06-29T06:00:00Z,United States,USD,FOMC Member Barkin Speaks,HIGH,,,,nasdaq_economic_calendar
2024-06-29-usd-core-pce-price-index-a487bf20,2024-06-29T08:30:00Z,United States,USD,Core PCE Price Index,HIGH,0.1%,0.1%,0.3%,nasdaq_economic_calendar
2024-06-29-usd-pce-price-index-89d7ca5e,2024-06-29T08:30:00Z,United States,USD,PCE Price index,HIGH,2.6%,2.6%,2.7%,nasdaq_economic_calendar
2024-06-29-usd-pce-price-index-68bd30ea,2024-06-29T08:30:00Z,United States,USD,PCE price index,HIGH,0.0%,0.0%,0.3%,nasdaq_economic_calendar
2024-06-29-usd-personal-income-46dd5c1e,2024-06-29T08:30:00Z,United States,USD,Personal Income,HIGH,0.5%,0.4%,0.3%,nasdaq_economic_calendar
2024-06-29-usd-real-personal-consumption-3e46bfca,2024-06-29T08:30:00Z,United States,USD,Real Personal Consumption,HIGH,0.3%,,-0.1%,nasdaq_economic_calendar
2024-06-29-usd-fomc-member-daly-speaks-9cdb79a0,2024-06-29T08:40:00Z,United States,USD,FOMC Member Daly Speaks,HIGH,,,,nasdaq_economic_calendar
2024-06-29-usd-dallas-fed-pce-f1e36e0a,2024-06-29T09:00:00Z,United States,USD,Dallas Fed PCE,HIGH,1.40%,,2.70%,nasdaq_economic_calendar
2024-06-29-usd-michigan-consumer-expectations-6bbb37f8,2024-06-29T10:00:00Z,United States,USD,Michigan Consumer Expectations,HIGH,69.6,67.6,68.8,nasdaq_economic_calendar
2024-06-29-usd-michigan-consumer-sentiment-d8f8885e,2024-06-29T10:00:00Z,United States,USD,Michigan Consumer Sentiment,HIGH,68.2,65.6,69.1,nasdaq_economic_calendar
2024-06-29-usd-fomc-member-bowman-speaks-878965e4,2024-06-29T12:00:00Z,United States,USD,FOMC Member Bowman Speaks,HIGH,,,,nasdaq_economic_calendar
2024-07-01-usd-fomc-member-williams-speaks-6c4c241b,2024-07-01T09:00:00Z,United States,USD,FOMC Member Williams Speaks,HIGH,,,,nasdaq_economic_calendar
2024-07-01-jpy-tankan-all-big-industry-capex-560e1bbc,2024-07-01T19:50:00Z,Japan,JPY,Tankan All Big Industry CAPEX,HIGH,11.1%,,4.0%,nasdaq_economic_calendar
2024-07-01-jpy-tankan-all-small-industry-capex-6bd1ca7c,2024-07-01T19:50:00Z,Japan,JPY,Tankan All Small Industry CAPEX,HIGH,-0.8%,,-3.6%,nasdaq_economic_calendar
2024-07-01-jpy-tankan-big-manufacturing-outlook-index-7ff0806e,2024-07-01T19:50:00Z,Japan,JPY,Tankan Big Manufacturing Outlook Index,HIGH,14,13,10,nasdaq_economic_calendar
2024-07-01-jpy-tankan-large-manufacturers-index-8cf53604,2024-07-01T19:50:00Z,Japan,JPY,Tankan Large Manufacturers Index,HIGH,13,11,11,nasdaq_economic_calendar
2024-07-01-jpy-tankan-large-non-manufacturers-diffusion-index-9349769b,2024-07-01T19:50:00Z,Japan,JPY,Tankan Large Non-Manufacturers Diffusion Index,HIGH,27,31,27,nasdaq_economic_calendar
2024-07-01-jpy-tankan-large-non-manufacturers-index-294a4b43,2024-07-01T19:50:00Z,Japan,JPY,Tankan Large Non-Manufacturers Index,HIGH,33,33,34,nasdaq_economic_calendar
2024-07-01-jpy-tankan-small-manufacturers-diffusion-index-6d030d01,2024-07-01T19:50:00Z,Japan,JPY,Tankan Small Manufacturers Diffusion Index,HIGH,0,,0,nasdaq_economic_calendar
2024-07-01-jpy-tankan-small-manufacturing-index-e197ce1e,2024-07-01T19:50:00Z,Japan,JPY,Tankan Small Manufacturing Index,HIGH,-1,-1,-1,nasdaq_economic_calendar
2024-07-01-jpy-tankan-small-non-manufacturers-diffusion-index-b23c5170,2024-07-01T19:50:00Z,Japan,JPY,Tankan Small Non-Manufacturers Diffusion Index,HIGH,8,,8,nasdaq_economic_calendar
2024-07-01-jpy-tankan-small-non-manufacturing-index-85f2b454,2024-07-01T19:50:00Z,Japan,JPY,Tankan Small Non-Manufacturing Index,HIGH,12,,13,nasdaq_economic_calendar
2024-07-02-usd-ism-manufacturing-employment-24aa370a,2024-07-02T10:00:00Z,United States,USD,ISM Manufacturing Employment,HIGH,49.3,50.0,51.1,nasdaq_economic_calendar
2024-07-02-usd-ism-manufacturing-new-orders-index-ec932218,2024-07-02T10:00:00Z,United States,USD,ISM Manufacturing New Orders Index,HIGH,49.3,49.0,45.4,nasdaq_economic_calendar
2024-07-02-usd-ism-manufacturing-pmi-e61c44d7,2024-07-02T10:00:00Z,United States,USD,ISM Manufacturing PMI,HIGH,48.5,49.2,48.7,nasdaq_economic_calendar
2024-07-02-usd-ism-manufacturing-prices-5654cbfd,2024-07-02T10:00:00Z,United States,USD,ISM Manufacturing Prices,HIGH,52.1,55.8,57.0,nasdaq_economic_calendar
2024-07-03-usd-jolts-job-openings-b13788c8,2024-07-03T10:00:00Z,United States,USD,JOLTS Job Openings,HIGH,8.140M,7.960M,7.919M,nasdaq_economic_calendar
2024-07-04-usd-fomc-member-williams-speaks-f8726808,2024-07-04T07:00:00Z,United States,USD,FOMC Member Williams Speaks,HIGH,,,,nasdaq_economic_calendar
2024-07-04-usd-adp-nonfarm-employment-change-31c2463e,2024-07-04T08:15:00Z,United States,USD,ADP Nonfarm Employment Change,HIGH,150K,163K,157K,nasdaq_economic_calendar
2024-07-04-usd-ism-non-manufacturing-business-activity-41460960,2024-07-04T10:00:00Z,United States,USD,ISM Non-Manufacturing Business Activity,HIGH,49.6,,61.2,nasdaq_economic_calendar
2024-07-04-usd-ism-non-manufacturing-employment-7f15de03,2024-07-04T10:00:00Z,United States,USD,ISM Non-Manufacturing Employment,HIGH,46.1,49.0,47.1,nasdaq_economic_calendar
2024-07-04-usd-ism-non-manufacturing-new-orders-541fc218,2024-07-04T10:00:00Z,United States,USD,ISM Non-Manufacturing New Orders,HIGH,47.3,53.6,54.1,nasdaq_economic_calendar
2024-07-04-usd-ism-non-manufacturing-pmi-c74376ef,2024-07-04T10:00:00Z,United States,USD,ISM Non-Manufacturing PMI,HIGH,48.8,52.6,53.8,nasdaq_economic_calendar
2024-07-04-usd-ism-non-manufacturing-prices-79fded33,2024-07-04T10:00:00Z,United States,USD,ISM Non-Manufacturing Prices,HIGH,56.3,56.7,58.1,nasdaq_economic_calendar
2024-07-04-usd-fomc-meeting-minutes-59757d25,2024-07-04T14:00:00Z,United States,USD,FOMC Meeting Minutes,HIGH,,,,nasdaq_economic_calendar
2024-07-06-usd-fomc-member-williams-speaks-e3a11d57,2024-07-06T05:40:00Z,United States,USD,FOMC Member Williams Speaks,HIGH,,,,nasdaq_economic_calendar
2024-07-06-usd-average-hourly-earnings-d1630102,2024-07-06T08:30:00Z,United States,USD,Average Hourly Earnings,HIGH,0.3%,0.3%,0.4%,nasdaq_economic_calendar
2024-07-06-usd-average-hourly-earnings-yoy-d7875fe2,2024-07-06T08:30:00Z,United States,USD,Average Hourly Earnings (YoY),HIGH,3.9%,3.9%,4.1%,nasdaq_economic_calendar
2024-07-06-usd-nonfarm-payrolls-99767569,2024-07-06T08:30:00Z,United States,USD,Nonfarm Payrolls,HIGH,206K,191K,216K,nasdaq_economic_calendar
2024-07-06-usd-private-nonfarm-payrolls-cbdfd979,2024-07-06T08:30:00Z,United States,USD,Private Nonfarm Payrolls,HIGH,136K,160K,193K,nasdaq_economic_calendar
2024-07-06-usd-u6-unemployment-rate-250bc0d1,2024-07-06T08:30:00Z,United States,USD,U6 Unemployment Rate,HIGH,7.4%,,7.4%,nasdaq_economic_calendar
2024-07-06-usd-unemployment-rate-63e07afe,2024-07-06T08:30:00Z,United States,USD,Unemployment Rate,HIGH,4.1%,4.0%,4.0%,nasdaq_economic_calendar
2024-07-10-usd-fomc-member-bowman-speaks-8f0d4aa1,2024-07-10T13:30:00Z,United States,USD,FOMC Member Bowman Speaks,HIGH,,,,nasdaq_economic_calendar
2024-07-11-usd-fomc-member-bowman-speaks-dc9dffa6,2024-07-11T14:30:00Z,United States,USD,FOMC Member Bowman Speaks,HIGH,,,,nasdaq_economic_calendar
2024-07-12-usd-cpi-8a5833d5,2024-07-12T08:30:00Z,United States,USD,CPI,HIGH,3.0%,3.1%,3.3%,nasdaq_economic_calendar
2024-07-12-usd-cpi-index-n-s-a-94fbe668,2024-07-12T08:30:00Z,United States,USD,"CPI Index, n.s.a.",HIGH,314.18,314.63,314.07,nasdaq_economic_calendar
2024-07-12-usd-cpi-index-s-a-3d912e78,2024-07-12T08:30:00Z,United States,USD,"CPI Index, s.a",HIGH,313.05,,313.22,nasdaq_economic_calendar
2024-07-12-usd-cpi-n-s-a-782b3fc3,2024-07-12T08:30:00Z,United States,USD,"CPI, n.s.a",HIGH,0.03%,,0.17%,nasdaq_economic_calendar
2024-07-12-usd-core-cpi-8b7ee620,2024-07-12T08:30:00Z,United States,USD,Core CPI,HIGH,0.1%,0.2%,0.2%,nasdaq_economic_calendar
2024-07-12-usd-core-cpi-index-10dd7bb2,2024-07-12T08:30:00Z,United States,USD,Core CPI Index,HIGH,318.35,318.78,318.14,nasdaq_economic_calendar
2024-07-12-usd-cleveland-cpi-4999c5c9,2024-07-12T11:00:00Z,United States,USD,Cleveland CPI,HIGH,0.2%,,0.2%,nasdaq_economic_calendar
2024-07-12-usd-fomc-member-bostic-speaks-bbdcd5f7,2024-07-12T11:30:00Z,United States,USD,FOMC Member Bostic Speaks,HIGH,,,,nasdaq_economic_calendar
2024-07-13-jpy-industrial-production-2f804ecd,2024-07-13T00:30:00Z,Japan,JPY,Industrial Production,HIGH,3.6%,2.8%,-0.9%,nasdaq_economic_calendar
2024-07-13-usd-core-ppi-f3a4a377,2024-07-13T08:30:00Z,United States,USD,Core PPI,HIGH,3.0%,2.5%,2.6%,nasdaq_economic_calendar
2024-07-13-usd-ppi-bbeae367,2024-07-13T08:30:00Z,United States,USD,PPI,HIGH,2.6%,2.3%,2.4%,nasdaq_economic_calendar
2024-07-13-usd-ppi-ex-food-energy-transport-85ae6127,2024-07-13T08:30:00Z,United States,USD,PPI ex. Food/Energy/Transport,HIGH,3.1%,,3.3%,nasdaq_economic_calendar
2024-07-13-usd-michigan-consumer-expectations-30abc115,2024-07-13T10:00:00Z,United States,USD,Michigan Consumer Expectations,HIGH,67.2,69.8,69.6,nasdaq_economic_calendar
2024-07-13-usd-michigan-consumer-sentiment-3b8a6f70,2024-07-13T10:00:00Z,United States,USD,Michigan Consumer Sentiment,HIGH,66.0,68.5,68.2,nasdaq_economic_calendar
2024-07-16-usd-fomc-member-daly-speaks-60736b03,2024-07-16T16:35:00Z,United States,USD,FOMC Member Daly Speaks,HIGH,,,,nasdaq_economic_calendar
2024-07-17-usd-core-retail-sales-8d129bf1,2024-07-17T08:30:00Z,United States,USD,Core Retail Sales,HIGH,0.4%,0.1%,0.1%,nasdaq_economic_calendar
2024-07-17-usd-retail-sales-debcfdf6,2024-07-17T08:30:00Z,United States,USD,Retail Sales,HIGH,0.0%,-0.3%,0.3%,nasdaq_economic_calendar
2024-07-17-usd-retail-sales-ex-gas-autos-b8d493e0,2024-07-17T08:30:00Z,United States,USD,Retail Sales Ex Gas/Autos,HIGH,0.8%,0.2%,0.3%,nasdaq_economic_calendar
2024-07-17-usd-fomc-member-kugler-speaks-6543c469,2024-07-17T14:45:00Z,United States,USD,FOMC Member Kugler Speaks,HIGH,,,,nasdaq_economic_calendar
2024-07-17-jpy-reuters-tankan-index-319fa0f2,2024-07-17T19:00:00Z,Japan,JPY,Reuters Tankan Index,HIGH,11,,6,nasdaq_economic_calendar
2024-07-18-usd-fomc-member-barkin-speaks-1452ad42,2024-07-18T09:00:00Z,United States,USD,FOMC Member Barkin Speaks,HIGH,,,,nasdaq_economic_calendar
2024-07-18-usd-industrial-production-44b3dd3c,2024-07-18T09:15:00Z,United States,USD,Industrial Production,HIGH,0.6%,0.3%,0.9%,nasdaq_economic_calendar
2024-07-18-jpy-adjusted-trade-balance-bf4043a8,2024-07-18T19:50:00Z,Japan,JPY,Adjusted Trade Balance,HIGH,-0.82T,-0.82T,-0.64T,nasdaq_economic_calendar
2024-07-18-jpy-trade-balance-65c76784,2024-07-18T19:50:00Z,Japan,JPY,Trade Balance,HIGH,224.0B,-240.0B,"-1,220.1B",nasdaq_economic_calendar
2024-07-19-usd-fomc-member-daly-speaks-af4d2ce0,2024-07-19T18:05:00Z,United States,USD,FOMC Member Daly Speaks,HIGH,,,,nasdaq_economic_calendar
2024-07-19-jpy-cpi-n-s-a-280ac92d,2024-07-19T19:30:00Z,Japan,JPY,"CPI, n.s.a",HIGH,0.1%,,0.4%,nasdaq_economic_calendar
2024-07-19-jpy-national-cpi-567f797b,2024-07-19T19:30:00Z,Japan,JPY,National CPI,HIGH,2.8%,,2.8%,nasdaq_economic_calendar
2024-07-19-jpy-national-core-cpi-c0bd1d6f,2024-07-19T19:30:00Z,Japan,JPY,National Core CPI,HIGH,2.6%,2.7%,2.5%,nasdaq_economic_calendar
2024-07-19-usd-fomc-member-bowman-speaks-9e53470c,2024-07-19T19:45:00Z,United States,USD,FOMC Member Bowman Speaks,HIGH,,,,nasdaq_economic_calendar
2024-07-20-usd-fomc-member-williams-speaks-a5e8db80,2024-07-20T10:40:00Z,United States,USD,FOMC Member Williams Speaks,HIGH,,,,nasdaq_economic_calendar
2024-07-20-usd-fomc-member-bostic-speaks-41b12907,2024-07-20T12:45:00Z,United States,USD,FOMC Member Bostic Speaks,HIGH,,,,nasdaq_economic_calendar
2024-07-24-jpy-boj-core-cpi-e7908271,2024-07-24T01:00:00Z,Japan,JPY,BoJ Core CPI,HIGH,2.1%,,2.1%,nasdaq_economic_calendar
2024-07-25-usd-fomc-member-bowman-speaks-a59a5da7,2024-07-25T16:05:00Z,United States,USD,FOMC Member Bowman Speaks,HIGH,,,,nasdaq_economic_calendar
2024-07-26-usd-core-durable-goods-orders-678ac67a,2024-07-26T08:30:00Z,United States,USD,Core Durable Goods Orders,HIGH,0.5%,0.2%,-0.1%,nasdaq_economic_calendar
2024-07-26-usd-core-pce-prices-5a803d89,2024-07-26T08:30:00Z,United States,USD,Core PCE Prices,HIGH,2.90%,2.70%,3.70%,nasdaq_economic_calendar
2024-07-26-usd-durable-goods-orders-c76a79ab,2024-07-26T08:30:00Z,United States,USD,Durable Goods Orders,HIGH,-6.6%,0.3%,0.1%,nasdaq_economic_calendar
2024-07-26-usd-gdp-f6a0bbe0,2024-07-26T08:30:00Z,United States,USD,GDP,HIGH,2.8%,2.0%,1.4%,nasdaq_economic_calendar
2024-07-26-usd-gdp-price-index-57e5df5d,2024-07-26T08:30:00Z,United States,USD,GDP Price Index,HIGH,2.3%,2.6%,3.1%,nasdaq_economic_calendar
2024-07-26-usd-gdp-sales-e5aa5fb7,2024-07-26T08:30:00Z,United States,USD,GDP Sales,HIGH,2.0%,,1.8%,nasdaq_economic_calendar
2024-07-26-usd-pce-prices-f5cee20a,2024-07-26T08:30:00Z,United States,USD,PCE Prices,HIGH,2.6%,,3.4%,nasdaq_economic_calendar
2024-07-26-jpy-cpi-tokyo-ex-food-energy-6d5188e4,2024-07-26T19:30:00Z,Japan,JPY,CPI Tokyo Ex Food & Energy,HIGH,1.1%,,1.4%,nasdaq_economic_calendar
2024-07-26-jpy-cpi-tokyo-ex-food-and-energy-4bbb815d,2024-07-26T19:30:00Z,Japan,JPY,CPI Tokyo Ex Food and Energy,HIGH,0.2%,,0.0%,nasdaq_economic_calendar
2024-07-26-jpy-tokyo-cpi-cfa81019,2024-07-26T19:30:00Z,Japan,JPY,Tokyo CPI,HIGH,2.2%,2.3%,2.3%,nasdaq_economic_calendar
2024-07-26-jpy-tokyo-core-cpi-70464c96,2024-07-26T19:30:00Z,Japan,JPY,Tokyo Core CPI,HIGH,2.2%,2.2%,2.1%,nasdaq_economic_calendar
2024-07-27-usd-core-pce-price-index-1078687c,2024-07-27T08:30:00Z,United States,USD,Core PCE Price Index,HIGH,0.2%,0.2%,0.1%,nasdaq_economic_calendar
2024-07-27-usd-pce-price-index-6f50e2ac,2024-07-27T08:30:00Z,United States,USD,PCE Price index,HIGH,2.5%,2.5%,2.6%,nasdaq_economic_calendar
2024-07-27-usd-pce-price-index-095e8f53,2024-07-27T08:30:00Z,United States,USD,PCE price index,HIGH,0.1%,0.1%,0.0%,nasdaq_economic_calendar
2024-07-27-usd-personal-income-b398c786,2024-07-27T08:30:00Z,United States,USD,Personal Income,HIGH,0.2%,0.4%,0.4%,nasdaq_economic_calendar
2024-07-27-usd-real-personal-consumption-d3741357,2024-07-27T08:30:00Z,United States,USD,Real Personal Consumption,HIGH,0.2%,,0.4%,nasdaq_economic_calendar
2024-07-27-usd-dallas-fed-pce-980421bc,2024-07-27T09:00:00Z,United States,USD,Dallas Fed PCE,HIGH,1.70%,,2.60%,nasdaq_economic_calendar
2024-07-27-usd-michigan-consumer-expectations-5a95688a,2024-07-27T10:00:00Z,United States,USD,Michigan Consumer Expectations,HIGH,68.8,67.2,69.6,nasdaq_economic_calendar
2024-07-27-usd-michigan-consumer-sentiment-331b6d6d,2024-07-27T10:00:00Z,United States,USD,Michigan Consumer Sentiment,HIGH,66.4,66.0,68.2,nasdaq_economic_calendar
2024-07-31-usd-cb-consumer-confidence-049fc62c,2024-07-31T10:00:00Z,United States,USD,CB Consumer Confidence,HIGH,100.3,99.7,97.8,nasdaq_economic_calendar
2024-07-31-usd-jolts-job-openings-f81600e6,2024-07-31T10:00:00Z,United States,USD,JOLTS Job Openings,HIGH,8.184M,8.020M,8.230M,nasdaq_economic_calendar
2024-07-31-jpy-industrial-production-4ac3bada,2024-07-31T19:50:00Z,Japan,JPY,Industrial Production,HIGH,-3.6%,-4.2%,3.6%,nasdaq_economic_calendar
2024-07-31-jpy-industrial-production-forecast-1m-ahead-0df99e2f,2024-07-31T19:50:00Z,Japan,JPY,Industrial Production forecast 1m ahead,HIGH,6.5%,,-4.8%,nasdaq_economic_calendar
2024-07-31-jpy-industrial-production-forecast-2m-ahead-ea83aebd,2024-07-31T19:50:00Z,Japan,JPY,Industrial Production forecast 2m ahead,HIGH,0.7%,,3.6%,nasdaq_economic_calendar
2024-07-31-jpy-large-scale-retail-sales-yoy-35e48c05,2024-07-31T19:50:00Z,Japan,JPY,Large Scale Retail Sales YoY,HIGH,7.0%,,4.0%,nasdaq_economic_calendar
2024-07-31-jpy-retail-sales-29373d40,2024-07-31T19:50:00Z,Japan,JPY,Retail Sales,HIGH,3.7%,3.3%,2.8%,nasdaq_economic_calendar
2024-07-31-jpy-boj-monetary-policy-statement-51a314fd,2024-07-31T22:30:00Z,Japan,JPY,BoJ Monetary Policy Statement,HIGH,,,,nasdaq_economic_calendar
2024-08-01-jpy-boj-press-conference-7d558e13,2024-08-01T02:30:00Z,Japan,JPY,BoJ Press Conference,HIGH,,,,nasdaq_economic_calendar
2024-08-01-usd-adp-nonfarm-employment-change-a2551e6e,2024-08-01T08:15:00Z,United States,USD,ADP Nonfarm Employment Change,HIGH,122K,147K,155K,nasdaq_economic_calendar
2024-08-01-usd-employment-cost-index-e280a387,2024-08-01T08:30:00Z,United States,USD,Employment Cost Index,HIGH,0.9%,1.0%,1.2%,nasdaq_economic_calendar
2024-08-01-usd-fomc-statement-3146c7ac,2024-08-01T14:00:00Z,United States,USD,FOMC Statement,HIGH,,,,nasdaq_economic_calendar
2024-08-01-usd-fed-interest-rate-decision-fe4c2d85,2024-08-01T14:00:00Z,United States,USD,Fed Interest Rate Decision,HIGH,5.50%,5.50%,5.50%,nasdaq_economic_calendar
2024-08-01-usd-fomc-press-conference-ad861679,2024-08-01T14:30:00Z,United States,USD,FOMC Press Conference,HIGH,,,,nasdaq_economic_calendar
2024-08-02-usd-nonfarm-productivity-d080cba3,2024-08-02T08:30:00Z,United States,USD,Nonfarm Productivity,HIGH,2.3%,1.7%,0.4%,nasdaq_economic_calendar
2024-08-02-usd-ism-manufacturing-employment-5df6d584,2024-08-02T10:00:00Z,United States,USD,ISM Manufacturing Employment,HIGH,43.4,49.0,49.3,nasdaq_economic_calendar
2024-08-02-usd-ism-manufacturing-new-orders-index-f528c2a8,2024-08-02T10:00:00Z,United States,USD,ISM Manufacturing New Orders Index,HIGH,47.4,49.0,49.3,nasdaq_economic_calendar
2024-08-02-usd-ism-manufacturing-pmi-f2e7683c,2024-08-02T10:00:00Z,United States,USD,ISM Manufacturing PMI,HIGH,46.8,48.8,48.5,nasdaq_economic_calendar
2024-08-02-usd-ism-manufacturing-prices-362c5b7f,2024-08-02T10:00:00Z,United States,USD,ISM Manufacturing Prices,HIGH,52.9,51.9,52.1,nasdaq_economic_calendar
2024-08-03-usd-average-hourly-earnings-41895440,2024-08-03T08:30:00Z,United States,USD,Average Hourly Earnings,HIGH,0.2%,0.3%,0.3%,nasdaq_economic_calendar
2024-08-03-usd-average-hourly-earnings-yoy-bfd83666,2024-08-03T08:30:00Z,United States,USD,Average Hourly Earnings (YoY),HIGH,3.6%,3.7%,3.8%,nasdaq_economic_calendar
2024-08-03-usd-nonfarm-payrolls-254ffd82,2024-08-03T08:30:00Z,United States,USD,Nonfarm Payrolls,HIGH,114K,176K,118K,nasdaq_economic_calendar
2024-08-03-usd-private-nonfarm-payrolls-a028f28c,2024-08-03T08:30:00Z,United States,USD,Private Nonfarm Payrolls,HIGH,97K,148K,136K,nasdaq_economic_calendar
2024-08-03-usd-u6-unemployment-rate-9dc97111,2024-08-03T08:30:00Z,United States,USD,U6 Unemployment Rate,HIGH,7.8%,,7.4%,nasdaq_economic_calendar
2024-08-03-usd-unemployment-rate-3826a728,2024-08-03T08:30:00Z,United States,USD,Unemployment Rate,HIGH,4.3%,4.1%,4.1%,nasdaq_economic_calendar
2024-08-05-jpy-monetary-policy-meeting-minutes-5ef69d3a,2024-08-05T19:50:00Z,Japan,JPY,Monetary Policy Meeting Minutes,HIGH,,,,nasdaq_economic_calendar
2024-08-06-usd-ism-non-manufacturing-business-activity-2ac777e6,2024-08-06T10:00:00Z,United States,USD,ISM Non-Manufacturing Business Activity,HIGH,54.5,,49.6,nasdaq_economic_calendar
2024-08-06-usd-ism-non-manufacturing-employment-9a502fc4,2024-08-06T10:00:00Z,United States,USD,ISM Non-Manufacturing Employment,HIGH,51.1,46.4,46.1,nasdaq_economic_calendar
2024-08-06-usd-ism-non-manufacturing-new-orders-ee2294dd,2024-08-06T10:00:00Z,United States,USD,ISM Non-Manufacturing New Orders,HIGH,52.4,49.8,47.3,nasdaq_economic_calendar
2024-08-06-usd-ism-non-manufacturing-pmi-aac350bf,2024-08-06T10:00:00Z,United States,USD,ISM Non-Manufacturing PMI,HIGH,51.4,51.4,48.8,nasdaq_economic_calendar
2024-08-06-usd-ism-non-manufacturing-prices-94c5bbde,2024-08-06T10:00:00Z,United States,USD,ISM Non-Manufacturing Prices,HIGH,57.0,56.0,56.3,nasdaq_economic_calendar
2024-08-06-usd-fomc-member-daly-speaks-b2610804,2024-08-06T17:00:00Z,United States,USD,FOMC Member Daly Speaks,HIGH,,,,nasdaq_economic_calendar
2024-08-08-jpy-boj-summary-of-opinions-dbb4d9b6,2024-08-08T19:50:00Z,Japan,JPY,BoJ Summary of Opinions,HIGH,,,,nasdaq_economic_calendar
2024-08-09-usd-fomc-member-barkin-speaks-726d6508,2024-08-09T15:00:00Z,United States,USD,FOMC Member Barkin Speaks,HIGH,,,,nasdaq_economic_calendar
2024-08-14-usd-core-ppi-1b68aa7c,2024-08-14T08:30:00Z,United States,USD,Core PPI,HIGH,2.4%,2.7%,3.0%,nasdaq_economic_calendar
2024-08-14-usd-ppi-15744c5c,2024-08-14T08:30:00Z,United States,USD,PPI,HIGH,0.1%,0.2%,0.2%,nasdaq_economic_calendar
2024-08-14-usd-ppi-ex-food-energy-transport-1ba3176c,2024-08-14T08:30:00Z,United States,USD,PPI ex. Food/Energy/Transport,HIGH,3.3%,,3.2%,nasdaq_economic_calendar
2024-08-14-usd-fomc-member-bostic-speaks-a2d12060,2024-08-14T13:15:00Z,United States,USD,FOMC Member Bostic Speaks,HIGH,,,,nasdaq_economic_calendar
2024-08-14-jpy-reuters-tankan-index-e7b2495e,2024-08-14T19:00:00Z,Japan,JPY,Reuters Tankan Index,HIGH,10,,11,nasdaq_economic_calendar
2024-08-15-usd-cpi-8fb8a417,2024-08-15T08:30:00Z,United States,USD,CPI,HIGH,0.2%,0.2%,-0.1%,nasdaq_economic_calendar
2024-08-15-usd-cpi-index-n-s-a-78022014,2024-08-15T08:30:00Z,United States,USD,"CPI Index, n.s.a.",HIGH,314.54,,314.18,nasdaq_economic_calendar
2024-08-15-usd-cpi-index-s-a-0e2f02a2,2024-08-15T08:30:00Z,United States,USD,"CPI Index, s.a",HIGH,313.53,,313.05,nasdaq_economic_calendar
2024-08-15-usd-cpi-n-s-a-6edd920e,2024-08-15T08:30:00Z,United States,USD,"CPI, n.s.a",HIGH,0.12%,,0.03%,nasdaq_economic_calendar
2024-08-15-usd-core-cpi-32120c2e,2024-08-15T08:30:00Z,United States,USD,Core CPI,HIGH,0.2%,0.2%,0.1%,nasdaq_economic_calendar
2024-08-15-usd-core-cpi-index-1a3a60c9,2024-08-15T08:30:00Z,United States,USD,Core CPI Index,HIGH,318.87,,318.35,nasdaq_economic_calendar
2024-08-15-usd-cleveland-cpi-7cc9d0e3,2024-08-15T11:00:00Z,United States,USD,Cleveland CPI,HIGH,0.3%,,0.2%,nasdaq_economic_calendar
2024-08-15-jpy-gdp-38e0745e,2024-08-15T19:50:00Z,Japan,JPY,GDP,HIGH,0.8%,0.6%,-0.6%,nasdaq_economic_calendar
2024-08-15-jpy-gdp-capital-expenditure-7598629d,2024-08-15T19:50:00Z,Japan,JPY,GDP Capital Expenditure,HIGH,0.9%,0.9%,-0.4%,nasdaq_economic_calendar
2024-08-15-jpy-gdp-external-demand-555e02e8,2024-08-15T19:50:00Z,Japan,JPY,GDP External Demand,HIGH,-0.1%,-0.1%,-0.5%,nasdaq_economic_calendar
2024-08-15-jpy-gdp-price-index-68972ddf,2024-08-15T19:50:00Z,Japan,JPY,GDP Price Index,HIGH,3.0%,2.6%,3.4%,nasdaq_economic_calendar
2024-08-15-jpy-gdp-private-consumption-1b889b38,2024-08-15T19:50:00Z,Japan,JPY,GDP Private Consumption,HIGH,1.0%,0.5%,-0.6%,nasdaq_economic_calendar
2024-08-16-jpy-industrial-production-8a33c0a9,2024-08-16T00:30:00Z,Japan,JPY,Industrial Production,HIGH,-4.2%,-3.6%,3.6%,nasdaq_economic_calendar
2024-08-16-usd-core-retail-sales-ed2a1736,2024-08-16T08:30:00Z,United States,USD,Core Retail Sales,HIGH,0.4%,0.1%,0.5%,nasdaq_economic_calendar
2024-08-16-usd-retail-sales-c2c0a31f,2024-08-16T08:30:00Z,United States,USD,Retail Sales,HIGH,1.0%,0.4%,-0.2%,nasdaq_economic_calendar
2024-08-16-usd-retail-sales-ex-gas-autos-2dfcdeed,2024-08-16T08:30:00Z,United States,USD,Retail Sales Ex Gas/Autos,HIGH,0.4%,,0.8%,nasdaq_economic_calendar
2024-08-16-usd-industrial-production-9c6ddd20,2024-08-16T09:15:00Z,United States,USD,Industrial Production,HIGH,-0.6%,-0.3%,0.3%,nasdaq_economic_calendar
2024-08-16-usd-fomc-member-harker-speaks-282f8153,2024-08-16T13:10:00Z,United States,USD,FOMC Member Harker Speaks,HIGH,,,,nasdaq_economic_calendar
2024-08-17-usd-michigan-consumer-expectations-a2c5c555,2024-08-17T10:00:00Z,United States,USD,Michigan Consumer Expectations,HIGH,72.1,68.5,68.8,nasdaq_economic_calendar
2024-08-17-usd-michigan-consumer-sentiment-d5229296,2024-08-17T10:00:00Z,United States,USD,Michigan Consumer Sentiment,HIGH,67.8,66.7,66.4,nasdaq_economic_calendar
2024-08-21-usd-fomc-member-bostic-speaks-5336e7ae,2024-08-21T13:35:00Z,United States,USD,FOMC Member Bostic Speaks,HIGH,,,,nasdaq_economic_calendar
2024-08-21-jpy-adjusted-trade-balance-6338c099,2024-08-21T19:50:00Z,Japan,JPY,Adjusted Trade Balance,HIGH,-0.76T,-0.72T,-0.82T,nasdaq_economic_calendar
2024-08-21-jpy-trade-balance-be2afad6,2024-08-21T19:50:00Z,Japan,JPY,Trade Balance,HIGH,-621.8B,-330.7B,224.0B,nasdaq_economic_calendar
2024-08-22-usd-fomc-meeting-minutes-7c4300d7,2024-08-22T14:00:00Z,United States,USD,FOMC Meeting Minutes,HIGH,,,,nasdaq_economic_calendar
2024-08-23-jpy-cpi-n-s-a-b62752ab,2024-08-23T19:30:00Z,Japan,JPY,"CPI, n.s.a",HIGH,0.4%,,0.3%,nasdaq_economic_calendar
2024-08-23-jpy-national-cpi-bd4f294d,2024-08-23T19:30:00Z,Japan,JPY,National CPI,HIGH,2.8%,2.7%,2.8%,nasdaq_economic_calendar
2024-08-23-jpy-national-core-cpi-6c47d1e5,2024-08-23T19:30:00Z,Japan,JPY,National Core CPI,HIGH,2.7%,2.7%,2.6%,nasdaq_economic_calendar
2024-08-23-jpy-boj-gov-ueda-speaks-3129ba17,2024-08-23T20:30:00Z,Japan,JPY,BOJ Gov Ueda Speaks,HIGH,,,,nasdaq_economic_calendar
2024-08-24-usd-fomc-member-bostic-speaks-d7eabcbf,2024-08-24T08:00:00Z,United States,USD,FOMC Member Bostic Speaks,HIGH,,,,nasdaq_economic_calendar
2024-08-27-usd-core-durable-goods-orders-17820907,2024-08-27T08:30:00Z,United States,USD,Core Durable Goods Orders,HIGH,-0.2%,0.0%,0.1%,nasdaq_economic_calendar
2024-08-27-usd-durable-goods-orders-1bf11286,2024-08-27T08:30:00Z,United States,USD,Durable Goods Orders,HIGH,9.9%,4.0%,-6.9%,nasdaq_economic_calendar
2024-08-28-jpy-boj-core-cpi-cb1f2dba,2024-08-28T01:00:00Z,Japan,JPY,BoJ Core CPI,HIGH,1.8%,2.1%,2.1%,nasdaq_economic_calendar
2024-08-28-usd-cb-consumer-confidence-b14c3f71,2024-08-28T10:00:00Z,United States,USD,CB Consumer Confidence,HIGH,103.3,100.9,101.9,nasdaq_economic_calendar
2024-08-29-usd-fomc-member-bostic-speaks-3318d8d3,2024-08-29T18:00:00Z,United States,USD,FOMC Member Bostic Speaks,HIGH,,,,nasdaq_economic_calendar
2024-08-30-usd-core-pce-prices-d063ea59,2024-08-30T08:30:00Z,United States,USD,Core PCE Prices,HIGH,2.80%,2.90%,3.70%,nasdaq_economic_calendar
2024-08-30-usd-gdp-97b7966d,2024-08-30T08:30:00Z,United States,USD,GDP,HIGH,3.0%,2.8%,1.4%,nasdaq_economic_calendar
2024-08-30-usd-gdp-price-index-c213b870,2024-08-30T08:30:00Z,United States,USD,GDP Price Index,HIGH,2.5%,2.3%,3.1%,nasdaq_economic_calendar
2024-08-30-usd-gdp-sales-661e965b,2024-08-30T08:30:00Z,United States,USD,GDP Sales,HIGH,2.2%,2.0%,1.8%,nasdaq_economic_calendar
2024-08-30-usd-pce-prices-a0660aeb,2024-08-30T08:30:00Z,United States,USD,PCE Prices,HIGH,2.5%,2.6%,3.4%,nasdaq_economic_calendar
2024-08-30-usd-fomc-member-bostic-speaks-e46971d5,2024-08-30T15:30:00Z,United States,USD,FOMC Member Bostic Speaks,HIGH,,,,nasdaq_economic_calendar
2024-08-30-jpy-cpi-tokyo-ex-food-energy-541ad1cc,2024-08-30T19:30:00Z,Japan,JPY,CPI Tokyo Ex Food & Energy,HIGH,1.6%,,1.1%,nasdaq_economic_calendar
2024-08-30-jpy-cpi-tokyo-ex-food-and-energy-46f98c8d,2024-08-30T19:30:00Z,Japan,JPY,CPI Tokyo Ex Food and Energy,HIGH,0.5%,,0.2%,nasdaq_economic_calendar
2024-08-30-jpy-tokyo-cpi-93bfeda3,2024-08-30T19:30:00Z,Japan,JPY,Tokyo CPI,HIGH,2.6%,,2.2%,nasdaq_economic_calendar
2024-08-30-jpy-tokyo-core-cpi-65d348cd,2024-08-30T19:30:00Z,Japan,JPY,Tokyo Core CPI,HIGH,2.4%,2.2%,2.2%,nasdaq_economic_calendar
2024-08-30-jpy-industrial-production-6b587db5,2024-08-30T19:50:00Z,Japan,JPY,Industrial Production,HIGH,2.8%,3.6%,-4.2%,nasdaq_economic_calendar
2024-08-30-jpy-industrial-production-forecast-1m-ahead-ee8f10c1,2024-08-30T19:50:00Z,Japan,JPY,Industrial Production forecast 1m ahead,HIGH,2.2%,,6.5%,nasdaq_economic_calendar
2024-08-30-jpy-industrial-production-forecast-2m-ahead-8b00c947,2024-08-30T19:50:00Z,Japan,JPY,Industrial Production forecast 2m ahead,HIGH,-3.3%,,0.7%,nasdaq_economic_calendar
2024-08-30-jpy-large-scale-retail-sales-yoy-258c6ee3,2024-08-30T19:50:00Z,Japan,JPY,Large Scale Retail Sales YoY,HIGH,1.0%,,7.0%,nasdaq_economic_calendar
2024-08-30-jpy-retail-sales-ba7a61ba,2024-08-30T19:50:00Z,Japan,JPY,Retail Sales,HIGH,2.6%,2.8%,3.8%,nasdaq_economic_calendar
2024-08-31-usd-core-pce-price-index-7743bc91,2024-08-31T08:30:00Z,United States,USD,Core PCE Price Index,HIGH,0.2%,0.2%,0.2%,nasdaq_economic_calendar
2024-08-31-usd-pce-price-index-47f84016,2024-08-31T08:30:00Z,United States,USD,PCE Price index,HIGH,2.5%,2.6%,2.5%,nasdaq_economic_calendar
2024-08-31-usd-pce-price-index-6a03febb,2024-08-31T08:30:00Z,United States,USD,PCE price index,HIGH,0.2%,0.2%,0.1%,nasdaq_economic_calendar
2024-08-31-usd-personal-income-10aedbc1,2024-08-31T08:30:00Z,United States,USD,Personal Income,HIGH,0.3%,0.2%,0.2%,nasdaq_economic_calendar
2024-08-31-usd-real-personal-consumption-d1bf51f1,2024-08-31T08:30:00Z,United States,USD,Real Personal Consumption,HIGH,0.4%,,0.3%,nasdaq_economic_calendar
2024-08-31-usd-dallas-fed-pce-1ebc8f7a,2024-08-31T09:00:00Z,United States,USD,Dallas Fed PCE,HIGH,1.70%,,1.80%,nasdaq_economic_calendar
2024-08-31-usd-michigan-consumer-expectations-ed946861,2024-08-31T10:00:00Z,United States,USD,Michigan Consumer Expectations,HIGH,72.1,72.1,68.8,nasdaq_economic_calendar
2024-08-31-usd-michigan-consumer-sentiment-b9d05351,2024-08-31T10:00:00Z,United States,USD,Michigan Consumer Sentiment,HIGH,67.9,67.8,66.4,nasdaq_economic_calendar
2024-09-04-usd-ism-manufacturing-employment-9a660083,2024-09-04T10:00:00Z,United States,USD,ISM Manufacturing Employment,HIGH,46.0,,43.4,nasdaq_economic_calendar
2024-09-04-usd-ism-manufacturing-new-orders-index-a506940b,2024-09-04T10:00:00Z,United States,USD,ISM Manufacturing New Orders Index,HIGH,44.6,,47.4,nasdaq_economic_calendar
2024-09-04-usd-ism-manufacturing-pmi-8111dc37,2024-09-04T10:00:00Z,United States,USD,ISM Manufacturing PMI,HIGH,47.2,47.5,46.8,nasdaq_economic_calendar
2024-09-04-usd-ism-manufacturing-prices-fbb3c63d,2024-09-04T10:00:00Z,United States,USD,ISM Manufacturing Prices,HIGH,54.0,52.1,52.9,nasdaq_economic_calendar
2024-09-05-usd-jolts-job-openings-44f018cd,2024-09-05T10:00:00Z,United States,USD,JOLTS Job Openings,HIGH,7.673M,8.090M,7.910M,nasdaq_economic_calendar
2024-09-06-usd-adp-nonfarm-employment-change-b234ecd2,2024-09-06T08:15:00Z,United States,USD,ADP Nonfarm Employment Change,HIGH,99K,144K,111K,nasdaq_economic_calendar
2024-09-06-usd-nonfarm-productivity-3e166d98,2024-09-06T08:30:00Z,United States,USD,Nonfarm Productivity,HIGH,2.5%,2.3%,0.2%,nasdaq_economic_calendar
2024-09-06-usd-ism-non-manufacturing-business-activity-0009c1a9,2024-09-06T10:00:00Z,United States,USD,ISM Non-Manufacturing Business Activity,HIGH,53.3,,54.5,nasdaq_economic_calendar
2024-09-06-usd-ism-non-manufacturing-employment-f9f86412,2024-09-06T10:00:00Z,United States,USD,ISM Non-Manufacturing Employment,HIGH,50.2,50.5,51.1,nasdaq_economic_calendar
2024-09-06-usd-ism-non-manufacturing-new-orders-2e9d09dc,2024-09-06T10:00:00Z,United States,USD,ISM Non-Manufacturing New Orders,HIGH,53.0,51.9,52.4,nasdaq_economic_calendar
2024-09-06-usd-ism-non-manufacturing-pmi-7197bffb,2024-09-06T10:00:00Z,United States,USD,ISM Non-Manufacturing PMI,HIGH,51.5,51.3,51.4,nasdaq_economic_calendar
2024-09-06-usd-ism-non-manufacturing-prices-57432096,2024-09-06T10:00:00Z,United States,USD,ISM Non-Manufacturing Prices,HIGH,57.3,56.0,57.0,nasdaq_economic_calendar
2024-09-07-usd-average-hourly-earnings-9fd51ab2,2024-09-07T08:30:00Z,United States,USD,Average Hourly Earnings,HIGH,0.4%,0.3%,-0.1%,nasdaq_economic_calendar
2024-09-07-usd-average-hourly-earnings-yoy-0779c948,2024-09-07T08:30:00Z,United States,USD,Average Hourly Earnings (YoY),HIGH,3.8%,3.7%,3.6%,nasdaq_economic_calendar
2024-09-07-usd-nonfarm-payrolls-677acb55,2024-09-07T08:30:00Z,United States,USD,Nonfarm Payrolls,HIGH,142K,164K,144K,nasdaq_economic_calendar
2024-09-07-usd-private-nonfarm-payrolls-194f1dbd,2024-09-07T08:30:00Z,United States,USD,Private Nonfarm Payrolls,HIGH,118K,139K,74K,nasdaq_economic_calendar
2024-09-07-usd-u6-unemployment-rate-67e2c6a5,2024-09-07T08:30:00Z,United States,USD,U6 Unemployment Rate,HIGH,7.9%,,7.8%,nasdaq_economic_calendar
2024-09-07-usd-unemployment-rate-00b77c75,2024-09-07T08:30:00Z,United States,USD,Unemployment Rate,HIGH,4.2%,4.2%,4.3%,nasdaq_economic_calendar
2024-09-07-usd-fomc-member-williams-speaks-3f79ea6a,2024-09-07T08:45:00Z,United States,USD,FOMC Member Williams Speaks,HIGH,,,,nasdaq_economic_calendar
2024-09-09-jpy-gdp-d47f8b41,2024-09-09T19:50:00Z,Japan,JPY,GDP,HIGH,0.7%,0.8%,-0.6%,nasdaq_economic_calendar
2024-09-09-jpy-gdp-capital-expenditure-9cd355ad,2024-09-09T19:50:00Z,Japan,JPY,GDP Capital Expenditure,HIGH,0.8%,0.9%,-0.5%,nasdaq_economic_calendar
2024-09-09-jpy-gdp-external-demand-bbf4124a,2024-09-09T19:50:00Z,Japan,JPY,GDP External Demand,HIGH,-0.1%,-0.1%,-0.5%,nasdaq_economic_calendar
2024-09-09-jpy-gdp-price-index-7ddd8040,2024-09-09T19:50:00Z,Japan,JPY,GDP Price Index,HIGH,3.1%,3.0%,3.4%,nasdaq_economic_calendar
2024-09-09-jpy-gdp-private-consumption-600c8c60,2024-09-09T19:50:00Z,Japan,JPY,GDP Private Consumption,HIGH,0.9%,1.0%,-0.6%,nasdaq_economic_calendar
2024-09-11-usd-fomc-member-bowman-speaks-56274cf1,2024-09-11T12:15:00Z,United States,USD,FOMC Member Bowman Speaks,HIGH,,,,nasdaq_economic_calendar
2024-09-11-jpy-reuters-tankan-index-6a2fcabb,2024-09-11T19:00:00Z,Japan,JPY,Reuters Tankan Index,HIGH,4,,10,nasdaq_economic_calendar
2024-09-11-jpy-boj-board-member-nakagawa-speaks-5d339ab2,2024-09-11T21:30:00Z,Japan,JPY,BoJ Board Member Nakagawa Speaks,HIGH,,,,nasdaq_economic_calendar
2024-09-12-usd-cpi-5ecbe4a1,2024-09-12T08:30:00Z,United States,USD,CPI,HIGH,0.2%,0.2%,0.2%,nasdaq_economic_calendar
2024-09-12-usd-cpi-index-n-s-a-b8b0752e,2024-09-12T08:30:00Z,United States,USD,"CPI Index, n.s.a.",HIGH,314.80,314.98,314.54,nasdaq_economic_calendar
2024-09-12-usd-cpi-index-s-a-bf40c3d4,2024-09-12T08:30:00Z,United States,USD,"CPI Index, s.a",HIGH,314.12,,313.53,nasdaq_economic_calendar
2024-09-12-usd-cpi-n-s-a-0b6167f7,2024-09-12T08:30:00Z,United States,USD,"CPI, n.s.a",HIGH,0.08%,,0.12%,nasdaq_economic_calendar
2024-09-12-usd-core-cpi-4c48cb4e,2024-09-12T08:30:00Z,United States,USD,Core CPI,HIGH,0.3%,0.2%,0.2%,nasdaq_economic_calendar
2024-09-12-usd-core-cpi-index-f3897c1e,2024-09-12T08:30:00Z,United States,USD,Core CPI Index,HIGH,319.77,,318.87,nasdaq_economic_calendar
2024-09-12-usd-cleveland-cpi-835aab4e,2024-09-12T11:00:00Z,United States,USD,Cleveland CPI,HIGH,0.3%,,0.3%,nasdaq_economic_calendar
2024-09-12-jpy-boj-tamura-speaks-d1d22e9f,2024-09-12T21:00:00Z,Japan,JPY,BoJ Tamura Speaks,HIGH,,,,nasdaq_economic_calendar
2024-09-13-usd-core-ppi-d9b8bc29,2024-09-13T08:30:00Z,United States,USD,Core PPI,HIGH,0.3%,0.2%,-0.2%,nasdaq_economic_calendar
2024-09-13-usd-ppi-dcf04caa,2024-09-13T08:30:00Z,United States,USD,PPI,HIGH,0.2%,0.1%,0.0%,nasdaq_economic_calendar
2024-09-13-usd-ppi-ex-food-energy-transport-3454ac30,2024-09-13T08:30:00Z,United States,USD,PPI ex. Food/Energy/Transport,HIGH,3.3%,,3.2%,nasdaq_economic_calendar
2024-09-14-jpy-industrial-production-89ca5958,2024-09-14T00:30:00Z,Japan,JPY,Industrial Production,HIGH,3.1%,2.8%,-4.2%,nasdaq_economic_calendar
2024-09-14-usd-michigan-consumer-expectations-a0849789,2024-09-14T10:00:00Z,United States,USD,Michigan Consumer Expectations,HIGH,73.0,71.0,72.1,nasdaq_economic_calendar
2024-09-14-usd-michigan-consumer-sentiment-fe03d7bc,2024-09-14T10:00:00Z,United States,USD,Michigan Consumer Sentiment,HIGH,69.0,68.3,67.9,nasdaq_economic_calendar
2024-09-18-usd-core-retail-sales-d3e0f9c5,2024-09-18T08:30:00Z,United States,USD,Core Retail Sales,HIGH,0.1%,0.2%,0.4%,nasdaq_economic_calendar
2024-09-18-usd-retail-sales-5df7ee30,2024-09-18T08:30:00Z,United States,USD,Retail Sales,HIGH,0.1%,-0.2%,1.1%,nasdaq_economic_calendar
2024-09-18-usd-retail-sales-ex-gas-autos-50528c0d,2024-09-18T08:30:00Z,United States,USD,Retail Sales Ex Gas/Autos,HIGH,0.2%,0.3%,0.4%,nasdaq_economic_calendar
2024-09-18-usd-industrial-production-d0568cf8,2024-09-18T09:15:00Z,United States,USD,Industrial Production,HIGH,0.8%,0.2%,-0.9%,nasdaq_economic_calendar
2024-09-18-jpy-adjusted-trade-balance-7bdd4405,2024-09-18T19:50:00Z,Japan,JPY,Adjusted Trade Balance,HIGH,-0.60T,-0.96T,-0.68T,nasdaq_economic_calendar
2024-09-18-jpy-trade-balance-c5245e2e,2024-09-18T19:50:00Z,Japan,JPY,Trade Balance,HIGH,-695.3B,"-1,380.0B",-628.7B,nasdaq_economic_calendar
2024-09-19-usd-fomc-economic-projections-76e6d2ae,2024-09-19T14:00:00Z,United States,USD,FOMC Economic Projections,HIGH,,,,nasdaq_economic_calendar
2024-09-19-usd-fomc-statement-259941b0,2024-09-19T14:00:00Z,United States,USD,FOMC Statement,HIGH,,,,nasdaq_economic_calendar
2024-09-19-usd-fed-interest-rate-decision-51c79337,2024-09-19T14:00:00Z,United States,USD,Fed Interest Rate Decision,HIGH,5.00%,5.25%,5.50%,nasdaq_economic_calendar
2024-09-19-usd-fomc-press-conference-ec85e438,2024-09-19T14:30:00Z,United States,USD,FOMC Press Conference,HIGH,,,,nasdaq_economic_calendar
2024-09-20-jpy-national-cpi-8563c538,2024-09-20T19:30:00Z,Japan,JPY,National CPI,HIGH,3.0%,,2.8%,nasdaq_economic_calendar
2024-09-20-jpy-national-core-cpi-8d333bcc,2024-09-20T19:30:00Z,Japan,JPY,National Core CPI,HIGH,2.8%,2.8%,2.7%,nasdaq_economic_calendar
2024-09-20-jpy-cpi-n-s-a-980f7215,2024-09-20T19:50:00Z,Japan,JPY,"CPI, n.s.a",HIGH,0.5%,,0.4%,nasdaq_economic_calendar
2024-09-20-jpy-boj-monetary-policy-statement-a4e113e9,2024-09-20T22:30:00Z,Japan,JPY,BoJ Monetary Policy Statement,HIGH,,,,nasdaq_economic_calendar
2024-09-20-jpy-boj-interest-rate-decision-d842abe7,2024-09-20T23:00:00Z,Japan,JPY,BoJ Interest Rate Decision,HIGH,0.25%,0.25%,0.25%,nasdaq_economic_calendar
2024-09-21-jpy-boj-press-conference-984bc907,2024-09-21T02:30:00Z,Japan,JPY,BoJ Press Conference,HIGH,,,,nasdaq_economic_calendar
2024-09-21-usd-fomc-member-harker-speaks-e8044a8e,2024-09-21T14:00:00Z,United States,USD,FOMC Member Harker Speaks,HIGH,,,,nasdaq_economic_calendar
2024-09-24-usd-fomc-member-bostic-speaks-f4428761,2024-09-24T08:00:00Z,United States,USD,FOMC Member Bostic Speaks,HIGH,,,,nasdaq_economic_calendar
2024-09-24-usd-fomc-member-kashkari-speaks-ca7113a9,2024-09-24T13:00:00Z,United States,USD,FOMC Member Kashkari Speaks,HIGH,,,,nasdaq_economic_calendar
2024-09-25-jpy-boj-gov-ueda-speaks-20692a0e,2024-09-25T01:05:00Z,Japan,JPY,BOJ Gov Ueda Speaks,HIGH,,,,nasdaq_economic_calendar
2024-09-25-usd-fomc-member-bowman-speaks-38368cdb,2024-09-25T09:00:00Z,United States,USD,FOMC Member Bowman Speaks,HIGH,,,,nasdaq_economic_calendar
2024-09-25-usd-cb-consumer-confidence-edfdd043,2024-09-25T10:00:00Z,United States,USD,CB Consumer Confidence,HIGH,98.7,103.9,105.6,nasdaq_economic_calendar
2024-09-26-jpy-boj-core-cpi-ed68dfd4,2024-09-26T01:00:00Z,Japan,JPY,BoJ Core CPI,HIGH,1.8%,1.8%,1.8%,nasdaq_economic_calendar
2024-09-26-usd-fomc-member-kugler-speaks-4dd70353,2024-09-26T16:00:00Z,United States,USD,FOMC Member Kugler Speaks,HIGH,,,,nasdaq_economic_calendar
2024-09-26-jpy-monetary-policy-meeting-minutes-2004fb63,2024-09-26T19:50:00Z,Japan,JPY,Monetary Policy Meeting Minutes,HIGH,,,,nasdaq_economic_calendar
2024-09-27-usd-core-durable-goods-orders-a541efa5,2024-09-27T08:30:00Z,United States,USD,Core Durable Goods Orders,HIGH,0.5%,0.1%,-0.1%,nasdaq_economic_calendar
2024-09-27-usd-core-pce-prices-ca896380,2024-09-27T08:30:00Z,United States,USD,Core PCE Prices,HIGH,2.80%,2.80%,2.80%,nasdaq_economic_calendar
2024-09-27-usd-durable-goods-orders-210a2d45,2024-09-27T08:30:00Z,United States,USD,Durable Goods Orders,HIGH,0.0%,-2.8%,9.9%,nasdaq_economic_calendar
2024-09-27-usd-gdp-376cf456,2024-09-27T08:30:00Z,United States,USD,GDP,HIGH,3.0%,3.0%,1.6%,nasdaq_economic_calendar
2024-09-27-usd-gdp-price-index-99ae4a1a,2024-09-27T08:30:00Z,United States,USD,GDP Price Index,HIGH,2.5%,2.5%,3.0%,nasdaq_economic_calendar
2024-09-27-usd-gdp-sales-0b0cb25f,2024-09-27T08:30:00Z,United States,USD,GDP Sales,HIGH,1.9%,2.2%,2.0%,nasdaq_economic_calendar
2024-09-27-usd-pce-prices-da688bae,2024-09-27T08:30:00Z,United States,USD,PCE Prices,HIGH,2.5%,2.5%,3.4%,nasdaq_economic_calendar
2024-09-27-usd-fomc-member-kugler-speaks-db9305fd,2024-09-27T09:10:00Z,United States,USD,FOMC Member Kugler Speaks,HIGH,,,,nasdaq_economic_calendar
2024-09-27-usd-fomc-member-bowman-speaks-7c17197f,2024-09-27T09:15:00Z,United States,USD,FOMC Member Bowman Speaks,HIGH,,,,nasdaq_economic_calendar
2024-09-27-usd-fomc-member-williams-speaks-c86fe906,2024-09-27T09:25:00Z,United States,USD,FOMC Member Williams Speaks,HIGH,,,,nasdaq_economic_calendar
2024-09-27-usd-fomc-member-kashkari-speaks-5f2e7f47,2024-09-27T13:00:00Z,United States,USD,FOMC Member Kashkari Speaks,HIGH,,,,nasdaq_economic_calendar
2024-09-27-jpy-cpi-tokyo-ex-food-energy-f6dd202d,2024-09-27T19:30:00Z,Japan,JPY,CPI Tokyo Ex Food & Energy,HIGH,1.2%,,1.2%,nasdaq_economic_calendar
2024-09-27-jpy-cpi-tokyo-ex-food-and-energy-17e374f3,2024-09-27T19:30:00Z,Japan,JPY,CPI Tokyo Ex Food and Energy,HIGH,-0.2%,,0.5%,nasdaq_economic_calendar
2024-09-27-jpy-tokyo-cpi-194a276b,2024-09-27T19:30:00Z,Japan,JPY,Tokyo CPI,HIGH,2.2%,,2.6%,nasdaq_economic_calendar
2024-09-27-jpy-tokyo-core-cpi-d71e8009,2024-09-27T19:30:00Z,Japan,JPY,Tokyo Core CPI,HIGH,2.0%,2.0%,2.4%,nasdaq_economic_calendar
2024-09-28-usd-core-pce-price-index-2856215b,2024-09-28T08:30:00Z,United States,USD,Core PCE Price Index,HIGH,0.1%,0.2%,0.2%,nasdaq_economic_calendar
2024-09-28-usd-pce-price-index-60bed0fb,2024-09-28T08:30:00Z,United States,USD,PCE Price index,HIGH,2.2%,2.3%,2.5%,nasdaq_economic_calendar
2024-09-28-usd-pce-price-index-4e490eed,2024-09-28T08:30:00Z,United States,USD,PCE price index,HIGH,0.1%,0.2%,0.2%,nasdaq_economic_calendar
2024-09-28-usd-personal-income-0a542270,2024-09-28T08:30:00Z,United States,USD,Personal Income,HIGH,0.2%,0.4%,0.3%,nasdaq_economic_calendar
2024-09-28-usd-real-personal-consumption-661fb75e,2024-09-28T08:30:00Z,United States,USD,Real Personal Consumption,HIGH,0.1%,,0.4%,nasdaq_economic_calendar
2024-09-28-usd-michigan-consumer-expectations-5738115c,2024-09-28T10:00:00Z,United States,USD,Michigan Consumer Expectations,HIGH,74.4,73.0,73.0,nasdaq_economic_calendar
2024-09-28-usd-michigan-consumer-sentiment-4200a997,2024-09-28T10:00:00Z,United States,USD,Michigan Consumer Sentiment,HIGH,70.1,69.0,69.0,nasdaq_economic_calendar
2024-09-28-usd-fomc-member-bowman-speaks-dba6cb12,2024-09-28T13:15:00Z,United States,USD,FOMC Member Bowman Speaks,HIGH,,,,nasdaq_economic_calendar
2024-09-30-jpy-industrial-production-ed2d4ff4,2024-09-30T19:50:00Z,Japan,JPY,Industrial Production,HIGH,-3.3%,-0.5%,3.1%,nasdaq_economic_calendar
2024-09-30-jpy-industrial-production-forecast-1m-ahead-e0514aed,2024-09-30T19:50:00Z,Japan,JPY,Industrial Production forecast 1m ahead,HIGH,2.0%,,2.2%,nasdaq_economic_calendar
2024-09-30-jpy-industrial-production-forecast-2m-ahead-14ac77ba,2024-09-30T19:50:00Z,Japan,JPY,Industrial Production forecast 2m ahead,HIGH,6.1%,,-3.3%,nasdaq_economic_calendar
2024-09-30-jpy-large-scale-retail-sales-yoy-ad62fd2a,2024-09-30T19:50:00Z,Japan,JPY,Large Scale Retail Sales YoY,HIGH,5.0%,,1.0%,nasdaq_economic_calendar
2024-09-30-jpy-retail-sales-4d21cf70,2024-09-30T19:50:00Z,Japan,JPY,Retail Sales,HIGH,2.8%,2.6%,2.7%,nasdaq_economic_calendar
2024-10-01-usd-fomc-member-bowman-speaks-d7b0c3e3,2024-10-01T08:50:00Z,United States,USD,FOMC Member Bowman Speaks,HIGH,,,,nasdaq_economic_calendar
2024-10-01-jpy-boj-summary-of-opinions-6f47aef2,2024-10-01T19:50:00Z,Japan,JPY,BoJ Summary of Opinions,HIGH,,,,nasdaq_economic_calendar
2024-10-01-jpy-tankan-all-big-industry-capex-10fe7dfb,2024-10-01T19:50:00Z,Japan,JPY,Tankan All Big Industry CAPEX,HIGH,10.6%,11.9%,11.1%,nasdaq_economic_calendar
2024-10-01-jpy-tankan-all-small-industry-capex-e356d30d,2024-10-01T19:50:00Z,Japan,JPY,Tankan All Small Industry CAPEX,HIGH,2.6%,,-0.8%,nasdaq_economic_calendar
2024-10-01-jpy-tankan-big-manufacturing-outlook-index-9ba3d808,2024-10-01T19:50:00Z,Japan,JPY,Tankan Big Manufacturing Outlook Index,HIGH,14,,14,nasdaq_economic_calendar
2024-10-01-jpy-tankan-large-manufacturers-index-904de6a3,2024-10-01T19:50:00Z,Japan,JPY,Tankan Large Manufacturers Index,HIGH,13,12,13,nasdaq_economic_calendar
2024-10-01-jpy-tankan-large-non-manufacturers-diffusion-index-68990a71,2024-10-01T19:50:00Z,Japan,JPY,Tankan Large Non-Manufacturers Diffusion Index,HIGH,28,30,27,nasdaq_economic_calendar
2024-10-01-jpy-tankan-large-non-manufacturers-index-a7f0a8a9,2024-10-01T19:50:00Z,Japan,JPY,Tankan Large Non-Manufacturers Index,HIGH,34,32,33,nasdaq_economic_calendar
2024-10-01-jpy-tankan-small-manufacturers-diffusion-index-cd2c73c8,2024-10-01T19:50:00Z,Japan,JPY,Tankan Small Manufacturers Diffusion Index,HIGH,0,,0,nasdaq_economic_calendar
2024-10-01-jpy-tankan-small-manufacturing-index-64ee436c,2024-10-01T19:50:00Z,Japan,JPY,Tankan Small Manufacturing Index,HIGH,0,,-1,nasdaq_economic_calendar
2024-10-01-jpy-tankan-small-non-manufacturers-diffusion-index-e1e62428,2024-10-01T19:50:00Z,Japan,JPY,Tankan Small Non-Manufacturers Diffusion Index,HIGH,11,,8,nasdaq_economic_calendar
2024-10-01-jpy-tankan-small-non-manufacturing-index-b2257eb2,2024-10-01T19:50:00Z,Japan,JPY,Tankan Small Non-Manufacturing Index,HIGH,14,,12,nasdaq_economic_calendar
2024-10-02-usd-adp-nonfarm-employment-change-8d685d71,2024-10-02T08:15:00Z,United States,USD,ADP Nonfarm Employment Change,HIGH,143K,124K,103K,nasdaq_economic_calendar
2024-10-02-usd-fomc-member-bowman-speaks-0cf8a917,2024-10-02T11:00:00Z,United States,USD,FOMC Member Bowman Speaks,HIGH,,,,nasdaq_economic_calendar
2024-10-02-usd-fomc-member-barkin-speaks-caf080c4,2024-10-02T12:15:00Z,United States,USD,FOMC Member Barkin Speaks,HIGH,,,,nasdaq_economic_calendar
2024-10-02-jpy-boj-board-member-noguchi-speaks-76f8ea8d,2024-10-02T21:30:00Z,Japan,JPY,BoJ Board Member Noguchi Speaks,HIGH,,,,nasdaq_economic_calendar
2024-10-03-usd-adp-nonfarm-employment-change-260075fe,2024-10-03T08:15:00Z,United States,USD,ADP Nonfarm Employment Change,HIGH,143K,124K,103K,nasdaq_economic_calendar
2024-10-03-usd-fomc-member-bowman-speaks-ef475bf4,2024-10-03T11:00:00Z,United States,USD,FOMC Member Bowman Speaks,HIGH,,,,nasdaq_economic_calendar
2024-10-03-usd-fomc-member-barkin-speaks-ff410597,2024-10-03T12:15:00Z,United States,USD,FOMC Member Barkin Speaks,HIGH,,,,nasdaq_economic_calendar
2024-10-03-jpy-boj-board-member-noguchi-speaks-ae79acf6,2024-10-03T21:30:00Z,Japan,JPY,BoJ Board Member Noguchi Speaks,HIGH,,,,nasdaq_economic_calendar
2024-10-04-usd-ism-non-manufacturing-business-activity-7929e4e0,2024-10-04T10:00:00Z,United States,USD,ISM Non-Manufacturing Business Activity,HIGH,59.9,,53.3,nasdaq_economic_calendar
2024-10-04-usd-ism-non-manufacturing-employment-85d0509a,2024-10-04T10:00:00Z,United States,USD,ISM Non-Manufacturing Employment,HIGH,48.1,50.0,50.2,nasdaq_economic_calendar
2024-10-04-usd-ism-non-manufacturing-new-orders-0f334004,2024-10-04T10:00:00Z,United States,USD,ISM Non-Manufacturing New Orders,HIGH,59.4,52.5,53.0,nasdaq_economic_calendar
2024-10-04-usd-ism-non-manufacturing-pmi-620d2364,2024-10-04T10:00:00Z,United States,USD,ISM Non-Manufacturing PMI,HIGH,54.9,51.7,51.5,nasdaq_economic_calendar
2024-10-04-usd-ism-non-manufacturing-prices-5647043c,2024-10-04T10:00:00Z,United States,USD,ISM Non-Manufacturing Prices,HIGH,59.4,56.3,57.3,nasdaq_economic_calendar
2024-10-04-usd-fomc-member-bostic-speaks-d4054383,2024-10-04T10:40:00Z,United States,USD,FOMC Member Bostic Speaks,HIGH,,,,nasdaq_economic_calendar
2024-10-05-usd-average-hourly-earnings-b60aa28e,2024-10-05T08:30:00Z,United States,USD,Average Hourly Earnings,HIGH,0.4%,0.3%,0.5%,nasdaq_economic_calendar
2024-10-05-usd-average-hourly-earnings-yoy-68009a49,2024-10-05T08:30:00Z,United States,USD,Average Hourly Earnings (YoY),HIGH,4.0%,3.8%,3.9%,nasdaq_economic_calendar
2024-10-05-usd-nonfarm-payrolls-bc1d550a,2024-10-05T08:30:00Z,United States,USD,Nonfarm Payrolls,HIGH,254K,147K,78K,nasdaq_economic_calendar
2024-10-05-usd-private-nonfarm-payrolls-56d805aa,2024-10-05T08:30:00Z,United States,USD,Private Nonfarm Payrolls,HIGH,223K,125K,114K,nasdaq_economic_calendar
2024-10-05-usd-u6-unemployment-rate-5523568b,2024-10-05T08:30:00Z,United States,USD,U6 Unemployment Rate,HIGH,7.7%,,7.9%,nasdaq_economic_calendar
2024-10-05-usd-unemployment-rate-c6a0e661,2024-10-05T08:30:00Z,United States,USD,Unemployment Rate,HIGH,4.1%,4.2%,4.2%,nasdaq_economic_calendar
2024-10-05-usd-fomc-member-williams-speaks-d06fcc32,2024-10-05T09:00:00Z,United States,USD,FOMC Member Williams Speaks,HIGH,,,,nasdaq_economic_calendar
2024-10-08-usd-fomc-member-bowman-speaks-fa98c198,2024-10-08T13:00:00Z,United States,USD,FOMC Member Bowman Speaks,HIGH,,,,nasdaq_economic_calendar
2024-10-08-usd-fomc-member-kashkari-speaks-e8d0d6b7,2024-10-08T13:50:00Z,United States,USD,FOMC Member Kashkari Speaks,HIGH,,,,nasdaq_economic_calendar
2024-10-08-usd-fomc-member-bostic-speaks-c3c80b26,2024-10-08T18:00:00Z,United States,USD,FOMC Member Bostic Speaks,HIGH,,,,nasdaq_economic_calendar
2024-10-09-usd-fomc-member-kugler-speaks-e2be47a9,2024-10-09T03:00:00Z,United States,USD,FOMC Member Kugler Speaks,HIGH,,,,nasdaq_economic_calendar
2024-10-09-usd-fomc-member-bostic-speaks-8cc74334,2024-10-09T12:45:00Z,United States,USD,FOMC Member Bostic Speaks,HIGH,,,,nasdaq_economic_calendar
2024-10-09-jpy-reuters-tankan-index-0e957822,2024-10-09T19:00:00Z,Japan,JPY,Reuters Tankan Index,HIGH,7,,4,nasdaq_economic_calendar
2024-10-10-usd-fomc-member-bostic-speaks-edf10829,2024-10-10T08:00:00Z,United States,USD,FOMC Member Bostic Speaks,HIGH,,,,nasdaq_economic_calendar
2024-10-10-usd-fomc-member-barkin-speaks-8e7dfeed,2024-10-10T10:30:00Z,United States,USD,FOMC Member Barkin Speaks,HIGH,,,,nasdaq_economic_calendar
2024-10-10-usd-fomc-member-williams-speaks-a4f9b9df,2024-10-10T11:00:00Z,United States,USD,FOMC Member Williams Speaks,HIGH,,,,nasdaq_economic_calendar
2024-10-10-usd-fomc-member-barkin-speaks-33ada350,2024-10-10T12:15:00Z,United States,USD,FOMC Member Barkin Speaks,HIGH,,,,nasdaq_economic_calendar
2024-10-10-usd-fomc-meeting-minutes-57d7824e,2024-10-10T14:00:00Z,United States,USD,FOMC Meeting Minutes,HIGH,,,,nasdaq_economic_calendar
2024-10-10-usd-fomc-member-daly-speaks-3d67a0a5,2024-10-10T18:00:00Z,United States,USD,FOMC Member Daly Speaks,HIGH,,,,nasdaq_economic_calendar
2024-10-11-usd-cpi-b7822ada,2024-10-11T08:30:00Z,United States,USD,CPI,HIGH,0.2%,0.1%,0.2%,nasdaq_economic_calendar
2024-10-11-usd-cpi-index-n-s-a-c0f59e5b,2024-10-11T08:30:00Z,United States,USD,"CPI Index, n.s.a.",HIGH,315.30,314.86,314.80,nasdaq_economic_calendar
2024-10-11-usd-cpi-index-s-a-f46dcbf3,2024-10-11T08:30:00Z,United States,USD,"CPI Index, s.a",HIGH,314.69,,314.12,nasdaq_economic_calendar
2024-10-11-usd-cpi-n-s-a-cd6db8df,2024-10-11T08:30:00Z,United States,USD,"CPI, n.s.a",HIGH,0.16%,,0.08%,nasdaq_economic_calendar
2024-10-11-usd-core-cpi-7bc64834,2024-10-11T08:30:00Z,United States,USD,Core CPI,HIGH,0.3%,0.2%,0.3%,nasdaq_economic_calendar
2024-10-11-usd-core-cpi-index-73156040,2024-10-11T08:30:00Z,United States,USD,Core CPI Index,HIGH,320.77,320.59,319.77,nasdaq_economic_calendar
2024-10-11-usd-fomc-member-barkin-speaks-f0058a4d,2024-10-11T10:30:00Z,United States,USD,FOMC Member Barkin Speaks,HIGH,,,,nasdaq_economic_calendar
2024-10-11-usd-cleveland-cpi-b4513c5d,2024-10-11T11:00:00Z,United States,USD,Cleveland CPI,HIGH,0.3%,,0.3%,nasdaq_economic_calendar
2024-10-11-usd-fomc-member-williams-speaks-abffa9df,2024-10-11T11:00:00Z,United States,USD,FOMC Member Williams Speaks,HIGH,,,,nasdaq_economic_calendar
2024-10-12-usd-core-ppi-e851e194,2024-10-12T08:30:00Z,United States,USD,Core PPI,HIGH,0.2%,0.2%,0.3%,nasdaq_economic_calendar
2024-10-12-usd-ppi-41eafe5d,2024-10-12T08:30:00Z,United States,USD,PPI,HIGH,0.0%,0.1%,0.2%,nasdaq_economic_calendar
2024-10-12-usd-ppi-ex-food-energy-transport-5b729a3e,2024-10-12T08:30:00Z,United States,USD,PPI ex. Food/Energy/Transport,HIGH,3.2%,,3.3%,nasdaq_economic_calendar
2024-10-12-usd-michigan-consumer-expectations-74abfc69,2024-10-12T10:00:00Z,United States,USD,Michigan Consumer Expectations,HIGH,72.9,75.0,74.4,nasdaq_economic_calendar
2024-10-12-usd-michigan-consumer-sentiment-ed6b24fe,2024-10-12T10:00:00Z,United States,USD,Michigan Consumer Sentiment,HIGH,68.9,70.9,70.1,nasdaq_economic_calendar
2024-10-12-usd-fomc-member-bowman-speaks-8d58e7ce,2024-10-12T13:10:00Z,United States,USD,FOMC Member Bowman Speaks,HIGH,,,,nasdaq_economic_calendar
2024-10-15-usd-fomc-member-kashkari-speaks-1c3db390,2024-10-15T09:00:00Z,United States,USD,FOMC Member Kashkari Speaks,HIGH,,,,nasdaq_economic_calendar
2024-10-15-usd-fomc-member-kashkari-speaks-c7de7c5b,2024-10-15T17:00:00Z,United States,USD,FOMC Member Kashkari Speaks,HIGH,,,,nasdaq_economic_calendar
2024-10-16-jpy-industrial-production-85006417,2024-10-16T00:30:00Z,Japan,JPY,Industrial Production,HIGH,-3.3%,-3.3%,-3.3%,nasdaq_economic_calendar
2024-10-16-usd-fomc-member-daly-speaks-6e5d2ba5,2024-10-16T11:30:00Z,United States,USD,FOMC Member Daly Speaks,HIGH,,,,nasdaq_economic_calendar
2024-10-16-usd-fomc-member-kugler-speaks-3068c790,2024-10-16T13:05:00Z,United States,USD,FOMC Member Kugler Speaks,HIGH,,,,nasdaq_economic_calendar
2024-10-16-usd-fomc-member-bostic-speaks-c9022716,2024-10-16T19:00:00Z,United States,USD,FOMC Member Bostic Speaks,HIGH,,,,nasdaq_economic_calendar
2024-10-16-jpy-boj-board-member-adachi-speaks-3a2c3932,2024-10-16T21:30:00Z,Japan,JPY,BoJ Board Member Adachi Speaks,HIGH,,,,nasdaq_economic_calendar
2024-10-17-jpy-adjusted-trade-balance-a32f85d1,2024-10-17T19:50:00Z,Japan,JPY,Adjusted Trade Balance,HIGH,-0.19T,-0.49T,-0.47T,nasdaq_economic_calendar
2024-10-17-jpy-trade-balance-63d6ae68,2024-10-17T19:50:00Z,Japan,JPY,Trade Balance,HIGH,-294.3B,-237.6B,-703.2B,nasdaq_economic_calendar
2024-10-18-usd-core-retail-sales-bdc00f58,2024-10-18T08:30:00Z,United States,USD,Core Retail Sales,HIGH,0.5%,0.1%,0.2%,nasdaq_economic_calendar
2024-10-18-usd-retail-sales-53ea21c8,2024-10-18T08:30:00Z,United States,USD,Retail Sales,HIGH,0.4%,0.3%,0.1%,nasdaq_economic_calendar
2024-10-18-usd-retail-sales-ex-gas-autos-990526ef,2024-10-18T08:30:00Z,United States,USD,Retail Sales Ex Gas/Autos,HIGH,0.7%,,0.3%,nasdaq_economic_calendar
2024-10-18-usd-industrial-production-d64fd9ce,2024-10-18T09:15:00Z,United States,USD,Industrial Production,HIGH,-0.3%,-0.1%,0.3%,nasdaq_economic_calendar
2024-10-18-jpy-cpi-n-s-a-449edeaa,2024-10-18T19:30:00Z,Japan,JPY,"CPI, n.s.a",HIGH,-0.3%,,0.5%,nasdaq_economic_calendar
2024-10-18-jpy-national-cpi-1f2a1f33,2024-10-18T19:30:00Z,Japan,JPY,National CPI,HIGH,2.5%,,3.0%,nasdaq_economic_calendar
2024-10-18-jpy-national-core-cpi-9014b812,2024-10-18T19:30:00Z,Japan,JPY,National Core CPI,HIGH,2.4%,2.3%,2.8%,nasdaq_economic_calendar
2024-10-19-usd-fomc-member-bostic-speaks-d430b818,2024-10-19T09:30:00Z,United States,USD,FOMC Member Bostic Speaks,HIGH,,,,nasdaq_economic_calendar
2024-10-19-usd-fomc-member-kashkari-speaks-35e88678,2024-10-19T10:00:00Z,United States,USD,FOMC Member Kashkari Speaks,HIGH,,,,nasdaq_economic_calendar
2024-10-19-usd-fomc-member-bostic-speaks-7e917132,2024-10-19T12:30:00Z,United States,USD,FOMC Member Bostic Speaks,HIGH,,,,nasdaq_economic_calendar
2024-10-22-usd-fomc-member-kashkari-speaks-d4749714,2024-10-22T13:00:00Z,United States,USD,FOMC Member Kashkari Speaks,HIGH,,,,nasdaq_economic_calendar
2024-10-22-usd-fomc-member-daly-speaks-e5fcdc37,2024-10-22T18:40:00Z,United States,USD,FOMC Member Daly Speaks,HIGH,,,,nasdaq_economic_calendar
2024-10-23-jpy-boj-core-cpi-813d3033,2024-10-23T01:00:00Z,Japan,JPY,BoJ Core CPI,HIGH,1.7%,,1.8%,nasdaq_economic_calendar
2024-10-23-usd-fomc-member-harker-speaks-512181d8,2024-10-23T10:00:00Z,United States,USD,FOMC Member Harker Speaks,HIGH,,,,nasdaq_economic_calendar
2024-10-24-usd-fomc-member-bowman-speaks-c599fe8f,2024-10-24T09:00:00Z,United States,USD,FOMC Member Bowman Speaks,HIGH,,,,nasdaq_economic_calendar
2024-10-24-usd-fomc-member-barkin-speaks-c00afda6,2024-10-24T12:00:00Z,United States,USD,FOMC Member Barkin Speaks,HIGH,,,,nasdaq_economic_calendar
2024-10-25-jpy-cpi-tokyo-ex-food-energy-28524ca1,2024-10-25T19:30:00Z,Japan,JPY,CPI Tokyo Ex Food & Energy,HIGH,1.1%,,1.2%,nasdaq_economic_calendar
2024-10-25-jpy-cpi-tokyo-ex-food-and-energy-3fe35b17,2024-10-25T19:30:00Z,Japan,JPY,CPI Tokyo Ex Food and Energy,HIGH,0.4%,,-0.2%,nasdaq_economic_calendar
2024-10-25-jpy-tokyo-cpi-07df17f7,2024-10-25T19:30:00Z,Japan,JPY,Tokyo CPI,HIGH,1.8%,,2.1%,nasdaq_economic_calendar
2024-10-25-jpy-tokyo-core-cpi-fa29276f,2024-10-25T19:30:00Z,Japan,JPY,Tokyo Core CPI,HIGH,1.8%,1.7%,2.0%,nasdaq_economic_calendar
2024-10-26-usd-core-durable-goods-orders-fd84156b,2024-10-26T08:30:00Z,United States,USD,Core Durable Goods Orders,HIGH,0.4%,-0.1%,0.6%,nasdaq_economic_calendar
2024-10-26-usd-durable-goods-orders-4578c11e,2024-10-26T08:30:00Z,United States,USD,Durable Goods Orders,HIGH,-0.8%,-1.1%,-0.8%,nasdaq_economic_calendar
2024-10-26-usd-michigan-consumer-expectations-7007dba2,2024-10-26T10:00:00Z,United States,USD,Michigan Consumer Expectations,HIGH,74.1,72.9,74.4,nasdaq_economic_calendar
2024-10-26-usd-michigan-consumer-sentiment-8e3cff25,2024-10-26T10:00:00Z,United States,USD,Michigan Consumer Sentiment,HIGH,70.5,68.9,70.1,nasdaq_economic_calendar
2024-10-30-usd-cb-consumer-confidence-9a27cb35,2024-10-30T10:00:00Z,United States,USD,CB Consumer Confidence,HIGH,108.7,99.5,99.2,nasdaq_economic_calendar
2024-10-30-usd-jolts-job-openings-badc5536,2024-10-30T10:00:00Z,United States,USD,JOLTS Job Openings,HIGH,7.443M,7.980M,7.861M,nasdaq_economic_calendar
2024-10-31-usd-adp-nonfarm-employment-change-34722424,2024-10-31T08:15:00Z,United States,USD,ADP Nonfarm Employment Change,HIGH,233K,110K,159K,nasdaq_economic_calendar
2024-10-31-usd-core-pce-prices-773a25ac,2024-10-31T08:30:00Z,United States,USD,Core PCE Prices,HIGH,2.20%,2.10%,2.80%,nasdaq_economic_calendar
2024-10-31-usd-gdp-5a1e0a9f,2024-10-31T08:30:00Z,United States,USD,GDP,HIGH,2.8%,3.0%,3.0%,nasdaq_economic_calendar
2024-10-31-usd-gdp-price-index-f132d62b,2024-10-31T08:30:00Z,United States,USD,GDP Price Index,HIGH,1.8%,1.9%,2.5%,nasdaq_economic_calendar
2024-10-31-usd-gdp-sales-4d124f83,2024-10-31T08:30:00Z,United States,USD,GDP Sales,HIGH,3.0%,,1.9%,nasdaq_economic_calendar
2024-10-31-usd-pce-prices-0466a58e,2024-10-31T08:30:00Z,United States,USD,PCE Prices,HIGH,1.5%,2.7%,2.5%,nasdaq_economic_calendar
2024-10-31-jpy-industrial-production-8a51b2db,2024-10-31T19:50:00Z,Japan,JPY,Industrial Production,HIGH,1.4%,0.9%,-3.3%,nasdaq_economic_calendar
2024-10-31-jpy-industrial-production-forecast-1m-ahead-6477955b,2024-10-31T19:50:00Z,Japan,JPY,Industrial Production forecast 1m ahead,HIGH,8.3%,,2.0%,nasdaq_economic_calendar
2024-10-31-jpy-industrial-production-forecast-2m-ahead-4d13d5e5,2024-10-31T19:50:00Z,Japan,JPY,Industrial Production forecast 2m ahead,HIGH,-3.7%,,6.1%,nasdaq_economic_calendar
2024-10-31-jpy-large-scale-retail-sales-yoy-c2a1f7e1,2024-10-31T19:50:00Z,Japan,JPY,Large Scale Retail Sales YoY,HIGH,2.0%,,5.0%,nasdaq_economic_calendar
2024-10-31-jpy-retail-sales-0fca0ea4,2024-10-31T19:50:00Z,Japan,JPY,Retail Sales,HIGH,0.5%,2.1%,3.1%,nasdaq_economic_calendar
2024-10-31-jpy-boj-monetary-policy-statement-6f5dd29f,2024-10-31T22:30:00Z,Japan,JPY,BoJ Monetary Policy Statement,HIGH,,,,nasdaq_economic_calendar
2024-10-31-jpy-boj-interest-rate-decision-b32c2217,2024-10-31T23:00:00Z,Japan,JPY,BoJ Interest Rate Decision,HIGH,0.25%,0.25%,0.25%,nasdaq_economic_calendar
2024-10-31-jpy-boj-outlook-report-e0d5fb5a,2024-10-31T23:00:00Z,Japan,JPY,BoJ Outlook Report,HIGH,,,,nasdaq_economic_calendar
2024-11-01-jpy-boj-press-conference-0b436da0,2024-11-01T02:30:00Z,Japan,JPY,BoJ Press Conference,HIGH,,,,nasdaq_economic_calendar
2024-11-01-usd-core-pce-price-index-b7ea0058,2024-11-01T08:30:00Z,United States,USD,Core PCE Price Index,HIGH,0.3%,0.3%,0.2%,nasdaq_economic_calendar
2024-11-01-usd-employment-cost-index-167ff91e,2024-11-01T08:30:00Z,United States,USD,Employment Cost Index,HIGH,0.8%,0.9%,0.9%,nasdaq_economic_calendar
2024-11-01-usd-pce-price-index-38550f3a,2024-11-01T08:30:00Z,United States,USD,PCE Price index,HIGH,2.1%,2.1%,2.3%,nasdaq_economic_calendar
2024-11-01-usd-pce-price-index-b063071a,2024-11-01T08:30:00Z,United States,USD,PCE price index,HIGH,0.2%,0.2%,0.1%,nasdaq_economic_calendar
2024-11-01-usd-personal-income-11182845,2024-11-01T08:30:00Z,United States,USD,Personal Income,HIGH,0.3%,0.3%,0.2%,nasdaq_economic_calendar
2024-11-01-usd-real-personal-consumption-384b4277,2024-11-01T08:30:00Z,United States,USD,Real Personal Consumption,HIGH,0.4%,,0.2%,nasdaq_economic_calendar
2024-11-02-usd-average-hourly-earnings-82e3cc0b,2024-11-02T08:30:00Z,United States,USD,Average Hourly Earnings,HIGH,0.4%,0.3%,0.3%,nasdaq_economic_calendar
2024-11-02-usd-average-hourly-earnings-yoy-8177a9e0,2024-11-02T08:30:00Z,United States,USD,Average Hourly Earnings (YoY),HIGH,4.0%,4.0%,3.9%,nasdaq_economic_calendar
2024-11-02-usd-nonfarm-payrolls-5fb57ee7,2024-11-02T08:30:00Z,United States,USD,Nonfarm Payrolls,HIGH,12K,106K,255K,nasdaq_economic_calendar
2024-11-02-usd-private-nonfarm-payrolls-30744723,2024-11-02T08:30:00Z,United States,USD,Private Nonfarm Payrolls,HIGH,-28K,90K,192K,nasdaq_economic_calendar
2024-11-02-usd-u6-unemployment-rate-5486bb47,2024-11-02T08:30:00Z,United States,USD,U6 Unemployment Rate,HIGH,7.7%,,7.7%,nasdaq_economic_calendar
2024-11-02-usd-unemployment-rate-2b26b129,2024-11-02T08:30:00Z,United States,USD,Unemployment Rate,HIGH,4.1%,4.1%,4.1%,nasdaq_economic_calendar
2024-11-02-usd-ism-manufacturing-employment-459be4c8,2024-11-02T10:00:00Z,United States,USD,ISM Manufacturing Employment,HIGH,44.4,45.0,43.9,nasdaq_economic_calendar
2024-11-02-usd-ism-manufacturing-new-orders-index-16ccc192,2024-11-02T10:00:00Z,United States,USD,ISM Manufacturing New Orders Index,HIGH,47.1,47.0,46.1,nasdaq_economic_calendar
2024-11-02-usd-ism-manufacturing-pmi-1f20d95f,2024-11-02T10:00:00Z,United States,USD,ISM Manufacturing PMI,HIGH,46.5,47.6,47.2,nasdaq_economic_calendar
2024-11-02-usd-ism-manufacturing-prices-49e7b9e1,2024-11-02T10:00:00Z,United States,USD,ISM Manufacturing Prices,HIGH,54.8,49.9,48.3,nasdaq_economic_calendar
2024-11-06-usd-ism-non-manufacturing-business-activity-2555fbd0,2024-11-06T11:00:00Z,United States,USD,ISM Non-Manufacturing Business Activity,HIGH,57.2,,59.9,nasdaq_economic_calendar
2024-11-06-usd-ism-non-manufacturing-employment-a7752cab,2024-11-06T11:00:00Z,United States,USD,ISM Non-Manufacturing Employment,HIGH,53.0,48.0,48.1,nasdaq_economic_calendar
2024-11-06-usd-ism-non-manufacturing-new-orders-5d406129,2024-11-06T11:00:00Z,United States,USD,ISM Non-Manufacturing New Orders,HIGH,57.4,58.0,59.4,nasdaq_economic_calendar
2024-11-06-usd-ism-non-manufacturing-pmi-e150aff3,2024-11-06T11:00:00Z,United States,USD,ISM Non-Manufacturing PMI,HIGH,56.0,53.8,54.9,nasdaq_economic_calendar
2024-11-06-usd-ism-non-manufacturing-prices-c5d7fbfa,2024-11-06T11:00:00Z,United States,USD,ISM Non-Manufacturing Prices,HIGH,58.1,58.0,59.4,nasdaq_economic_calendar
2024-11-06-jpy-reuters-tankan-index-c04f1d5e,2024-11-06T19:00:00Z,Japan,JPY,Reuters Tankan Index,HIGH,5,,7,nasdaq_economic_calendar
2024-11-06-jpy-monetary-policy-meeting-minutes-990422dd,2024-11-06T19:50:00Z,Japan,JPY,Monetary Policy Meeting Minutes,HIGH,,,,nasdaq_economic_calendar
2024-11-08-usd-nonfarm-productivity-c695dadb,2024-11-08T09:30:00Z,United States,USD,Nonfarm Productivity,HIGH,2.2%,2.6%,2.1%,nasdaq_economic_calendar
2024-11-08-usd-fomc-statement-3a4c3706,2024-11-08T15:00:00Z,United States,USD,FOMC Statement,HIGH,,,,nasdaq_economic_calendar
2024-11-08-usd-fed-interest-rate-decision-023f9672,2024-11-08T15:00:00Z,United States,USD,Fed Interest Rate Decision,HIGH,4.75%,4.75%,5.00%,nasdaq_economic_calendar
2024-11-08-usd-fomc-press-conference-abd93f72,2024-11-08T15:30:00Z,United States,USD,FOMC Press Conference,HIGH,,,,nasdaq_economic_calendar
2024-11-09-usd-michigan-consumer-expectations-5ae95389,2024-11-09T11:00:00Z,United States,USD,Michigan Consumer Expectations,HIGH,78.5,,74.1,nasdaq_economic_calendar
2024-11-09-usd-michigan-consumer-sentiment-4a8bd98d,2024-11-09T11:00:00Z,United States,USD,Michigan Consumer Sentiment,HIGH,73.0,71.0,70.5,nasdaq_economic_calendar
2024-11-09-usd-fomc-member-bowman-speaks-baec1b5d,2024-11-09T12:00:00Z,United States,USD,FOMC Member Bowman Speaks,HIGH,,,,nasdaq_economic_calendar
2024-11-11-jpy-boj-summary-of-opinions-eb502187,2024-11-11T19:50:00Z,Japan,JPY,BoJ Summary of Opinions,HIGH,,,,nasdaq_economic_calendar
2024-11-13-usd-fomc-member-barkin-speaks-0f9b9a3b,2024-11-13T11:15:00Z,United States,USD,FOMC Member Barkin Speaks,HIGH,,,,nasdaq_economic_calendar
2024-11-13-usd-fomc-member-kashkari-speaks-1b643951,2024-11-13T15:00:00Z,United States,USD,FOMC Member Kashkari Speaks,HIGH,,,,nasdaq_economic_calendar
2024-11-13-usd-fomc-member-harker-speaks-c9b67a2f,2024-11-13T18:00:00Z,United States,USD,FOMC Member Harker Speaks,HIGH,,,,nasdaq_economic_calendar
2024-11-13-usd-fomc-member-barkin-speaks-14a58efc,2024-11-13T18:30:00Z,United States,USD,FOMC Member Barkin Speaks,HIGH,,,,nasdaq_economic_calendar
2024-11-14-usd-cpi-62b25de3,2024-11-14T09:30:00Z,United States,USD,CPI,HIGH,0.2%,0.2%,0.2%,nasdaq_economic_calendar
2024-11-14-usd-cpi-index-n-s-a-472c623f,2024-11-14T09:30:00Z,United States,USD,"CPI Index, n.s.a.",HIGH,315.66,315.59,315.30,nasdaq_economic_calendar
2024-11-14-usd-cpi-index-s-a-e1e725ad,2024-11-14T09:30:00Z,United States,USD,"CPI Index, s.a",HIGH,315.45,,314.69,nasdaq_economic_calendar
2024-11-14-usd-cpi-n-s-a-d7d595a9,2024-11-14T09:30:00Z,United States,USD,"CPI, n.s.a",HIGH,0.12%,,0.16%,nasdaq_economic_calendar
2024-11-14-usd-core-cpi-6bfcbe00,2024-11-14T09:30:00Z,United States,USD,Core CPI,HIGH,0.3%,0.3%,0.3%,nasdaq_economic_calendar
2024-11-14-usd-core-cpi-index-d27c0f4f,2024-11-14T09:30:00Z,United States,USD,Core CPI Index,HIGH,321.67,321.65,320.77,nasdaq_economic_calendar
2024-11-14-usd-fomc-member-kashkari-speaks-02e806a5,2024-11-14T09:30:00Z,United States,USD,FOMC Member Kashkari Speaks,HIGH,,,,nasdaq_economic_calendar
2024-11-14-usd-fomc-member-williams-speaks-662c80e9,2024-11-14T10:30:00Z,United States,USD,FOMC Member Williams Speaks,HIGH,,,,nasdaq_economic_calendar
2024-11-14-usd-cleveland-cpi-cd57ecbd,2024-11-14T12:00:00Z,United States,USD,Cleveland CPI,HIGH,0.3%,,0.3%,nasdaq_economic_calendar
2024-11-15-jpy-industrial-production-85357c1f,2024-11-15T00:30:00Z,Japan,JPY,Industrial Production,HIGH,1.6%,1.4%,1.4%,nasdaq_economic_calendar
2024-11-15-usd-core-retail-sales-78fa6004,2024-11-15T09:30:00Z,United States,USD,Core Retail Sales,HIGH,0.1%,0.3%,1.0%,nasdaq_economic_calendar
2024-11-15-usd-retail-sales-b8e76257,2024-11-15T09:30:00Z,United States,USD,Retail Sales,HIGH,0.4%,0.3%,0.8%,nasdaq_economic_calendar
2024-11-15-usd-retail-sales-ex-gas-autos-8daa7d38,2024-11-15T09:30:00Z,United States,USD,Retail Sales Ex Gas/Autos,HIGH,0.1%,0.3%,1.2%,nasdaq_economic_calendar
2024-11-15-usd-industrial-production-57ae9d69,2024-11-15T10:15:00Z,United States,USD,Industrial Production,HIGH,-0.3%,-0.3%,-0.5%,nasdaq_economic_calendar
2024-11-15-usd-fomc-member-williams-speaks-294d2e5a,2024-11-15T14:15:00Z,United States,USD,FOMC Member Williams Speaks,HIGH,,,,nasdaq_economic_calendar
2024-11-16-jpy-industrial-production-bacf8974,2024-11-16T00:30:00Z,Japan,JPY,Industrial Production,HIGH,1.6%,1.4%,1.4%,nasdaq_economic_calendar
2024-11-16-usd-core-retail-sales-aed5a969,2024-11-16T09:30:00Z,United States,USD,Core Retail Sales,HIGH,0.1%,0.3%,1.0%,nasdaq_economic_calendar
2024-11-16-usd-retail-sales-fa1f9522,2024-11-16T09:30:00Z,United States,USD,Retail Sales,HIGH,0.4%,0.3%,0.8%,nasdaq_economic_calendar
2024-11-16-usd-retail-sales-ex-gas-autos-8116faea,2024-11-16T09:30:00Z,United States,USD,Retail Sales Ex Gas/Autos,HIGH,0.1%,0.3%,1.2%,nasdaq_economic_calendar
2024-11-16-usd-industrial-production-afa0edc8,2024-11-16T10:15:00Z,United States,USD,Industrial Production,HIGH,-0.3%,-0.3%,-0.5%,nasdaq_economic_calendar
2024-11-16-usd-fomc-member-williams-speaks-576a4df9,2024-11-16T14:15:00Z,United States,USD,FOMC Member Williams Speaks,HIGH,,,,nasdaq_economic_calendar
2024-11-18-jpy-boj-gov-ueda-speaks-c9ce0539,2024-11-18T21:05:00Z,Japan,JPY,BOJ Gov Ueda Speaks,HIGH,,,,nasdaq_economic_calendar
2024-11-20-jpy-adjusted-trade-balance-11024c61,2024-11-20T19:50:00Z,Japan,JPY,Adjusted Trade Balance,HIGH,-0.36T,-0.15T,-0.27T,nasdaq_economic_calendar
2024-11-20-jpy-trade-balance-d043bb14,2024-11-20T19:50:00Z,Japan,JPY,Trade Balance,HIGH,-461.2B,-360.4B,-294.1B,nasdaq_economic_calendar
2024-11-21-usd-fomc-member-bowman-speaks-162baf88,2024-11-21T13:15:00Z,United States,USD,FOMC Member Bowman Speaks,HIGH,,,,nasdaq_economic_calendar
2024-11-22-usd-michigan-consumer-expectations-474e0097,2024-11-22T11:00:00Z,United States,USD,Michigan Consumer Expectations,HIGH,76.9,78.5,74.1,nasdaq_economic_calendar
2024-11-22-usd-michigan-consumer-sentiment-ad63782b,2024-11-22T11:00:00Z,United States,USD,Michigan Consumer Sentiment,HIGH,71.8,73.7,70.5,nasdaq_economic_calendar
2024-11-22-usd-fomc-member-bowman-speaks-0aede831,2024-11-22T19:15:00Z,United States,USD,FOMC Member Bowman Speaks,HIGH,,,,nasdaq_economic_calendar
2024-11-26-jpy-boj-core-cpi-046cde45,2024-11-26T01:00:00Z,Japan,JPY,BoJ Core CPI,HIGH,1.5%,1.8%,1.7%,nasdaq_economic_calendar
2024-11-26-usd-cb-consumer-confidence-18418235,2024-11-26T11:00:00Z,United States,USD,CB Consumer Confidence,HIGH,111.7,111.8,109.6,nasdaq_economic_calendar
2024-11-26-usd-fomc-meeting-minutes-559446b4,2024-11-26T15:00:00Z,United States,USD,FOMC Meeting Minutes,HIGH,,,,nasdaq_economic_calendar
2024-11-27-jpy-boj-core-cpi-212b856b,2024-11-27T01:00:00Z,Japan,JPY,BoJ Core CPI,HIGH,1.5%,1.8%,1.7%,nasdaq_economic_calendar
2024-11-27-usd-cb-consumer-confidence-bb1ec2c1,2024-11-27T11:00:00Z,United States,USD,CB Consumer Confidence,HIGH,111.7,111.8,109.6,nasdaq_economic_calendar
2024-11-27-usd-fomc-meeting-minutes-8d328660,2024-11-27T15:00:00Z,United States,USD,FOMC Meeting Minutes,HIGH,,,,nasdaq_economic_calendar
2024-11-28-usd-core-durable-goods-orders-a7c67148,2024-11-28T09:30:00Z,United States,USD,Core Durable Goods Orders,HIGH,0.1%,0.2%,0.4%,nasdaq_economic_calendar
2024-11-28-usd-core-pce-prices-776aa16a,2024-11-28T09:30:00Z,United States,USD,Core PCE Prices,HIGH,2.10%,2.20%,2.80%,nasdaq_economic_calendar
2024-11-28-usd-durable-goods-orders-ce0636fe,2024-11-28T09:30:00Z,United States,USD,Durable Goods Orders,HIGH,0.2%,-0.8%,-0.4%,nasdaq_economic_calendar
2024-11-28-usd-gdp-d8453117,2024-11-28T09:30:00Z,United States,USD,GDP,HIGH,2.8%,2.8%,3.0%,nasdaq_economic_calendar
2024-11-28-usd-gdp-price-index-ad5d2f49,2024-11-28T09:30:00Z,United States,USD,GDP Price Index,HIGH,1.9%,1.8%,2.5%,nasdaq_economic_calendar
2024-11-28-usd-gdp-sales-7a11347a,2024-11-28T09:30:00Z,United States,USD,GDP Sales,HIGH,3.0%,3.0%,1.9%,nasdaq_economic_calendar
2024-11-28-usd-pce-prices-1e08404a,2024-11-28T09:30:00Z,United States,USD,PCE Prices,HIGH,1.5%,1.5%,2.5%,nasdaq_economic_calendar
2024-11-28-usd-core-pce-price-index-989bbe58,2024-11-28T11:00:00Z,United States,USD,Core PCE Price Index,HIGH,0.3%,0.3%,0.3%,nasdaq_economic_calendar
2024-11-28-usd-pce-price-index-82a8f49a,2024-11-28T11:00:00Z,United States,USD,PCE Price index,HIGH,2.3%,2.3%,2.1%,nasdaq_economic_calendar
2024-11-28-usd-pce-price-index-b4cfb70b,2024-11-28T11:00:00Z,United States,USD,PCE price index,HIGH,0.2%,0.2%,0.2%,nasdaq_economic_calendar
2024-11-28-usd-personal-income-c1467d5c,2024-11-28T11:00:00Z,United States,USD,Personal Income,HIGH,0.6%,0.3%,0.3%,nasdaq_economic_calendar
2024-11-28-usd-real-personal-consumption-2fb90cc2,2024-11-28T11:00:00Z,United States,USD,Real Personal Consumption,HIGH,0.1%,,0.5%,nasdaq_economic_calendar
2024-12-02-usd-ism-manufacturing-employment-8cca3001,2024-12-02T11:00:00Z,United States,USD,ISM Manufacturing Employment,HIGH,48.1,,44.4,nasdaq_economic_calendar
2024-12-02-usd-ism-manufacturing-new-orders-index-ff1f4a6b,2024-12-02T11:00:00Z,United States,USD,ISM Manufacturing New Orders Index,HIGH,50.4,,47.1,nasdaq_economic_calendar
2024-12-02-usd-ism-manufacturing-pmi-5a20782d,2024-12-02T11:00:00Z,United States,USD,ISM Manufacturing PMI,HIGH,48.4,47.7,46.5,nasdaq_economic_calendar
2024-12-02-usd-ism-manufacturing-prices-79d45791,2024-12-02T11:00:00Z,United States,USD,ISM Manufacturing Prices,HIGH,50.3,55.2,54.8,nasdaq_economic_calendar
2024-12-02-usd-fomc-member-williams-speaks-7beca708,2024-12-02T17:30:00Z,United States,USD,FOMC Member Williams Speaks,HIGH,,,,nasdaq_economic_calendar
2024-12-03-usd-ism-manufacturing-employment-c1133dc8,2024-12-03T11:00:00Z,United States,USD,ISM Manufacturing Employment,HIGH,48.1,,44.4,nasdaq_economic_calendar
2024-12-03-usd-ism-manufacturing-new-orders-index-a75e158b,2024-12-03T11:00:00Z,United States,USD,ISM Manufacturing New Orders Index,HIGH,50.4,,47.1,nasdaq_economic_calendar
2024-12-03-usd-ism-manufacturing-pmi-c8967d80,2024-12-03T11:00:00Z,United States,USD,ISM Manufacturing PMI,HIGH,48.4,47.7,46.5,nasdaq_economic_calendar
2024-12-03-usd-ism-manufacturing-prices-ef26f32e,2024-12-03T11:00:00Z,United States,USD,ISM Manufacturing Prices,HIGH,50.3,55.2,54.8,nasdaq_economic_calendar
2024-12-03-usd-fomc-member-williams-speaks-d766ecec,2024-12-03T17:30:00Z,United States,USD,FOMC Member Williams Speaks,HIGH,,,,nasdaq_economic_calendar
2024-12-04-usd-adp-nonfarm-employment-change-f6207df2,2024-12-04T09:15:00Z,United States,USD,ADP Nonfarm Employment Change,HIGH,146K,166K,184K,nasdaq_economic_calendar
2024-12-04-usd-ism-non-manufacturing-business-activity-66a69ff7,2024-12-04T11:00:00Z,United States,USD,ISM Non-Manufacturing Business Activity,HIGH,53.7,,57.2,nasdaq_economic_calendar
2024-12-04-usd-ism-non-manufacturing-employment-a3665af1,2024-12-04T11:00:00Z,United States,USD,ISM Non-Manufacturing Employment,HIGH,51.5,53.0,53.0,nasdaq_economic_calendar
2024-12-04-usd-ism-non-manufacturing-new-orders-d69cca4d,2024-12-04T11:00:00Z,United States,USD,ISM Non-Manufacturing New Orders,HIGH,53.7,56.6,57.4,nasdaq_economic_calendar
2024-12-04-usd-ism-non-manufacturing-pmi-bde33480,2024-12-04T11:00:00Z,United States,USD,ISM Non-Manufacturing PMI,HIGH,52.1,55.5,56.0,nasdaq_economic_calendar
2024-12-04-usd-ism-non-manufacturing-prices-6b25ed05,2024-12-04T11:00:00Z,United States,USD,ISM Non-Manufacturing Prices,HIGH,58.2,56.4,58.1,nasdaq_economic_calendar
2024-12-04-jpy-boj-board-member-nakamura-speaks-d35061b1,2024-12-04T21:30:00Z,Japan,JPY,BoJ Board Member Nakamura Speaks,HIGH,,,,nasdaq_economic_calendar
2024-12-05-usd-adp-nonfarm-employment-change-05ffcd38,2024-12-05T09:15:00Z,United States,USD,ADP Nonfarm Employment Change,HIGH,146K,166K,184K,nasdaq_economic_calendar
2024-12-05-usd-ism-non-manufacturing-business-activity-9f6e61d3,2024-12-05T11:00:00Z,United States,USD,ISM Non-Manufacturing Business Activity,HIGH,53.7,,57.2,nasdaq_economic_calendar
2024-12-05-usd-ism-non-manufacturing-employment-99ebf344,2024-12-05T11:00:00Z,United States,USD,ISM Non-Manufacturing Employment,HIGH,51.5,53.0,53.0,nasdaq_economic_calendar
2024-12-05-usd-ism-non-manufacturing-new-orders-d5764919,2024-12-05T11:00:00Z,United States,USD,ISM Non-Manufacturing New Orders,HIGH,53.7,56.6,57.4,nasdaq_economic_calendar
2024-12-05-usd-ism-non-manufacturing-pmi-6a15bdd6,2024-12-05T11:00:00Z,United States,USD,ISM Non-Manufacturing PMI,HIGH,52.1,55.5,56.0,nasdaq_economic_calendar
2024-12-05-usd-ism-non-manufacturing-prices-cb3c7953,2024-12-05T11:00:00Z,United States,USD,ISM Non-Manufacturing Prices,HIGH,58.2,56.4,58.1,nasdaq_economic_calendar
2024-12-05-jpy-boj-board-member-nakamura-speaks-ee3db3e9,2024-12-05T21:30:00Z,Japan,JPY,BoJ Board Member Nakamura Speaks,HIGH,,,,nasdaq_economic_calendar
2024-12-06-usd-average-hourly-earnings-9ca8a6a5,2024-12-06T09:30:00Z,United States,USD,Average Hourly Earnings,HIGH,0.4%,0.3%,0.4%,nasdaq_economic_calendar
2024-12-06-usd-average-hourly-earnings-yoy-54f7200a,2024-12-06T09:30:00Z,United States,USD,Average Hourly Earnings (YoY),HIGH,4.0%,3.9%,4.0%,nasdaq_economic_calendar
2024-12-06-usd-nonfarm-payrolls-c8d4a650,2024-12-06T09:30:00Z,United States,USD,Nonfarm Payrolls,HIGH,227K,202K,43K,nasdaq_economic_calendar
2024-12-06-usd-private-nonfarm-payrolls-907ad7b2,2024-12-06T09:30:00Z,United States,USD,Private Nonfarm Payrolls,HIGH,194K,160K,-2K,nasdaq_economic_calendar
2024-12-06-usd-u6-unemployment-rate-c7e9c361,2024-12-06T09:30:00Z,United States,USD,U6 Unemployment Rate,HIGH,7.8%,,7.7%,nasdaq_economic_calendar
2024-12-06-usd-unemployment-rate-a4e40eac,2024-12-06T09:30:00Z,United States,USD,Unemployment Rate,HIGH,4.2%,4.2%,4.1%,nasdaq_economic_calendar
2024-12-06-usd-fomc-member-bowman-speaks-830e75c9,2024-12-06T10:15:00Z,United States,USD,FOMC Member Bowman Speaks,HIGH,,,,nasdaq_economic_calendar
2024-12-06-usd-michigan-consumer-expectations-82766bcc,2024-12-06T11:00:00Z,United States,USD,Michigan Consumer Expectations,HIGH,71.6,,76.9,nasdaq_economic_calendar
2024-12-06-usd-michigan-consumer-sentiment-55bd2ee3,2024-12-06T11:00:00Z,United States,USD,Michigan Consumer Sentiment,HIGH,74.0,73.1,71.8,nasdaq_economic_calendar
2024-12-06-usd-fomc-member-daly-speaks-807cdbc9,2024-12-06T14:00:00Z,United States,USD,FOMC Member Daly Speaks,HIGH,,,,nasdaq_economic_calendar
2024-12-08-jpy-gdp-ebb89873,2024-12-08T19:50:00Z,Japan,JPY,GDP,HIGH,0.3%,0.2%,0.5%,nasdaq_economic_calendar
2024-12-08-jpy-gdp-annualized-69d4ceb1,2024-12-08T19:50:00Z,Japan,JPY,GDP Annualized,HIGH,1.2%,0.9%,2.9%,nasdaq_economic_calendar
2024-12-08-jpy-gdp-capital-expenditure-7ed01ed8,2024-12-08T19:50:00Z,Japan,JPY,GDP Capital Expenditure,HIGH,-0.1%,-0.2%,1.1%,nasdaq_economic_calendar
2024-12-08-jpy-gdp-price-index-6f838df8,2024-12-08T19:50:00Z,Japan,JPY,GDP Price Index,HIGH,2.4%,2.5%,3.2%,nasdaq_economic_calendar
2024-12-08-jpy-gdp-private-consumption-a1b9e94a,2024-12-08T19:50:00Z,Japan,JPY,GDP Private Consumption,HIGH,0.7%,0.9%,0.6%,nasdaq_economic_calendar
2024-12-09-jpy-gdp-dfa75967,2024-12-09T19:50:00Z,Japan,JPY,GDP,HIGH,0.3%,0.2%,0.5%,nasdaq_economic_calendar
2024-12-09-jpy-gdp-annualized-b1a7b4b4,2024-12-09T19:50:00Z,Japan,JPY,GDP Annualized,HIGH,1.2%,0.9%,2.9%,nasdaq_economic_calendar
2024-12-09-jpy-gdp-capital-expenditure-91af1d62,2024-12-09T19:50:00Z,Japan,JPY,GDP Capital Expenditure,HIGH,-0.1%,-0.2%,1.1%,nasdaq_economic_calendar
2024-12-09-jpy-gdp-price-index-c1a237b0,2024-12-09T19:50:00Z,Japan,JPY,GDP Price Index,HIGH,2.4%,2.5%,3.2%,nasdaq_economic_calendar
2024-12-09-jpy-gdp-private-consumption-bdf90211,2024-12-09T19:50:00Z,Japan,JPY,GDP Private Consumption,HIGH,0.7%,0.9%,0.6%,nasdaq_economic_calendar
2024-12-10-usd-nonfarm-productivity-54493e7e,2024-12-10T09:30:00Z,United States,USD,Nonfarm Productivity,HIGH,2.2%,2.2%,2.5%,nasdaq_economic_calendar
2024-12-10-jpy-reuters-tankan-index-238fd055,2024-12-10T19:00:00Z,Japan,JPY,Reuters Tankan Index,HIGH,-1,,5,nasdaq_economic_calendar
2024-12-10-jpy-gdp-external-demand-a26d795b,2024-12-10T19:50:00Z,Japan,JPY,GDP External Demand,HIGH,-0.2%,-0.4%,-0.1%,nasdaq_economic_calendar
2024-12-11-usd-nonfarm-productivity-c79cbbc2,2024-12-11T09:30:00Z,United States,USD,Nonfarm Productivity,HIGH,2.2%,2.2%,2.5%,nasdaq_economic_calendar
2024-12-11-jpy-reuters-tankan-index-8595eec4,2024-12-11T19:00:00Z,Japan,JPY,Reuters Tankan Index,HIGH,-1,,5,nasdaq_economic_calendar
2024-12-11-jpy-gdp-external-demand-eaed1acc,2024-12-11T19:50:00Z,Japan,JPY,GDP External Demand,HIGH,-0.2%,-0.4%,-0.1%,nasdaq_economic_calendar
2024-12-12-usd-cpi-803c2f69,2024-12-12T09:30:00Z,United States,USD,CPI,HIGH,2.7%,2.7%,2.6%,nasdaq_economic_calendar
2024-12-12-usd-cpi-index-n-s-a-598c9749,2024-12-12T09:30:00Z,United States,USD,"CPI Index, n.s.a.",HIGH,315.49,315.37,315.66,nasdaq_economic_calendar
2024-12-12-usd-cpi-index-s-a-e88ac676,2024-12-12T09:30:00Z,United States,USD,"CPI Index, s.a",HIGH,316.44,,315.45,nasdaq_economic_calendar
2024-12-12-usd-cpi-n-s-a-2ec308b1,2024-12-12T09:30:00Z,United States,USD,"CPI, n.s.a",HIGH,-0.05%,,0.12%,nasdaq_economic_calendar
2024-12-12-usd-core-cpi-59535e6d,2024-12-12T09:30:00Z,United States,USD,Core CPI,HIGH,0.3%,0.3%,0.3%,nasdaq_economic_calendar
2024-12-12-usd-core-cpi-index-ad52ad6d,2024-12-12T09:30:00Z,United States,USD,Core CPI Index,HIGH,322.66,322.41,321.67,nasdaq_economic_calendar
2024-12-12-usd-cleveland-cpi-00d1d7b2,2024-12-12T12:00:00Z,United States,USD,Cleveland CPI,HIGH,0.2%,,0.3%,nasdaq_economic_calendar
2024-12-13-usd-core-ppi-ab3dc667,2024-12-13T09:30:00Z,United States,USD,Core PPI,HIGH,0.2%,0.2%,0.3%,nasdaq_economic_calendar
2024-12-13-usd-ppi-908e1c00,2024-12-13T09:30:00Z,United States,USD,PPI,HIGH,0.4%,0.2%,0.3%,nasdaq_economic_calendar
2024-12-13-usd-ppi-ex-food-energy-transport-b387c194,2024-12-13T09:30:00Z,United States,USD,PPI ex. Food/Energy/Transport,HIGH,3.5%,,3.5%,nasdaq_economic_calendar
2024-12-13-jpy-tankan-all-big-industry-capex-79f3ab99,2024-12-13T19:50:00Z,Japan,JPY,Tankan All Big Industry CAPEX,HIGH,11.3%,9.6%,10.6%,nasdaq_economic_calendar
2024-12-13-jpy-tankan-all-small-industry-capex-ad027f71,2024-12-13T19:50:00Z,Japan,JPY,Tankan All Small Industry CAPEX,HIGH,4.0%,,2.6%,nasdaq_economic_calendar
2024-12-13-jpy-tankan-big-manufacturing-outlook-index-75ed7d0f,2024-12-13T19:50:00Z,Japan,JPY,Tankan Big Manufacturing Outlook Index,HIGH,13,,14,nasdaq_economic_calendar
2024-12-13-jpy-tankan-large-manufacturers-index-e48a599e,2024-12-13T19:50:00Z,Japan,JPY,Tankan Large Manufacturers Index,HIGH,14,13,13,nasdaq_economic_calendar
2024-12-13-jpy-tankan-large-non-manufacturers-diffusion-index-81b6e91b,2024-12-13T19:50:00Z,Japan,JPY,Tankan Large Non-Manufacturers Diffusion Index,HIGH,28,28,28,nasdaq_economic_calendar
2024-12-13-jpy-tankan-large-non-manufacturers-index-f072fda2,2024-12-13T19:50:00Z,Japan,JPY,Tankan Large Non-Manufacturers Index,HIGH,33,33,34,nasdaq_economic_calendar
2024-12-13-jpy-tankan-small-manufacturers-diffusion-index-dc5f1775,2024-12-13T19:50:00Z,Japan,JPY,Tankan Small Manufacturers Diffusion Index,HIGH,0,-2,0,nasdaq_economic_calendar
2024-12-13-jpy-tankan-small-manufacturing-index-441f2008,2024-12-13T19:50:00Z,Japan,JPY,Tankan Small Manufacturing Index,HIGH,1,-2,0,nasdaq_economic_calendar
2024-12-13-jpy-tankan-small-non-manufacturers-diffusion-index-6eb49a04,2024-12-13T19:50:00Z,Japan,JPY,Tankan Small Non-Manufacturers Diffusion Index,HIGH,8,,11,nasdaq_economic_calendar
2024-12-13-jpy-tankan-small-non-manufacturing-index-bff71b45,2024-12-13T19:50:00Z,Japan,JPY,Tankan Small Non-Manufacturing Index,HIGH,16,11,14,nasdaq_economic_calendar
2024-12-14-jpy-industrial-production-9324a279,2024-12-14T00:30:00Z,Japan,JPY,Industrial Production,HIGH,2.8%,3.0%,1.6%,nasdaq_economic_calendar
2024-12-18-usd-core-retail-sales-ff81257a,2024-12-18T09:30:00Z,United States,USD,Core Retail Sales,HIGH,0.2%,0.4%,0.2%,nasdaq_economic_calendar
2024-12-18-usd-retail-sales-2cccb25a,2024-12-18T09:30:00Z,United States,USD,Retail Sales,HIGH,3.80%,,2.90%,nasdaq_economic_calendar
2024-12-18-usd-retail-sales-ex-gas-autos-f5c0ddd0,2024-12-18T09:30:00Z,United States,USD,Retail Sales Ex Gas/Autos,HIGH,0.2%,0.4%,0.2%,nasdaq_economic_calendar
2024-12-18-usd-industrial-production-7e7e0c7b,2024-12-18T10:15:00Z,United States,USD,Industrial Production,HIGH,-0.1%,0.3%,-0.4%,nasdaq_economic_calendar
2024-12-18-jpy-adjusted-trade-balance-85dff77a,2024-12-18T19:50:00Z,Japan,JPY,Adjusted Trade Balance,HIGH,-0.38T,-0.45T,-0.23T,nasdaq_economic_calendar
2024-12-18-jpy-trade-balance-22e42e52,2024-12-18T19:50:00Z,Japan,JPY,Trade Balance,HIGH,-117.6B,-688.9B,-462.1B,nasdaq_economic_calendar
2024-12-19-usd-fomc-economic-projections-316ae3e3,2024-12-19T15:00:00Z,United States,USD,FOMC Economic Projections,HIGH,,,,nasdaq_economic_calendar
2024-12-19-usd-fomc-statement-dca85301,2024-12-19T15:00:00Z,United States,USD,FOMC Statement,HIGH,,,,nasdaq_economic_calendar
2024-12-19-usd-fed-interest-rate-decision-3242d264,2024-12-19T15:00:00Z,United States,USD,Fed Interest Rate Decision,HIGH,4.50%,4.50%,4.75%,nasdaq_economic_calendar
2024-12-19-usd-fomc-press-conference-9c6cc50c,2024-12-19T15:30:00Z,United States,USD,FOMC Press Conference,HIGH,,,,nasdaq_economic_calendar
2024-12-19-jpy-boj-interest-rate-decision-53b0a405,2024-12-19T22:55:00Z,Japan,JPY,BoJ Interest Rate Decision,HIGH,0.25%,0.25%,0.25%,nasdaq_economic_calendar
2024-12-19-jpy-boj-monetary-policy-statement-8eaafefa,2024-12-19T22:55:00Z,Japan,JPY,BoJ Monetary Policy Statement,HIGH,,,,nasdaq_economic_calendar
2024-12-20-jpy-boj-press-conference-be3ea225,2024-12-20T02:30:00Z,Japan,JPY,BoJ Press Conference,HIGH,,,,nasdaq_economic_calendar
2024-12-20-usd-core-pce-prices-01fb191e,2024-12-20T09:30:00Z,United States,USD,Core PCE Prices,HIGH,2.20%,2.10%,2.80%,nasdaq_economic_calendar
2024-12-20-usd-gdp-9bd6c01e,2024-12-20T09:30:00Z,United States,USD,GDP,HIGH,3.1%,2.8%,3.0%,nasdaq_economic_calendar
2024-12-20-usd-gdp-price-index-9b173dfa,2024-12-20T09:30:00Z,United States,USD,GDP Price Index,HIGH,1.9%,1.9%,2.5%,nasdaq_economic_calendar
2024-12-20-usd-gdp-sales-bc4435af,2024-12-20T09:30:00Z,United States,USD,GDP Sales,HIGH,3.3%,3.0%,1.9%,nasdaq_economic_calendar
2024-12-20-usd-pce-prices-ee8ec9e2,2024-12-20T09:30:00Z,United States,USD,PCE Prices,HIGH,1.5%,1.5%,2.5%,nasdaq_economic_calendar
2024-12-20-jpy-cpi-n-s-a-52c1b589,2024-12-20T19:30:00Z,Japan,JPY,"CPI, n.s.a",HIGH,0.4%,,0.6%,nasdaq_economic_calendar
2024-12-20-jpy-national-cpi-925fc46a,2024-12-20T19:30:00Z,Japan,JPY,National CPI,HIGH,0.6%,,0.4%,nasdaq_economic_calendar
2024-12-20-jpy-national-core-cpi-fa4699ec,2024-12-20T19:30:00Z,Japan,JPY,National Core CPI,HIGH,2.7%,2.6%,2.3%,nasdaq_economic_calendar
2024-12-21-usd-fomc-member-daly-speaks-c15f60cc,2024-12-21T08:30:00Z,United States,USD,FOMC Member Daly Speaks,HIGH,,,,nasdaq_economic_calendar
2024-12-21-usd-core-pce-price-index-ffc19cb3,2024-12-21T09:30:00Z,United States,USD,Core PCE Price Index,HIGH,2.8%,2.9%,2.8%,nasdaq_economic_calendar
2024-12-21-usd-pce-price-index-e64bc19d,2024-12-21T09:30:00Z,United States,USD,PCE Price index,HIGH,2.4%,2.5%,2.3%,nasdaq_economic_calendar
2024-12-21-usd-pce-price-index-d7cda751,2024-12-21T09:30:00Z,United States,USD,PCE price index,HIGH,0.1%,0.2%,0.2%,nasdaq_economic_calendar
2024-12-21-usd-personal-income-4936f7b5,2024-12-21T09:30:00Z,United States,USD,Personal Income,HIGH,0.3%,0.4%,0.7%,nasdaq_economic_calendar
2024-12-21-usd-real-personal-consumption-ab66caf1,2024-12-21T09:30:00Z,United States,USD,Real Personal Consumption,HIGH,0.3%,,0.1%,nasdaq_economic_calendar
2024-12-21-usd-michigan-consumer-expectations-4f06b6de,2024-12-21T11:00:00Z,United States,USD,Michigan Consumer Expectations,HIGH,73.3,71.6,76.9,nasdaq_economic_calendar
2024-12-21-usd-michigan-consumer-sentiment-9dc05507,2024-12-21T11:00:00Z,United States,USD,Michigan Consumer Sentiment,HIGH,74.0,74.0,71.8,nasdaq_economic_calendar
2024-12-24-usd-core-durable-goods-orders-1e501eda,2024-12-24T09:30:00Z,United States,USD,Core Durable Goods Orders,HIGH,-0.1%,0.3%,0.2%,nasdaq_economic_calendar
2024-12-24-usd-durable-goods-orders-4c7016b7,2024-12-24T09:30:00Z,United States,USD,Durable Goods Orders,HIGH,-1.1%,-0.3%,0.8%,nasdaq_economic_calendar
2024-12-24-usd-cb-consumer-confidence-6a458242,2024-12-24T11:00:00Z,United States,USD,CB Consumer Confidence,HIGH,104.7,112.9,112.8,nasdaq_economic_calendar
2024-12-24-jpy-monetary-policy-meeting-minutes-38c744d7,2024-12-24T19:50:00Z,Japan,JPY,Monetary Policy Meeting Minutes,HIGH,,,,nasdaq_economic_calendar
2024-12-25-jpy-boj-core-cpi-81ac857a,2024-12-25T01:00:00Z,Japan,JPY,BoJ Core CPI,HIGH,1.7%,1.5%,1.5%,nasdaq_economic_calendar
2024-12-26-jpy-boj-gov-ueda-speaks-55c580c7,2024-12-26T00:20:00Z,Japan,JPY,BOJ Gov Ueda Speaks,HIGH,,,,nasdaq_economic_calendar
2024-12-27-jpy-cpi-tokyo-ex-food-energy-b3953d80,2024-12-27T19:30:00Z,Japan,JPY,CPI Tokyo Ex Food & Energy,HIGH,1.1%,,1.2%,nasdaq_economic_calendar
2024-12-27-jpy-cpi-tokyo-ex-food-and-energy-021bdc20,2024-12-27T19:30:00Z,Japan,JPY,CPI Tokyo Ex Food and Energy,HIGH,0.0%,,0.1%,nasdaq_economic_calendar
2024-12-27-jpy-tokyo-cpi-f42544b2,2024-12-27T19:30:00Z,Japan,JPY,Tokyo CPI,HIGH,3.0%,,2.6%,nasdaq_economic_calendar
2024-12-27-jpy-tokyo-core-cpi-2f2406be,2024-12-27T19:30:00Z,Japan,JPY,Tokyo Core CPI,HIGH,2.4%,2.5%,2.2%,nasdaq_economic_calendar
2024-12-27-jpy-boj-summary-of-opinions-f269c9b2,2024-12-27T19:50:00Z,Japan,JPY,BoJ Summary of Opinions,HIGH,,,,nasdaq_economic_calendar
2024-12-27-jpy-industrial-production-b23d0667,2024-12-27T19:50:00Z,Japan,JPY,Industrial Production,HIGH,-2.3%,-3.4%,2.8%,nasdaq_economic_calendar
2024-12-27-jpy-industrial-production-forecast-1m-ahead-4dbe1947,2024-12-27T19:50:00Z,Japan,JPY,Industrial Production forecast 1m ahead,HIGH,2.1%,,-2.2%,nasdaq_economic_calendar
2024-12-27-jpy-industrial-production-forecast-2m-ahead-d29bd427,2024-12-27T19:50:00Z,Japan,JPY,Industrial Production forecast 2m ahead,HIGH,1.3%,,-0.5%,nasdaq_economic_calendar
2024-12-27-jpy-large-scale-retail-sales-yoy-6e97e20a,2024-12-27T19:50:00Z,Japan,JPY,Large Scale Retail Sales YoY,HIGH,3.0%,,-1.0%,nasdaq_economic_calendar
2024-12-27-jpy-retail-sales-7e9ddf64,2024-12-27T19:50:00Z,Japan,JPY,Retail Sales,HIGH,2.8%,1.5%,1.3%,nasdaq_economic_calendar
2025-01-04-usd-ism-manufacturing-employment-c0cdb800,2025-01-04T11:00:00Z,United States,USD,ISM Manufacturing Employment,HIGH,45.3,48.0,48.1,nasdaq_economic_calendar
2025-01-04-usd-ism-manufacturing-new-orders-index-cdee4308,2025-01-04T11:00:00Z,United States,USD,ISM Manufacturing New Orders Index,HIGH,52.5,,50.4,nasdaq_economic_calendar
2025-01-04-usd-ism-manufacturing-pmi-19069e1b,2025-01-04T11:00:00Z,United States,USD,ISM Manufacturing PMI,HIGH,49.3,48.2,48.4,nasdaq_economic_calendar
2025-01-04-usd-ism-manufacturing-prices-4ad62c91,2025-01-04T11:00:00Z,United States,USD,ISM Manufacturing Prices,HIGH,52.5,51.5,50.3,nasdaq_economic_calendar
2025-01-04-usd-fomc-member-barkin-speaks-3d4b643d,2025-01-04T12:00:00Z,United States,USD,FOMC Member Barkin Speaks,HIGH,,,,nasdaq_economic_calendar
2025-01-05-usd-fomc-member-daly-speaks-b8b3817a,2025-01-05T18:30:00Z,United States,USD,FOMC Member Daly Speaks,HIGH,,,,nasdaq_economic_calendar
2025-01-05-usd-fomc-member-kugler-speaks-3cfe38a4,2025-01-05T18:30:00Z,United States,USD,FOMC Member Kugler Speaks,HIGH,,,,nasdaq_economic_calendar
2025-01-06-usd-fomc-member-daly-speaks-be4d01db,2025-01-06T14:15:00Z,United States,USD,FOMC Member Daly Speaks,HIGH,,,,nasdaq_economic_calendar
2025-01-08-usd-fomc-member-barkin-speaks-e7bebc30,2025-01-08T09:00:00Z,United States,USD,FOMC Member Barkin Speaks,HIGH,,,,nasdaq_economic_calendar
2025-01-08-usd-ism-non-manufacturing-business-activity-8aeeea4c,2025-01-08T11:00:00Z,United States,USD,ISM Non-Manufacturing Business Activity,HIGH,58.2,,53.7,nasdaq_economic_calendar
2025-01-08-usd-ism-non-manufacturing-employment-88bbd044,2025-01-08T11:00:00Z,United States,USD,ISM Non-Manufacturing Employment,HIGH,51.4,51.4,51.5,nasdaq_economic_calendar
2025-01-08-usd-ism-non-manufacturing-new-orders-cebc4525,2025-01-08T11:00:00Z,United States,USD,ISM Non-Manufacturing New Orders,HIGH,54.2,54.2,53.7,nasdaq_economic_calendar
2025-01-08-usd-ism-non-manufacturing-pmi-9f7ea5c9,2025-01-08T11:00:00Z,United States,USD,ISM Non-Manufacturing PMI,HIGH,54.1,53.5,52.1,nasdaq_economic_calendar
2025-01-08-usd-ism-non-manufacturing-prices-8856da11,2025-01-08T11:00:00Z,United States,USD,ISM Non-Manufacturing Prices,HIGH,64.4,57.5,58.2,nasdaq_economic_calendar
2025-01-08-usd-jolts-job-openings-2a87979d,2025-01-08T11:00:00Z,United States,USD,JOLTS Job Openings,HIGH,8.098M,7.730M,7.839M,nasdaq_economic_calendar
2025-01-09-usd-adp-nonfarm-employment-change-754281ea,2025-01-09T09:15:00Z,United States,USD,ADP Nonfarm Employment Change,HIGH,122K,139K,146K,nasdaq_economic_calendar
2025-01-09-usd-fomc-meeting-minutes-d3c981b4,2025-01-09T15:00:00Z,United States,USD,FOMC Meeting Minutes,HIGH,,,,nasdaq_economic_calendar
2025-01-10-usd-fomc-member-harker-speaks-cf16687d,2025-01-10T10:00:00Z,United States,USD,FOMC Member Harker Speaks,HIGH,,,,nasdaq_economic_calendar
2025-01-10-usd-fomc-member-barkin-speaks-2e76e407,2025-01-10T13:40:00Z,United States,USD,FOMC Member Barkin Speaks,HIGH,,,,nasdaq_economic_calendar
2025-01-10-usd-fomc-member-bowman-speaks-5fecf77b,2025-01-10T14:35:00Z,United States,USD,FOMC Member Bowman Speaks,HIGH,,,,nasdaq_economic_calendar
2025-01-11-usd-average-hourly-earnings-fc8c8d6a,2025-01-11T09:30:00Z,United States,USD,Average Hourly Earnings,HIGH,0.3%,0.3%,0.4%,nasdaq_economic_calendar
2025-01-11-usd-average-hourly-earnings-yoy-105b4bde,2025-01-11T09:30:00Z,United States,USD,Average Hourly Earnings (YoY),HIGH,3.9%,4.0%,4.0%,nasdaq_economic_calendar
2025-01-11-usd-nonfarm-payrolls-c6af77f8,2025-01-11T09:30:00Z,United States,USD,Nonfarm Payrolls,HIGH,256K,164K,261K,nasdaq_economic_calendar
2025-01-11-usd-private-nonfarm-payrolls-9362abc1,2025-01-11T09:30:00Z,United States,USD,Private Nonfarm Payrolls,HIGH,223K,135K,182K,nasdaq_economic_calendar
2025-01-11-usd-u6-unemployment-rate-b6e7af95,2025-01-11T09:30:00Z,United States,USD,U6 Unemployment Rate,HIGH,7.5%,,7.7%,nasdaq_economic_calendar
2025-01-11-usd-unemployment-rate-6b44db78,2025-01-11T09:30:00Z,United States,USD,Unemployment Rate,HIGH,4.1%,4.2%,4.2%,nasdaq_economic_calendar
2025-01-11-usd-michigan-consumer-expectations-eba06e7c,2025-01-11T11:00:00Z,United States,USD,Michigan Consumer Expectations,HIGH,70.2,,73.3,nasdaq_economic_calendar
2025-01-11-usd-michigan-consumer-sentiment-bc1956ff,2025-01-11T11:00:00Z,United States,USD,Michigan Consumer Sentiment,HIGH,73.2,74.0,74.0,nasdaq_economic_calendar
2025-01-15-usd-core-ppi-fe04850f,2025-01-15T09:30:00Z,United States,USD,Core PPI,HIGH,0.0%,0.3%,0.2%,nasdaq_economic_calendar
2025-01-15-usd-ppi-937942a8,2025-01-15T09:30:00Z,United States,USD,PPI,HIGH,3.3%,3.5%,3.0%,nasdaq_economic_calendar
2025-01-15-usd-ppi-ex-food-energy-transport-eea283b7,2025-01-15T09:30:00Z,United States,USD,PPI ex. Food/Energy/Transport,HIGH,3.3%,,3.5%,nasdaq_economic_calendar
2025-01-15-usd-fomc-member-williams-speaks-0e51dab7,2025-01-15T16:05:00Z,United States,USD,FOMC Member Williams Speaks,HIGH,,,,nasdaq_economic_calendar
2025-01-15-jpy-reuters-tankan-index-ed48d912,2025-01-15T19:00:00Z,Japan,JPY,Reuters Tankan Index,HIGH,2,,-1,nasdaq_economic_calendar
2025-01-16-usd-cpi-c1e895d7,2025-01-16T09:30:00Z,United States,USD,CPI,HIGH,0.4%,0.4%,0.3%,nasdaq_economic_calendar
2025-01-16-usd-cpi-index-n-s-a-847ecd0a,2025-01-16T09:30:00Z,United States,USD,"CPI Index, n.s.a.",HIGH,315.61,315.62,315.49,nasdaq_economic_calendar
2025-01-16-usd-cpi-index-s-a-e69d034d,2025-01-16T09:30:00Z,United States,USD,"CPI Index, s.a",HIGH,317.69,,316.44,nasdaq_economic_calendar
2025-01-16-usd-cpi-n-s-a-b9b197a1,2025-01-16T09:30:00Z,United States,USD,"CPI, n.s.a",HIGH,0.04%,,-0.05%,nasdaq_economic_calendar
2025-01-16-usd-core-cpi-81a12014,2025-01-16T09:30:00Z,United States,USD,Core CPI,HIGH,3.2%,3.3%,3.3%,nasdaq_economic_calendar
2025-01-16-usd-core-cpi-index-b27cdcc0,2025-01-16T09:30:00Z,United States,USD,Core CPI Index,HIGH,323.38,323.40,322.66,nasdaq_economic_calendar
2025-01-16-usd-fomc-member-barkin-speaks-62d18993,2025-01-16T10:00:00Z,United States,USD,FOMC Member Barkin Speaks,HIGH,,,,nasdaq_economic_calendar
2025-01-16-usd-fomc-member-kashkari-speaks-f57463c5,2025-01-16T11:00:00Z,United States,USD,FOMC Member Kashkari Speaks,HIGH,,,,nasdaq_economic_calendar
2025-01-16-usd-cleveland-cpi-11e19562,2025-01-16T12:00:00Z,United States,USD,Cleveland CPI,HIGH,0.3%,,0.2%,nasdaq_economic_calendar
2025-01-16-usd-fomc-member-williams-speaks-ce7cd6a8,2025-01-16T12:00:00Z,United States,USD,FOMC Member Williams Speaks,HIGH,,,,nasdaq_economic_calendar
2025-01-17-usd-core-retail-sales-1eeab357,2025-01-17T09:30:00Z,United States,USD,Core Retail Sales,HIGH,0.4%,0.5%,0.2%,nasdaq_economic_calendar
2025-01-17-usd-retail-sales-0d094a68,2025-01-17T09:30:00Z,United States,USD,Retail Sales,HIGH,0.4%,0.6%,0.8%,nasdaq_economic_calendar
2025-01-17-usd-retail-sales-ex-gas-autos-01a43193,2025-01-17T09:30:00Z,United States,USD,Retail Sales Ex Gas/Autos,HIGH,0.3%,0.4%,0.2%,nasdaq_economic_calendar
2025-01-17-usd-fomc-member-williams-speaks-64e3fd3b,2025-01-17T12:00:00Z,United States,USD,FOMC Member Williams Speaks,HIGH,,,,nasdaq_economic_calendar
2025-01-18-usd-industrial-production-7ec2abab,2025-01-18T10:15:00Z,United States,USD,Industrial Production,HIGH,0.55%,,-0.61%,nasdaq_economic_calendar
2025-01-21-jpy-industrial-production-f32b2c12,2025-01-21T00:30:00Z,Japan,JPY,Industrial Production,HIGH,-2.2%,-2.3%,-2.3%,nasdaq_economic_calendar
2025-01-23-jpy-adjusted-trade-balance-ffb35576,2025-01-23T19:50:00Z,Japan,JPY,Adjusted Trade Balance,HIGH,-0.03T,-0.51T,-0.39T,nasdaq_economic_calendar
2025-01-23-jpy-trade-balance-50465764,2025-01-23T19:50:00Z,Japan,JPY,Trade Balance,HIGH,130.9B,-55.0B,-110.3B,nasdaq_economic_calendar
2025-01-24-jpy-cpi-n-s-a-2910b9ee,2025-01-24T19:30:00Z,Japan,JPY,"CPI, n.s.a",HIGH,0.6%,,0.4%,nasdaq_economic_calendar
2025-01-24-jpy-national-cpi-a473cb24,2025-01-24T19:30:00Z,Japan,JPY,National CPI,HIGH,3.6%,,2.9%,nasdaq_economic_calendar
2025-01-24-jpy-national-core-cpi-2020da8c,2025-01-24T19:30:00Z,Japan,JPY,National Core CPI,HIGH,3.0%,3.0%,2.7%,nasdaq_economic_calendar
2025-01-24-jpy-boj-monetary-policy-statement-3112ac34,2025-01-24T22:30:00Z,Japan,JPY,BoJ Monetary Policy Statement,HIGH,,,,nasdaq_economic_calendar
2025-01-24-jpy-boj-outlook-report-bbf32233,2025-01-24T23:00:00Z,Japan,JPY,BoJ Outlook Report,HIGH,,,,nasdaq_economic_calendar
2025-01-24-jpy-boj-interest-rate-decision-52a2d087,2025-01-24T23:20:00Z,Japan,JPY,BoJ Interest Rate Decision,HIGH,0.50%,0.50%,0.25%,nasdaq_economic_calendar
2025-01-25-jpy-boj-press-conference-e374947c,2025-01-25T02:30:00Z,Japan,JPY,BoJ Press Conference,HIGH,,,,nasdaq_economic_calendar
2025-01-25-usd-michigan-consumer-expectations-544823f7,2025-01-25T11:00:00Z,United States,USD,Michigan Consumer Expectations,HIGH,69.3,70.2,73.3,nasdaq_economic_calendar
2025-01-25-usd-michigan-consumer-sentiment-90305bdb,2025-01-25T11:00:00Z,United States,USD,Michigan Consumer Sentiment,HIGH,71.1,73.2,74.0,nasdaq_economic_calendar
2025-01-29-jpy-boj-core-cpi-10609ae7,2025-01-29T01:00:00Z,Japan,JPY,BoJ Core CPI,HIGH,1.9%,1.7%,1.7%,nasdaq_economic_calendar
2025-01-29-usd-core-durable-goods-orders-806ee61b,2025-01-29T09:30:00Z,United States,USD,Core Durable Goods Orders,HIGH,0.3%,0.4%,-0.1%,nasdaq_economic_calendar
2025-01-29-usd-durable-goods-orders-da189167,2025-01-29T09:30:00Z,United States,USD,Durable Goods Orders,HIGH,-2.2%,0.3%,-2.0%,nasdaq_economic_calendar
2025-01-29-usd-cb-consumer-confidence-43b7f2c2,2025-01-29T11:00:00Z,United States,USD,CB Consumer Confidence,HIGH,104.1,105.7,109.5,nasdaq_economic_calendar
2025-01-29-jpy-monetary-policy-meeting-minutes-85fcebf6,2025-01-29T19:50:00Z,Japan,JPY,Monetary Policy Meeting Minutes,HIGH,,,,nasdaq_economic_calendar
2025-01-30-usd-fomc-statement-2a03212e,2025-01-30T15:00:00Z,United States,USD,FOMC Statement,HIGH,,,,nasdaq_economic_calendar
2025-01-30-usd-fed-interest-rate-decision-2dd04750,2025-01-30T15:00:00Z,United States,USD,Fed Interest Rate Decision,HIGH,4.50%,4.50%,4.50%,nasdaq_economic_calendar
2025-01-30-usd-fomc-press-conference-12241350,2025-01-30T15:30:00Z,United States,USD,FOMC Press Conference,HIGH,,,,nasdaq_economic_calendar
2025-01-31-usd-core-pce-prices-9d6fd1bd,2025-01-31T09:30:00Z,United States,USD,Core PCE Prices,HIGH,2.50%,2.50%,2.20%,nasdaq_economic_calendar
2025-01-31-usd-gdp-5d3699a3,2025-01-31T09:30:00Z,United States,USD,GDP,HIGH,2.3%,2.7%,3.1%,nasdaq_economic_calendar
2025-01-31-usd-gdp-price-index-e192311e,2025-01-31T09:30:00Z,United States,USD,GDP Price Index,HIGH,2.2%,2.5%,1.9%,nasdaq_economic_calendar
2025-01-31-usd-gdp-sales-88b3b1e8,2025-01-31T09:30:00Z,United States,USD,GDP Sales,HIGH,3.2%,,3.3%,nasdaq_economic_calendar
2025-01-31-usd-pce-prices-fba4a180,2025-01-31T09:30:00Z,United States,USD,PCE Prices,HIGH,2.3%,,1.5%,nasdaq_economic_calendar
2025-01-31-jpy-cpi-tokyo-ex-food-energy-8b6535ff,2025-01-31T19:30:00Z,Japan,JPY,CPI Tokyo Ex Food & Energy,HIGH,1.0%,,1.1%,nasdaq_economic_calendar
2025-01-31-jpy-cpi-tokyo-ex-food-and-energy-246f2b4a,2025-01-31T19:30:00Z,Japan,JPY,CPI Tokyo Ex Food and Energy,HIGH,-0.2%,,0.0%,nasdaq_economic_calendar
2025-01-31-jpy-tokyo-cpi-2f2579c0,2025-01-31T19:30:00Z,Japan,JPY,Tokyo CPI,HIGH,3.4%,,3.0%,nasdaq_economic_calendar
2025-01-31-jpy-tokyo-core-cpi-3dc5e7bc,2025-01-31T19:30:00Z,Japan,JPY,Tokyo Core CPI,HIGH,2.5%,2.5%,2.4%,nasdaq_economic_calendar
2025-01-31-jpy-industrial-production-7d11f894,2025-01-31T19:50:00Z,Japan,JPY,Industrial Production,HIGH,0.3%,-0.1%,-2.2%,nasdaq_economic_calendar
2025-01-31-jpy-industrial-production-forecast-1m-ahead-7557643f,2025-01-31T19:50:00Z,Japan,JPY,Industrial Production forecast 1m ahead,HIGH,1.0%,,2.1%,nasdaq_economic_calendar
2025-01-31-jpy-industrial-production-forecast-2m-ahead-6ad5dba9,2025-01-31T19:50:00Z,Japan,JPY,Industrial Production forecast 2m ahead,HIGH,1.2%,,1.3%,nasdaq_economic_calendar
2025-01-31-jpy-large-scale-retail-sales-yoy-6dd8a1b2,2025-01-31T19:50:00Z,Japan,JPY,Large Scale Retail Sales YoY,HIGH,3.0%,,3.0%,nasdaq_economic_calendar
2025-01-31-jpy-retail-sales-18a9e9cf,2025-01-31T19:50:00Z,Japan,JPY,Retail Sales,HIGH,3.7%,3.4%,2.8%,nasdaq_economic_calendar
2025-02-01-usd-core-pce-price-index-064be09a,2025-02-01T09:30:00Z,United States,USD,Core PCE Price Index,HIGH,2.8%,2.8%,2.8%,nasdaq_economic_calendar
2025-02-01-usd-employment-cost-index-68b3b543,2025-02-01T09:30:00Z,United States,USD,Employment Cost Index,HIGH,0.9%,0.9%,0.8%,nasdaq_economic_calendar
2025-02-01-usd-fomc-member-bowman-speaks-83c1423a,2025-02-01T09:30:00Z,United States,USD,FOMC Member Bowman Speaks,HIGH,,,,nasdaq_economic_calendar
2025-02-01-usd-pce-price-index-085ec4cd,2025-02-01T09:30:00Z,United States,USD,PCE Price index,HIGH,2.6%,2.6%,2.4%,nasdaq_economic_calendar
2025-02-01-usd-pce-price-index-9371ebcc,2025-02-01T09:30:00Z,United States,USD,PCE price index,HIGH,0.3%,0.3%,0.1%,nasdaq_economic_calendar
2025-02-01-usd-personal-income-be020260,2025-02-01T09:30:00Z,United States,USD,Personal Income,HIGH,0.4%,0.4%,0.3%,nasdaq_economic_calendar
2025-02-01-usd-real-personal-consumption-c4e42aa9,2025-02-01T09:30:00Z,United States,USD,Real Personal Consumption,HIGH,0.4%,,0.5%,nasdaq_economic_calendar
2025-02-03-jpy-boj-summary-of-opinions-e1021249,2025-02-03T19:50:00Z,Japan,JPY,BoJ Summary of Opinions,HIGH,,,,nasdaq_economic_calendar
2025-02-04-usd-ism-manufacturing-employment-b76e3cba,2025-02-04T11:00:00Z,United States,USD,ISM Manufacturing Employment,HIGH,50.3,47.8,45.4,nasdaq_economic_calendar
2025-02-04-usd-ism-manufacturing-new-orders-index-cc0a9da6,2025-02-04T11:00:00Z,United States,USD,ISM Manufacturing New Orders Index,HIGH,55.1,52.0,52.1,nasdaq_economic_calendar
2025-02-04-usd-ism-manufacturing-pmi-75549974,2025-02-04T11:00:00Z,United States,USD,ISM Manufacturing PMI,HIGH,50.9,49.3,49.2,nasdaq_economic_calendar
2025-02-04-usd-ism-manufacturing-prices-1200a469,2025-02-04T11:00:00Z,United States,USD,ISM Manufacturing Prices,HIGH,54.9,52.6,52.5,nasdaq_economic_calendar
2025-02-04-usd-fomc-member-bostic-speaks-94879a46,2025-02-04T13:30:00Z,United States,USD,FOMC Member Bostic Speaks,HIGH,,,,nasdaq_economic_calendar
2025-02-05-usd-jolts-job-openings-5674b4b5,2025-02-05T11:00:00Z,United States,USD,JOLTS Job Openings,HIGH,7.600M,8.010M,8.156M,nasdaq_economic_calendar
2025-02-05-usd-fomc-member-bostic-speaks-fcb4b24e,2025-02-05T12:00:00Z,United States,USD,FOMC Member Bostic Speaks,HIGH,,,,nasdaq_economic_calendar
2025-02-05-usd-fomc-member-daly-speaks-37b2c185,2025-02-05T14:15:00Z,United States,USD,FOMC Member Daly Speaks,HIGH,,,,nasdaq_economic_calendar
2025-02-06-usd-fomc-member-barkin-speaks-9c4339b0,2025-02-06T08:30:00Z,United States,USD,FOMC Member Barkin Speaks,HIGH,,,,nasdaq_economic_calendar
2025-02-06-usd-adp-nonfarm-employment-change-ffcfb325,2025-02-06T09:15:00Z,United States,USD,ADP Nonfarm Employment Change,HIGH,183K,148K,176K,nasdaq_economic_calendar
2025-02-06-usd-fomc-member-barkin-speaks-b528b5f6,2025-02-06T10:00:00Z,United States,USD,FOMC Member Barkin Speaks,HIGH,,,,nasdaq_economic_calendar
2025-02-06-usd-ism-non-manufacturing-business-activity-2730074b,2025-02-06T11:00:00Z,United States,USD,ISM Non-Manufacturing Business Activity,HIGH,54.5,,58.0,nasdaq_economic_calendar
2025-02-06-usd-ism-non-manufacturing-employment-a7ea77cc,2025-02-06T11:00:00Z,United States,USD,ISM Non-Manufacturing Employment,HIGH,52.3,,51.3,nasdaq_economic_calendar
2025-02-06-usd-ism-non-manufacturing-new-orders-52dde4e6,2025-02-06T11:00:00Z,United States,USD,ISM Non-Manufacturing New Orders,HIGH,51.3,,54.4,nasdaq_economic_calendar
2025-02-06-usd-ism-non-manufacturing-pmi-4deacb91,2025-02-06T11:00:00Z,United States,USD,ISM Non-Manufacturing PMI,HIGH,52.8,54.2,54.0,nasdaq_economic_calendar
2025-02-06-usd-ism-non-manufacturing-prices-55b1e7e9,2025-02-06T11:00:00Z,United States,USD,ISM Non-Manufacturing Prices,HIGH,60.4,,64.4,nasdaq_economic_calendar
2025-02-06-usd-fomc-member-bowman-speaks-5210d03b,2025-02-06T16:00:00Z,United States,USD,FOMC Member Bowman Speaks,HIGH,,,,nasdaq_economic_calendar
2025-02-06-jpy-boj-tamura-speaks-e4c158ba,2025-02-06T21:30:00Z,Japan,JPY,BoJ Tamura Speaks,HIGH,,,,nasdaq_economic_calendar
2025-02-07-usd-nonfarm-productivity-5cbcd786,2025-02-07T09:30:00Z,United States,USD,Nonfarm Productivity,HIGH,1.2%,1.5%,2.3%,nasdaq_economic_calendar
2025-02-07-usd-fomc-member-daly-speaks-417b97b2,2025-02-07T16:30:00Z,United States,USD,FOMC Member Daly Speaks,HIGH,,,,nasdaq_economic_calendar
2025-02-08-usd-average-hourly-earnings-2491f863,2025-02-08T09:30:00Z,United States,USD,Average Hourly Earnings,HIGH,0.5%,0.3%,0.3%,nasdaq_economic_calendar
2025-02-08-usd-average-hourly-earnings-yoy-ef745f06,2025-02-08T09:30:00Z,United States,USD,Average Hourly Earnings (YoY),HIGH,4.1%,3.8%,4.1%,nasdaq_economic_calendar
2025-02-08-usd-nonfarm-payrolls-44b5c525,2025-02-08T09:30:00Z,United States,USD,Nonfarm Payrolls,HIGH,143K,169K,323K,nasdaq_economic_calendar
2025-02-08-usd-private-nonfarm-payrolls-b97cec66,2025-02-08T09:30:00Z,United States,USD,Private Nonfarm Payrolls,HIGH,111K,141K,273K,nasdaq_economic_calendar
2025-02-08-usd-u6-unemployment-rate-0d1f8051,2025-02-08T09:30:00Z,United States,USD,U6 Unemployment Rate,HIGH,7.5%,,7.5%,nasdaq_economic_calendar
2025-02-08-usd-unemployment-rate-6cf70cb9,2025-02-08T09:30:00Z,United States,USD,Unemployment Rate,HIGH,4.0%,4.1%,4.1%,nasdaq_economic_calendar
2025-02-08-usd-fomc-member-bowman-speaks-06de3250,2025-02-08T10:25:00Z,United States,USD,FOMC Member Bowman Speaks,HIGH,,,,nasdaq_economic_calendar
2025-02-08-usd-michigan-consumer-expectations-cd4cedc5,2025-02-08T11:00:00Z,United States,USD,Michigan Consumer Expectations,HIGH,67.3,70.0,69.3,nasdaq_economic_calendar
2025-02-08-usd-michigan-consumer-sentiment-911925f7,2025-02-08T11:00:00Z,United States,USD,Michigan Consumer Sentiment,HIGH,67.8,71.9,71.1,nasdaq_economic_calendar
2025-02-08-usd-fomc-member-kugler-speaks-ca6fbef9,2025-02-08T13:00:00Z,United States,USD,FOMC Member Kugler Speaks,HIGH,,,,nasdaq_economic_calendar
2025-02-12-usd-fomc-member-bowman-speaks-5e88ab80,2025-02-12T16:30:00Z,United States,USD,FOMC Member Bowman Speaks,HIGH,,,,nasdaq_economic_calendar
2025-02-12-usd-fomc-member-williams-speaks-320758ca,2025-02-12T16:30:00Z,United States,USD,FOMC Member Williams Speaks,HIGH,,,,nasdaq_economic_calendar
2025-02-13-usd-cpi-9f33a5e4,2025-02-13T09:30:00Z,United States,USD,CPI,HIGH,0.5%,0.3%,0.4%,nasdaq_economic_calendar
2025-02-13-usd-cpi-index-n-s-a-bf867280,2025-02-13T09:30:00Z,United States,USD,"CPI Index, n.s.a.",HIGH,317.67,317.46,315.61,nasdaq_economic_calendar
2025-02-13-usd-cpi-index-s-a-19e2e698,2025-02-13T09:30:00Z,United States,USD,"CPI Index, s.a",HIGH,319.09,,317.60,nasdaq_economic_calendar
2025-02-13-usd-cpi-n-s-a-d0b6a297,2025-02-13T09:30:00Z,United States,USD,"CPI, n.s.a",HIGH,0.65%,,0.04%,nasdaq_economic_calendar
2025-02-13-usd-core-cpi-eb3f4d09,2025-02-13T09:30:00Z,United States,USD,Core CPI,HIGH,0.4%,0.3%,0.2%,nasdaq_economic_calendar
2025-02-13-usd-core-cpi-index-7aa0ade6,2025-02-13T09:30:00Z,United States,USD,Core CPI Index,HIGH,324.74,,323.30,nasdaq_economic_calendar
2025-02-13-usd-cleveland-cpi-8d1118f6,2025-02-13T12:00:00Z,United States,USD,Cleveland CPI,HIGH,0.3%,,0.3%,nasdaq_economic_calendar
2025-02-13-usd-fomc-member-bostic-speaks-f484e1ad,2025-02-13T13:00:00Z,United States,USD,FOMC Member Bostic Speaks,HIGH,,,,nasdaq_economic_calendar
2025-02-14-usd-core-ppi-d4775703,2025-02-14T09:30:00Z,United States,USD,Core PPI,HIGH,3.6%,3.3%,3.7%,nasdaq_economic_calendar
2025-02-14-usd-ppi-671949c3,2025-02-14T09:30:00Z,United States,USD,PPI,HIGH,0.4%,0.3%,0.5%,nasdaq_economic_calendar
2025-02-14-usd-ppi-ex-food-energy-transport-e6321829,2025-02-14T09:30:00Z,United States,USD,PPI ex. Food/Energy/Transport,HIGH,3.4%,3.2%,3.5%,nasdaq_economic_calendar
2025-02-15-usd-core-retail-sales-e083cf67,2025-02-15T09:30:00Z,United States,USD,Core Retail Sales,HIGH,-0.4%,0.3%,0.7%,nasdaq_economic_calendar
2025-02-15-usd-retail-sales-bd3789ee,2025-02-15T09:30:00Z,United States,USD,Retail Sales,HIGH,4.20%,,4.36%,nasdaq_economic_calendar
2025-02-15-usd-retail-sales-ex-gas-autos-fd8edca7,2025-02-15T09:30:00Z,United States,USD,Retail Sales Ex Gas/Autos,HIGH,-0.5%,,0.5%,nasdaq_economic_calendar
2025-02-15-usd-industrial-production-69f453fd,2025-02-15T10:15:00Z,United States,USD,Industrial Production,HIGH,0.5%,0.3%,1.0%,nasdaq_economic_calendar
2025-02-17-jpy-gdp-23e456dc,2025-02-17T19:50:00Z,Japan,JPY,GDP,HIGH,0.7%,0.3%,0.4%,nasdaq_economic_calendar
2025-02-17-jpy-gdp-annualized-b90e91d0,2025-02-17T19:50:00Z,Japan,JPY,GDP Annualized,HIGH,2.8%,,1.7%,nasdaq_economic_calendar
2025-02-17-jpy-gdp-capital-expenditure-832e8886,2025-02-17T19:50:00Z,Japan,JPY,GDP Capital Expenditure,HIGH,0.5%,1.0%,-0.1%,nasdaq_economic_calendar
2025-02-17-jpy-gdp-external-demand-76353f5e,2025-02-17T19:50:00Z,Japan,JPY,GDP External Demand,HIGH,0.7%,0.4%,-0.1%,nasdaq_economic_calendar
2025-02-17-jpy-gdp-price-index-17220fe0,2025-02-17T19:50:00Z,Japan,JPY,GDP Price Index,HIGH,2.8%,2.8%,2.4%,nasdaq_economic_calendar
2025-02-17-jpy-gdp-private-consumption-6cfc16f3,2025-02-17T19:50:00Z,Japan,JPY,GDP Private Consumption,HIGH,0.1%,-0.3%,0.7%,nasdaq_economic_calendar
2025-02-18-jpy-industrial-production-e3abd7b0,2025-02-18T00:30:00Z,Japan,JPY,Industrial Production,HIGH,-0.2%,0.3%,-2.2%,nasdaq_economic_calendar
2025-02-18-usd-fomc-member-harker-speaks-d074b913,2025-02-18T10:30:00Z,United States,USD,FOMC Member Harker Speaks,HIGH,,,,nasdaq_economic_calendar
2025-02-18-usd-fomc-member-bowman-speaks-343ee291,2025-02-18T11:20:00Z,United States,USD,FOMC Member Bowman Speaks,HIGH,,,,nasdaq_economic_calendar
2025-02-19-usd-fomc-member-daly-speaks-02906ed7,2025-02-19T11:20:00Z,United States,USD,FOMC Member Daly Speaks,HIGH,,,,nasdaq_economic_calendar
2025-02-19-jpy-reuters-tankan-index-e91b1adc,2025-02-19T19:00:00Z,Japan,JPY,Reuters Tankan Index,HIGH,3,,2,nasdaq_economic_calendar
2025-02-19-jpy-adjusted-trade-balance-3b51ad6b,2025-02-19T19:50:00Z,Japan,JPY,Adjusted Trade Balance,HIGH,-0.86T,-0.26T,-0.03T,nasdaq_economic_calendar
2025-02-19-jpy-trade-balance-2bf40d0e,2025-02-19T19:50:00Z,Japan,JPY,Trade Balance,HIGH,"-2,758.8B","-2,100.0B",132.5B,nasdaq_economic_calendar
2025-02-20-usd-fomc-meeting-minutes-17143e44,2025-02-20T15:00:00Z,United States,USD,FOMC Meeting Minutes,HIGH,,,,nasdaq_economic_calendar
2025-02-21-usd-fomc-member-kugler-speaks-6f8fd94e,2025-02-21T18:00:00Z,United States,USD,FOMC Member Kugler Speaks,HIGH,,,,nasdaq_economic_calendar
2025-02-21-jpy-cpi-n-s-a-4e6732f7,2025-02-21T19:30:00Z,Japan,JPY,"CPI, n.s.a",HIGH,0.5%,,0.6%,nasdaq_economic_calendar
2025-02-21-jpy-national-cpi-640c74c0,2025-02-21T19:30:00Z,Japan,JPY,National CPI,HIGH,4.0%,,3.6%,nasdaq_economic_calendar
2025-02-21-jpy-national-core-cpi-5dbba280,2025-02-21T19:30:00Z,Japan,JPY,National Core CPI,HIGH,3.2%,3.1%,3.0%,nasdaq_economic_calendar
2025-02-22-usd-michigan-consumer-expectations-94d7fff2,2025-02-22T11:00:00Z,United States,USD,Michigan Consumer Expectations,HIGH,64.0,67.3,69.3,nasdaq_economic_calendar
2025-02-22-usd-michigan-consumer-sentiment-12a60c74,2025-02-22T11:00:00Z,United States,USD,Michigan Consumer Sentiment,HIGH,64.7,67.8,71.1,nasdaq_economic_calendar
2025-02-26-usd-cb-consumer-confidence-d44598af,2025-02-26T11:00:00Z,United States,USD,CB Consumer Confidence,HIGH,98.3,102.7,105.3,nasdaq_economic_calendar
2025-02-26-usd-fomc-member-barkin-speaks-1e2eafc8,2025-02-26T14:00:00Z,United States,USD,FOMC Member Barkin Speaks,HIGH,,,,nasdaq_economic_calendar
2025-02-27-jpy-boj-core-cpi-aa45221a,2025-02-27T01:00:00Z,Japan,JPY,BoJ Core CPI,HIGH,2.2%,2.0%,1.9%,nasdaq_economic_calendar
2025-02-27-usd-fomc-member-barkin-speaks-e5feb9fd,2025-02-27T09:30:00Z,United States,USD,FOMC Member Barkin Speaks,HIGH,,,,nasdaq_economic_calendar
2025-02-27-usd-fomc-member-bostic-speaks-1f3910cb,2025-02-27T13:00:00Z,United States,USD,FOMC Member Bostic Speaks,HIGH,,,,nasdaq_economic_calendar
2025-02-28-usd-fomc-member-barkin-speaks-b08e1c80,2025-02-28T09:00:00Z,United States,USD,FOMC Member Barkin Speaks,HIGH,,,,nasdaq_economic_calendar
2025-02-28-usd-core-durable-goods-orders-91fa1481,2025-02-28T09:30:00Z,United States,USD,Core Durable Goods Orders,HIGH,0.0%,0.2%,0.1%,nasdaq_economic_calendar
2025-02-28-usd-core-pce-prices-a8b3a741,2025-02-28T09:30:00Z,United States,USD,Core PCE Prices,HIGH,2.70%,2.50%,2.20%,nasdaq_economic_calendar
2025-02-28-usd-durable-goods-orders-ee29813b,2025-02-28T09:30:00Z,United States,USD,Durable Goods Orders,HIGH,3.1%,2.0%,-1.8%,nasdaq_economic_calendar
2025-02-28-usd-gdp-3ffd6f8a,2025-02-28T09:30:00Z,United States,USD,GDP,HIGH,2.3%,2.3%,3.1%,nasdaq_economic_calendar
2025-02-28-usd-gdp-price-index-097b3829,2025-02-28T09:30:00Z,United States,USD,GDP Price Index,HIGH,2.4%,2.2%,1.9%,nasdaq_economic_calendar
2025-02-28-usd-gdp-sales-9e61dcfe,2025-02-28T09:30:00Z,United States,USD,GDP Sales,HIGH,3.2%,3.2%,3.3%,nasdaq_economic_calendar
2025-02-28-usd-pce-prices-e1238614,2025-02-28T09:30:00Z,United States,USD,PCE Prices,HIGH,2.4%,2.3%,1.5%,nasdaq_economic_calendar
2025-02-28-usd-fomc-member-bowman-speaks-bf4f8a3c,2025-02-28T12:45:00Z,United States,USD,FOMC Member Bowman Speaks,HIGH,,,,nasdaq_economic_calendar
2025-02-28-usd-fomc-member-harker-speaks-39e3eb77,2025-02-28T16:15:00Z,United States,USD,FOMC Member Harker Speaks,HIGH,,,,nasdaq_economic_calendar
2025-02-28-jpy-cpi-tokyo-ex-food-energy-994a6313,2025-02-28T19:30:00Z,Japan,JPY,CPI Tokyo Ex Food & Energy,HIGH,0.9%,,1.0%,nasdaq_economic_calendar
2025-02-28-jpy-cpi-tokyo-ex-food-and-energy-45520d74,2025-02-28T19:30:00Z,Japan,JPY,CPI Tokyo Ex Food and Energy,HIGH,0.2%,,-0.2%,nasdaq_economic_calendar
2025-02-28-jpy-tokyo-cpi-308aa08b,2025-02-28T19:30:00Z,Japan,JPY,Tokyo CPI,HIGH,2.9%,,3.4%,nasdaq_economic_calendar
2025-02-28-jpy-tokyo-core-cpi-dc09961f,2025-02-28T19:30:00Z,Japan,JPY,Tokyo Core CPI,HIGH,2.2%,2.3%,2.5%,nasdaq_economic_calendar
2025-02-28-jpy-industrial-production-9daaf9fc,2025-02-28T19:50:00Z,Japan,JPY,Industrial Production,HIGH,-1.1%,-1.0%,-0.2%,nasdaq_economic_calendar
2025-02-28-jpy-industrial-production-forecast-1m-ahead-e82f95f2,2025-02-28T19:50:00Z,Japan,JPY,Industrial Production forecast 1m ahead,HIGH,5.0%,,1.0%,nasdaq_economic_calendar
2025-02-28-jpy-industrial-production-forecast-2m-ahead-824aa458,2025-02-28T19:50:00Z,Japan,JPY,Industrial Production forecast 2m ahead,HIGH,-2.0%,,1.2%,nasdaq_economic_calendar
2025-02-28-jpy-large-scale-retail-sales-yoy-498c59dd,2025-02-28T19:50:00Z,Japan,JPY,Large Scale Retail Sales YoY,HIGH,4.0%,,3.0%,nasdaq_economic_calendar
2025-02-28-jpy-retail-sales-4cf2dd50,2025-02-28T19:50:00Z,Japan,JPY,Retail Sales,HIGH,3.9%,3.9%,3.5%,nasdaq_economic_calendar
2025-03-01-usd-core-pce-price-index-3fafaf09,2025-03-01T09:30:00Z,United States,USD,Core PCE Price Index,HIGH,0.3%,0.3%,0.2%,nasdaq_economic_calendar
2025-03-01-usd-pce-price-index-cc240c1f,2025-03-01T09:30:00Z,United States,USD,PCE Price index,HIGH,2.5%,2.5%,2.6%,nasdaq_economic_calendar
2025-03-01-usd-pce-price-index-7220dc44,2025-03-01T09:30:00Z,United States,USD,PCE price index,HIGH,0.3%,0.3%,0.3%,nasdaq_economic_calendar
2025-03-01-usd-personal-income-8a34c9d4,2025-03-01T09:30:00Z,United States,USD,Personal Income,HIGH,0.9%,0.4%,0.4%,nasdaq_economic_calendar
2025-03-01-usd-real-personal-consumption-2511825f,2025-03-01T09:30:00Z,United States,USD,Real Personal Consumption,HIGH,-0.5%,,0.5%,nasdaq_economic_calendar
2025-03-04-usd-ism-manufacturing-employment-50eab8c9,2025-03-04T11:00:00Z,United States,USD,ISM Manufacturing Employment,HIGH,47.6,,50.3,nasdaq_economic_calendar
2025-03-04-usd-ism-manufacturing-new-orders-index-20240cb7,2025-03-04T11:00:00Z,United States,USD,ISM Manufacturing New Orders Index,HIGH,48.6,,55.1,nasdaq_economic_calendar
2025-03-04-usd-ism-manufacturing-pmi-f2a88aab,2025-03-04T11:00:00Z,United States,USD,ISM Manufacturing PMI,HIGH,50.3,50.6,50.9,nasdaq_economic_calendar
2025-03-04-usd-ism-manufacturing-prices-b0c0a741,2025-03-04T11:00:00Z,United States,USD,ISM Manufacturing Prices,HIGH,62.4,56.2,54.9,nasdaq_economic_calendar
2025-03-05-usd-fomc-member-williams-speaks-d62c6040,2025-03-05T15:20:00Z,United States,USD,FOMC Member Williams Speaks,HIGH,,,,nasdaq_economic_calendar
2025-03-05-jpy-boj-gov-ueda-speaks-452e18f4,2025-03-05T20:30:00Z,Japan,JPY,BOJ Gov Ueda Speaks,HIGH,,,,nasdaq_economic_calendar
2025-03-06-usd-adp-nonfarm-employment-change-8c450994,2025-03-06T09:15:00Z,United States,USD,ADP Nonfarm Employment Change,HIGH,77K,141K,186K,nasdaq_economic_calendar
2025-03-06-usd-ism-non-manufacturing-business-activity-576489dd,2025-03-06T11:00:00Z,United States,USD,ISM Non-Manufacturing Business Activity,HIGH,54.4,,54.5,nasdaq_economic_calendar
2025-03-06-usd-ism-non-manufacturing-employment-1e6eae0e,2025-03-06T11:00:00Z,United States,USD,ISM Non-Manufacturing Employment,HIGH,53.9,,52.3,nasdaq_economic_calendar
2025-03-06-usd-ism-non-manufacturing-new-orders-290ff749,2025-03-06T11:00:00Z,United States,USD,ISM Non-Manufacturing New Orders,HIGH,52.2,,51.3,nasdaq_economic_calendar
2025-03-06-usd-ism-non-manufacturing-pmi-be967a18,2025-03-06T11:00:00Z,United States,USD,ISM Non-Manufacturing PMI,HIGH,53.5,52.5,52.8,nasdaq_economic_calendar
2025-03-06-usd-ism-non-manufacturing-prices-be7452ac,2025-03-06T11:00:00Z,United States,USD,ISM Non-Manufacturing Prices,HIGH,62.6,60.0,60.4,nasdaq_economic_calendar
2025-03-07-usd-nonfarm-productivity-644b2326,2025-03-07T09:30:00Z,United States,USD,Nonfarm Productivity,HIGH,1.5%,1.2%,2.9%,nasdaq_economic_calendar
2025-03-07-usd-fomc-member-harker-speaks-c1ba6b47,2025-03-07T09:45:00Z,United States,USD,FOMC Member Harker Speaks,HIGH,,,,nasdaq_economic_calendar
2025-03-07-usd-fomc-member-bostic-speaks-b96e5337,2025-03-07T20:00:00Z,United States,USD,FOMC Member Bostic Speaks,HIGH,,,,nasdaq_economic_calendar
2025-03-08-usd-average-hourly-earnings-d005e7a7,2025-03-08T09:30:00Z,United States,USD,Average Hourly Earnings,HIGH,0.3%,0.3%,0.4%,nasdaq_economic_calendar
2025-03-08-usd-average-hourly-earnings-yoy-672add35,2025-03-08T09:30:00Z,United States,USD,Average Hourly Earnings (YoY),HIGH,4.0%,4.1%,3.9%,nasdaq_economic_calendar
2025-03-08-usd-nonfarm-payrolls-4a964c95,2025-03-08T09:30:00Z,United States,USD,Nonfarm Payrolls,HIGH,151K,159K,111K,nasdaq_economic_calendar
2025-03-08-usd-private-nonfarm-payrolls-5a1e8d50,2025-03-08T09:30:00Z,United States,USD,Private Nonfarm Payrolls,HIGH,140K,142K,81K,nasdaq_economic_calendar
2025-03-08-usd-u6-unemployment-rate-ef72e12b,2025-03-08T09:30:00Z,United States,USD,U6 Unemployment Rate,HIGH,8.0%,,7.5%,nasdaq_economic_calendar
2025-03-08-usd-unemployment-rate-f836946b,2025-03-08T09:30:00Z,United States,USD,Unemployment Rate,HIGH,4.1%,4.0%,4.0%,nasdaq_economic_calendar
2025-03-08-usd-fomc-member-bowman-speaks-d46191a5,2025-03-08T11:15:00Z,United States,USD,FOMC Member Bowman Speaks,HIGH,,,,nasdaq_economic_calendar
2025-03-08-usd-fomc-member-williams-speaks-93fc92db,2025-03-08T11:45:00Z,United States,USD,FOMC Member Williams Speaks,HIGH,,,,nasdaq_economic_calendar
2025-03-08-usd-fomc-member-kugler-speaks-5a309632,2025-03-08T13:20:00Z,United States,USD,FOMC Member Kugler Speaks,HIGH,,,,nasdaq_economic_calendar
2025-03-08-usd-fomc-member-kugler-speaks-655a7ae3,2025-03-08T14:00:00Z,United States,USD,FOMC Member Kugler Speaks,HIGH,,,,nasdaq_economic_calendar
2025-03-11-jpy-gdp-980eaed2,2025-03-11T19:50:00Z,Japan,JPY,GDP,HIGH,0.6%,0.7%,0.3%,nasdaq_economic_calendar
2025-03-11-jpy-gdp-annualized-2318e523,2025-03-11T19:50:00Z,Japan,JPY,GDP Annualized,HIGH,2.2%,2.8%,1.2%,nasdaq_economic_calendar
2025-03-11-jpy-gdp-capital-expenditure-6d0c28f9,2025-03-11T19:50:00Z,Japan,JPY,GDP Capital Expenditure,HIGH,0.6%,0.5%,-0.1%,nasdaq_economic_calendar
2025-03-11-jpy-gdp-external-demand-ee204fa7,2025-03-11T19:50:00Z,Japan,JPY,GDP External Demand,HIGH,0.7%,0.7%,-0.2%,nasdaq_economic_calendar
2025-03-11-jpy-gdp-price-index-ae1d42a9,2025-03-11T19:50:00Z,Japan,JPY,GDP Price Index,HIGH,2.9%,2.8%,2.4%,nasdaq_economic_calendar
2025-03-11-jpy-gdp-private-consumption-f733c4fb,2025-03-11T19:50:00Z,Japan,JPY,GDP Private Consumption,HIGH,0.0%,0.1%,0.7%,nasdaq_economic_calendar
2025-03-12-usd-jolts-job-openings-af811b89,2025-03-12T10:00:00Z,United States,USD,JOLTS Job Openings,HIGH,7.740M,7.650M,7.508M,nasdaq_economic_calendar
2025-03-13-usd-cpi-7a6df8cf,2025-03-13T08:30:00Z,United States,USD,CPI,HIGH,0.2%,0.3%,0.5%,nasdaq_economic_calendar
2025-03-13-usd-cpi-index-n-s-a-7d354f43,2025-03-13T08:30:00Z,United States,USD,"CPI Index, n.s.a.",HIGH,319.08,319.22,317.67,nasdaq_economic_calendar
2025-03-13-usd-cpi-index-s-a-e8d235f3,2025-03-13T08:30:00Z,United States,USD,"CPI Index, s.a",HIGH,319.78,,319.09,nasdaq_economic_calendar
2025-03-13-usd-cpi-n-s-a-13b28994,2025-03-13T08:30:00Z,United States,USD,"CPI, n.s.a",HIGH,0.44%,,0.65%,nasdaq_economic_calendar
2025-03-13-usd-core-cpi-aafb8e7a,2025-03-13T08:30:00Z,United States,USD,Core CPI,HIGH,0.2%,0.3%,0.4%,nasdaq_economic_calendar
2025-03-13-usd-core-cpi-index-d146024c,2025-03-13T08:30:00Z,United States,USD,Core CPI Index,HIGH,325.48,,324.74,nasdaq_economic_calendar
2025-03-13-usd-cleveland-cpi-694b2599,2025-03-13T11:00:00Z,United States,USD,Cleveland CPI,HIGH,0.3%,,0.3%,nasdaq_economic_calendar
2025-03-14-usd-core-ppi-de005fa0,2025-03-14T08:30:00Z,United States,USD,Core PPI,HIGH,-0.1%,0.3%,0.5%,nasdaq_economic_calendar
2025-03-14-usd-ppi-4440f90a,2025-03-14T08:30:00Z,United States,USD,PPI,HIGH,0.0%,0.3%,0.6%,nasdaq_economic_calendar
2025-03-14-usd-ppi-ex-food-energy-transport-3ebddfaf,2025-03-14T08:30:00Z,United States,USD,PPI ex. Food/Energy/Transport,HIGH,3.3%,,3.4%,nasdaq_economic_calendar
2025-03-15-usd-michigan-consumer-expectations-fa38c88b,2025-03-15T10:00:00Z,United States,USD,Michigan Consumer Expectations,HIGH,54.2,64.3,64.0,nasdaq_economic_calendar
2025-03-15-usd-michigan-consumer-sentiment-22578aae,2025-03-15T10:00:00Z,United States,USD,Michigan Consumer Sentiment,HIGH,57.9,63.1,64.7,nasdaq_economic_calendar
2025-03-18-usd-core-retail-sales-74235038,2025-03-18T08:30:00Z,United States,USD,Core Retail Sales,HIGH,0.3%,0.3%,-0.6%,nasdaq_economic_calendar
2025-03-18-usd-retail-sales-383ee9b7,2025-03-18T08:30:00Z,United States,USD,Retail Sales,HIGH,0.2%,0.6%,-1.2%,nasdaq_economic_calendar
2025-03-18-usd-retail-sales-ex-gas-autos-d390e205,2025-03-18T08:30:00Z,United States,USD,Retail Sales Ex Gas/Autos,HIGH,0.5%,0.4%,-0.8%,nasdaq_economic_calendar
2025-03-19-usd-industrial-production-59c0ff76,2025-03-19T09:15:00Z,United States,USD,Industrial Production,HIGH,0.7%,0.2%,0.3%,nasdaq_economic_calendar
2025-03-19-jpy-reuters-tankan-index-bf048942,2025-03-19T19:00:00Z,Japan,JPY,Reuters Tankan Index,HIGH,-1,,3,nasdaq_economic_calendar
2025-03-19-jpy-adjusted-trade-balance-9e3ffdb4,2025-03-19T19:50:00Z,Japan,JPY,Adjusted Trade Balance,HIGH,0.18T,0.51T,-0.86T,nasdaq_economic_calendar
2025-03-19-jpy-trade-balance-123d02da,2025-03-19T19:50:00Z,Japan,JPY,Trade Balance,HIGH,584.5B,722.8B,"-2,736.6B",nasdaq_economic_calendar
2025-03-19-jpy-boj-interest-rate-decision-4f964373,2025-03-19T22:30:00Z,Japan,JPY,BoJ Interest Rate Decision,HIGH,0.50%,0.50%,0.50%,nasdaq_economic_calendar
2025-03-19-jpy-boj-monetary-policy-statement-e9d03526,2025-03-19T22:30:00Z,Japan,JPY,BoJ Monetary Policy Statement,HIGH,,,,nasdaq_economic_calendar
2025-03-20-jpy-industrial-production-a6046bdd,2025-03-20T00:30:00Z,Japan,JPY,Industrial Production,HIGH,-1.1%,-1.1%,-0.3%,nasdaq_economic_calendar
2025-03-20-jpy-boj-press-conference-55276d22,2025-03-20T02:30:00Z,Japan,JPY,BoJ Press Conference,HIGH,,,,nasdaq_economic_calendar
2025-03-20-usd-fomc-economic-projections-175f79c2,2025-03-20T14:00:00Z,United States,USD,FOMC Economic Projections,HIGH,,,,nasdaq_economic_calendar
2025-03-20-usd-fomc-statement-fac0a366,2025-03-20T14:00:00Z,United States,USD,FOMC Statement,HIGH,,,,nasdaq_economic_calendar
2025-03-20-usd-fed-interest-rate-decision-b3052e07,2025-03-20T14:00:00Z,United States,USD,Fed Interest Rate Decision,HIGH,4.50%,4.50%,4.50%,nasdaq_economic_calendar
2025-03-20-usd-fomc-press-conference-13114a73,2025-03-20T14:30:00Z,United States,USD,FOMC Press Conference,HIGH,,,,nasdaq_economic_calendar
2025-03-21-jpy-cpi-n-s-a-08c2ccac,2025-03-21T19:30:00Z,Japan,JPY,"CPI, n.s.a",HIGH,-0.4%,,0.5%,nasdaq_economic_calendar
2025-03-21-jpy-national-cpi-e49ec67b,2025-03-21T19:30:00Z,Japan,JPY,National CPI,HIGH,3.7%,,4.0%,nasdaq_economic_calendar
2025-03-21-jpy-national-core-cpi-ad9b4322,2025-03-21T19:30:00Z,Japan,JPY,National Core CPI,HIGH,3.0%,2.9%,3.2%,nasdaq_economic_calendar
2025-03-22-usd-fomc-member-williams-speaks-bc880078,2025-03-22T09:05:00Z,United States,USD,FOMC Member Williams Speaks,HIGH,,,,nasdaq_economic_calendar
2025-03-25-usd-fomc-member-bostic-speaks-ddcbaab9,2025-03-25T13:45:00Z,United States,USD,FOMC Member Bostic Speaks,HIGH,,,,nasdaq_economic_calendar
2025-03-25-jpy-monetary-policy-meeting-minutes-3a1fd967,2025-03-25T19:50:00Z,Japan,JPY,Monetary Policy Meeting Minutes,HIGH,,,,nasdaq_economic_calendar
2025-03-26-jpy-boj-core-cpi-0f4b3fbf,2025-03-26T01:00:00Z,Japan,JPY,BoJ Core CPI,HIGH,2.2%,2.2%,2.2%,nasdaq_economic_calendar
2025-03-26-usd-fomc-member-kugler-speaks-0adbf127,2025-03-26T08:40:00Z,United States,USD,FOMC Member Kugler Speaks,HIGH,,,,nasdaq_economic_calendar
2025-03-26-usd-fomc-member-williams-speaks-8304b3ce,2025-03-26T09:05:00Z,United States,USD,FOMC Member Williams Speaks,HIGH,,,,nasdaq_economic_calendar
2025-03-26-usd-cb-consumer-confidence-9ace0b6a,2025-03-26T10:00:00Z,United States,USD,CB Consumer Confidence,HIGH,92.9,94.2,100.1,nasdaq_economic_calendar
2025-03-26-usd-fomc-member-williams-speaks-a35814e0,2025-03-26T14:35:00Z,United States,USD,FOMC Member Williams Speaks,HIGH,,,,nasdaq_economic_calendar
2025-03-27-usd-core-durable-goods-orders-e01c690d,2025-03-27T08:30:00Z,United States,USD,Core Durable Goods Orders,HIGH,0.7%,0.2%,0.1%,nasdaq_economic_calendar
2025-03-27-usd-durable-goods-orders-2bbef405,2025-03-27T08:30:00Z,United States,USD,Durable Goods Orders,HIGH,0.9%,-1.1%,3.3%,nasdaq_economic_calendar
2025-03-27-usd-fomc-member-kashkari-speaks-1b48bdfe,2025-03-27T10:00:00Z,United States,USD,FOMC Member Kashkari Speaks,HIGH,,,,nasdaq_economic_calendar
2025-03-28-usd-core-pce-prices-4ef36866,2025-03-28T08:30:00Z,United States,USD,Core PCE Prices,HIGH,2.60%,2.70%,2.20%,nasdaq_economic_calendar
2025-03-28-usd-gdp-dcf037f1,2025-03-28T08:30:00Z,United States,USD,GDP,HIGH,2.4%,2.3%,3.1%,nasdaq_economic_calendar
2025-03-28-usd-gdp-price-index-8eeba485,2025-03-28T08:30:00Z,United States,USD,GDP Price Index,HIGH,2.3%,2.4%,1.9%,nasdaq_economic_calendar
2025-03-28-usd-gdp-sales-52fcf76e,2025-03-28T08:30:00Z,United States,USD,GDP Sales,HIGH,3.3%,3.2%,3.3%,nasdaq_economic_calendar
2025-03-28-usd-pce-prices-2dab38b5,2025-03-28T08:30:00Z,United States,USD,PCE Prices,HIGH,2.4%,2.4%,1.5%,nasdaq_economic_calendar
2025-03-28-usd-fomc-member-barkin-speaks-247563c7,2025-03-28T16:30:00Z,United States,USD,FOMC Member Barkin Speaks,HIGH,,,,nasdaq_economic_calendar
2025-03-28-jpy-cpi-tokyo-ex-food-energy-225b81c1,2025-03-28T19:30:00Z,Japan,JPY,CPI Tokyo Ex Food & Energy,HIGH,1.1%,,0.8%,nasdaq_economic_calendar
2025-03-28-jpy-cpi-tokyo-ex-food-and-energy-6899ef4f,2025-03-28T19:30:00Z,Japan,JPY,CPI Tokyo Ex Food and Energy,HIGH,0.4%,,0.2%,nasdaq_economic_calendar
2025-03-28-jpy-tokyo-cpi-31d6de6b,2025-03-28T19:30:00Z,Japan,JPY,Tokyo CPI,HIGH,2.9%,,2.8%,nasdaq_economic_calendar
2025-03-28-jpy-tokyo-core-cpi-e7bd77ca,2025-03-28T19:30:00Z,Japan,JPY,Tokyo Core CPI,HIGH,2.4%,2.2%,2.2%,nasdaq_economic_calendar
2025-03-28-jpy-boj-summary-of-opinions-7021ac60,2025-03-28T19:50:00Z,Japan,JPY,BoJ Summary of Opinions,HIGH,,,,nasdaq_economic_calendar
2025-03-29-usd-core-pce-price-index-cbb1ce5c,2025-03-29T08:30:00Z,United States,USD,Core PCE Price Index,HIGH,0.4%,0.3%,0.3%,nasdaq_economic_calendar
2025-03-29-usd-pce-price-index-d622055c,2025-03-29T08:30:00Z,United States,USD,PCE Price index,HIGH,2.5%,2.5%,2.5%,nasdaq_economic_calendar
2025-03-29-usd-pce-price-index-571b0815,2025-03-29T08:30:00Z,United States,USD,PCE price index,HIGH,0.3%,0.3%,0.3%,nasdaq_economic_calendar
2025-03-29-usd-personal-income-77ea2ce7,2025-03-29T08:30:00Z,United States,USD,Personal Income,HIGH,0.8%,0.4%,0.7%,nasdaq_economic_calendar
2025-03-29-usd-real-personal-consumption-64f3fc11,2025-03-29T08:30:00Z,United States,USD,Real Personal Consumption,HIGH,0.1%,,-0.6%,nasdaq_economic_calendar
2025-03-29-usd-dallas-fed-pce-d2025c06,2025-03-29T09:00:00Z,United States,USD,Dallas Fed PCE,HIGH,3.00%,,2.50%,nasdaq_economic_calendar
2025-03-29-usd-michigan-consumer-expectations-6c15a8cc,2025-03-29T10:00:00Z,United States,USD,Michigan Consumer Expectations,HIGH,52.6,54.2,64.0,nasdaq_economic_calendar
2025-03-29-usd-michigan-consumer-sentiment-2397d254,2025-03-29T10:00:00Z,United States,USD,Michigan Consumer Sentiment,HIGH,57.0,57.9,64.7,nasdaq_economic_calendar
2025-03-29-usd-fomc-member-bostic-speaks-c31ccc26,2025-03-29T15:45:00Z,United States,USD,FOMC Member Bostic Speaks,HIGH,,,,nasdaq_economic_calendar
2025-03-31-jpy-industrial-production-fc54e3ec,2025-03-31T19:50:00Z,Japan,JPY,Industrial Production,HIGH,2.5%,1.9%,-1.1%,nasdaq_economic_calendar
2025-03-31-jpy-industrial-production-forecast-1m-ahead-717169f8,2025-03-31T19:50:00Z,Japan,JPY,Industrial Production forecast 1m ahead,HIGH,0.6%,,5.0%,nasdaq_economic_calendar
2025-03-31-jpy-industrial-production-forecast-2m-ahead-694cd2cf,2025-03-31T19:50:00Z,Japan,JPY,Industrial Production forecast 2m ahead,HIGH,0.1%,,-2.0%,nasdaq_economic_calendar
2025-03-31-jpy-large-scale-retail-sales-yoy-f6dadfa3,2025-03-31T19:50:00Z,Japan,JPY,Large Scale Retail Sales YoY,HIGH,2.0%,,5.0%,nasdaq_economic_calendar
2025-03-31-jpy-retail-sales-4218e319,2025-03-31T19:50:00Z,Japan,JPY,Retail Sales,HIGH,1.4%,2.4%,4.4%,nasdaq_economic_calendar
2025-04-01-jpy-tankan-all-big-industry-capex-f087ce91,2025-04-01T19:50:00Z,Japan,JPY,Tankan All Big Industry CAPEX,HIGH,3.1%,,11.3%,nasdaq_economic_calendar
2025-04-01-jpy-tankan-all-small-industry-capex-1f87264a,2025-04-01T19:50:00Z,Japan,JPY,Tankan All Small Industry CAPEX,HIGH,-10.0%,,4.0%,nasdaq_economic_calendar
2025-04-01-jpy-tankan-big-manufacturing-outlook-index-a5c63649,2025-04-01T19:50:00Z,Japan,JPY,Tankan Big Manufacturing Outlook Index,HIGH,12,9,13,nasdaq_economic_calendar
2025-04-01-jpy-tankan-large-manufacturers-index-0ca7a55a,2025-04-01T19:50:00Z,Japan,JPY,Tankan Large Manufacturers Index,HIGH,12,12,14,nasdaq_economic_calendar
2025-04-01-jpy-tankan-large-non-manufacturers-diffusion-index-5ddd0b5f,2025-04-01T19:50:00Z,Japan,JPY,Tankan Large Non-Manufacturers Diffusion Index,HIGH,28,29,28,nasdaq_economic_calendar
2025-04-01-jpy-tankan-large-non-manufacturers-index-7403429c,2025-04-01T19:50:00Z,Japan,JPY,Tankan Large Non-Manufacturers Index,HIGH,35,33,33,nasdaq_economic_calendar
2025-04-01-jpy-tankan-small-manufacturers-diffusion-index-47741cc1,2025-04-01T19:50:00Z,Japan,JPY,Tankan Small Manufacturers Diffusion Index,HIGH,-1,,0,nasdaq_economic_calendar
2025-04-01-jpy-tankan-small-manufacturing-index-ed382f7d,2025-04-01T19:50:00Z,Japan,JPY,Tankan Small Manufacturing Index,HIGH,2,-1,1,nasdaq_economic_calendar
2025-04-01-jpy-tankan-small-non-manufacturers-diffusion-index-6166f059,2025-04-01T19:50:00Z,Japan,JPY,Tankan Small Non-Manufacturers Diffusion Index,HIGH,9,,8,nasdaq_economic_calendar
2025-04-01-jpy-tankan-small-non-manufacturing-index-18f7448b,2025-04-01T19:50:00Z,Japan,JPY,Tankan Small Non-Manufacturing Index,HIGH,16,,16,nasdaq_economic_calendar
2025-04-02-usd-fomc-member-barkin-speaks-a08a19bd,2025-04-02T09:00:00Z,United States,USD,FOMC Member Barkin Speaks,HIGH,,,,nasdaq_economic_calendar
2025-04-02-usd-ism-manufacturing-employment-45642a3a,2025-04-02T10:00:00Z,United States,USD,ISM Manufacturing Employment,HIGH,44.7,,47.6,nasdaq_economic_calendar
2025-04-02-usd-ism-manufacturing-new-orders-index-fdd3736b,2025-04-02T10:00:00Z,United States,USD,ISM Manufacturing New Orders Index,HIGH,45.2,,48.6,nasdaq_economic_calendar
2025-04-02-usd-ism-manufacturing-pmi-108476d2,2025-04-02T10:00:00Z,United States,USD,ISM Manufacturing PMI,HIGH,49.0,49.5,50.3,nasdaq_economic_calendar
2025-04-02-usd-ism-manufacturing-prices-2d96fcbf,2025-04-02T10:00:00Z,United States,USD,ISM Manufacturing Prices,HIGH,69.4,64.6,62.4,nasdaq_economic_calendar
2025-04-02-usd-jolts-job-openings-45821f5c,2025-04-02T10:00:00Z,United States,USD,JOLTS Job Openings,HIGH,7.568M,7.690M,7.762M,nasdaq_economic_calendar
2025-04-03-usd-adp-nonfarm-employment-change-f8392771,2025-04-03T08:15:00Z,United States,USD,ADP Nonfarm Employment Change,HIGH,155K,118K,84K,nasdaq_economic_calendar
2025-04-03-usd-fomc-member-kugler-speaks-a1859b42,2025-04-03T16:30:00Z,United States,USD,FOMC Member Kugler Speaks,HIGH,,,,nasdaq_economic_calendar
2025-04-04-usd-ism-non-manufacturing-business-activity-03882f2c,2025-04-04T10:00:00Z,United States,USD,ISM Non-Manufacturing Business Activity,HIGH,55.9,,54.4,nasdaq_economic_calendar
2025-04-04-usd-ism-non-manufacturing-employment-36ca1791,2025-04-04T10:00:00Z,United States,USD,ISM Non-Manufacturing Employment,HIGH,46.2,53.0,53.9,nasdaq_economic_calendar
2025-04-04-usd-ism-non-manufacturing-new-orders-bce221f6,2025-04-04T10:00:00Z,United States,USD,ISM Non-Manufacturing New Orders,HIGH,50.4,51.9,52.2,nasdaq_economic_calendar
2025-04-04-usd-ism-non-manufacturing-pmi-9e29c168,2025-04-04T10:00:00Z,United States,USD,ISM Non-Manufacturing PMI,HIGH,50.8,53.0,53.5,nasdaq_economic_calendar
2025-04-04-usd-ism-non-manufacturing-prices-65728b87,2025-04-04T10:00:00Z,United States,USD,ISM Non-Manufacturing Prices,HIGH,60.9,63.1,62.6,nasdaq_economic_calendar
2025-04-05-usd-average-hourly-earnings-1378e833,2025-04-05T08:30:00Z,United States,USD,Average Hourly Earnings,HIGH,0.3%,0.3%,0.2%,nasdaq_economic_calendar
2025-04-05-usd-average-hourly-earnings-yoy-b8163358,2025-04-05T08:30:00Z,United States,USD,Average Hourly Earnings (YoY),HIGH,3.8%,3.9%,4.0%,nasdaq_economic_calendar
2025-04-05-usd-nonfarm-payrolls-aa1b8f10,2025-04-05T08:30:00Z,United States,USD,Nonfarm Payrolls,HIGH,228K,137K,102K,nasdaq_economic_calendar
2025-04-05-usd-private-nonfarm-payrolls-e9bb4212,2025-04-05T08:30:00Z,United States,USD,Private Nonfarm Payrolls,HIGH,209K,127K,116K,nasdaq_economic_calendar
2025-04-05-usd-u6-unemployment-rate-e639b204,2025-04-05T08:30:00Z,United States,USD,U6 Unemployment Rate,HIGH,7.9%,,8.0%,nasdaq_economic_calendar
2025-04-05-usd-unemployment-rate-1ea38b5b,2025-04-05T08:30:00Z,United States,USD,Unemployment Rate,HIGH,4.2%,4.1%,4.1%,nasdaq_economic_calendar
2025-04-08-usd-fomc-member-kugler-speaks-7ad64603,2025-04-08T10:30:00Z,United States,USD,FOMC Member Kugler Speaks,HIGH,,,,nasdaq_economic_calendar
2025-04-09-usd-fomc-member-daly-speaks-18a18023,2025-04-09T14:00:00Z,United States,USD,FOMC Member Daly Speaks,HIGH,,,,nasdaq_economic_calendar
2025-04-10-jpy-boj-gov-ueda-speaks-83e7551f,2025-04-10T02:15:00Z,Japan,JPY,BOJ Gov Ueda Speaks,HIGH,,,,nasdaq_economic_calendar
2025-04-10-usd-fomc-member-barkin-speaks-585b1159,2025-04-10T12:30:00Z,United States,USD,FOMC Member Barkin Speaks,HIGH,,,,nasdaq_economic_calendar
2025-04-10-usd-fomc-meeting-minutes-a15a7e5d,2025-04-10T14:00:00Z,United States,USD,FOMC Meeting Minutes,HIGH,,,,nasdaq_economic_calendar
2025-04-11-usd-cpi-9ab02586,2025-04-11T08:30:00Z,United States,USD,CPI,HIGH,2.4%,2.5%,2.8%,nasdaq_economic_calendar
2025-04-11-usd-cpi-index-n-s-a-52d743b7,2025-04-11T08:30:00Z,United States,USD,"CPI Index, n.s.a.",HIGH,319.80,320.17,319.08,nasdaq_economic_calendar
2025-04-11-usd-cpi-index-s-a-a3d7585d,2025-04-11T08:30:00Z,United States,USD,"CPI Index, s.a",HIGH,319.62,,319.78,nasdaq_economic_calendar
2025-04-11-usd-cpi-n-s-a-0913777c,2025-04-11T08:30:00Z,United States,USD,"CPI, n.s.a",HIGH,0.22%,,0.44%,nasdaq_economic_calendar
2025-04-11-usd-core-cpi-fa87ed54,2025-04-11T08:30:00Z,United States,USD,Core CPI,HIGH,0.1%,0.3%,0.2%,nasdaq_economic_calendar
2025-04-11-usd-core-cpi-index-e67490ff,2025-04-11T08:30:00Z,United States,USD,Core CPI Index,HIGH,325.66,,325.48,nasdaq_economic_calendar
2025-04-11-usd-fomc-member-bowman-speaks-b528b030,2025-04-11T10:00:00Z,United States,USD,FOMC Member Bowman Speaks,HIGH,,,,nasdaq_economic_calendar
2025-04-11-usd-cleveland-cpi-2e58fb27,2025-04-11T11:00:00Z,United States,USD,Cleveland CPI,HIGH,0.3%,,0.3%,nasdaq_economic_calendar
2025-04-11-usd-fomc-member-harker-speaks-34d96465,2025-04-11T12:30:00Z,United States,USD,FOMC Member Harker Speaks,HIGH,,,,nasdaq_economic_calendar
2025-04-12-usd-core-ppi-a44451d5,2025-04-12T08:30:00Z,United States,USD,Core PPI,HIGH,-0.1%,0.3%,0.1%,nasdaq_economic_calendar
2025-04-12-usd-ppi-ec00a178,2025-04-12T08:30:00Z,United States,USD,PPI,HIGH,-0.4%,0.2%,0.1%,nasdaq_economic_calendar
2025-04-12-usd-ppi-ex-food-energy-transport-bd5027ff,2025-04-12T08:30:00Z,United States,USD,PPI ex. Food/Energy/Transport,HIGH,3.4%,,3.5%,nasdaq_economic_calendar
2025-04-12-usd-michigan-consumer-expectations-1ef02a9b,2025-04-12T10:00:00Z,United States,USD,Michigan Consumer Expectations,HIGH,47.2,50.8,52.6,nasdaq_economic_calendar
2025-04-12-usd-michigan-consumer-sentiment-72481bb5,2025-04-12T10:00:00Z,United States,USD,Michigan Consumer Sentiment,HIGH,50.8,54.0,57.0,nasdaq_economic_calendar
2025-04-12-usd-fomc-member-williams-speaks-a6b0e1e3,2025-04-12T11:00:00Z,United States,USD,FOMC Member Williams Speaks,HIGH,,,,nasdaq_economic_calendar
2025-04-15-jpy-industrial-production-57267c1a,2025-04-15T00:30:00Z,Japan,JPY,Industrial Production,HIGH,2.3%,2.5%,-1.1%,nasdaq_economic_calendar
2025-04-15-usd-fomc-member-barkin-speaks-a302df87,2025-04-15T12:00:00Z,United States,USD,FOMC Member Barkin Speaks,HIGH,,,,nasdaq_economic_calendar
2025-04-15-usd-fomc-member-harker-speaks-0942db85,2025-04-15T18:00:00Z,United States,USD,FOMC Member Harker Speaks,HIGH,,,,nasdaq_economic_calendar
2025-04-15-usd-fomc-member-bostic-speaks-d1c3f3a7,2025-04-15T19:40:00Z,United States,USD,FOMC Member Bostic Speaks,HIGH,,,,nasdaq_economic_calendar
2025-04-16-usd-fomc-member-barkin-speaks-1107e29d,2025-04-16T11:35:00Z,United States,USD,FOMC Member Barkin Speaks,HIGH,,,,nasdaq_economic_calendar
2025-04-16-jpy-reuters-tankan-index-77330616,2025-04-16T19:00:00Z,Japan,JPY,Reuters Tankan Index,HIGH,9,,-1,nasdaq_economic_calendar
2025-04-17-usd-core-retail-sales-1402d22f,2025-04-17T08:30:00Z,United States,USD,Core Retail Sales,HIGH,0.5%,0.4%,0.7%,nasdaq_economic_calendar
2025-04-17-usd-retail-sales-47ac8d29,2025-04-17T08:30:00Z,United States,USD,Retail Sales,HIGH,1.4%,1.3%,0.2%,nasdaq_economic_calendar
2025-04-17-usd-retail-sales-ex-gas-autos-152a4b92,2025-04-17T08:30:00Z,United States,USD,Retail Sales Ex Gas/Autos,HIGH,0.8%,,0.8%,nasdaq_economic_calendar
2025-04-17-usd-industrial-production-f1623d85,2025-04-17T09:15:00Z,United States,USD,Industrial Production,HIGH,-0.3%,-0.2%,0.8%,nasdaq_economic_calendar
2025-04-17-jpy-adjusted-trade-balance-bbedfeee,2025-04-17T19:50:00Z,Japan,JPY,Adjusted Trade Balance,HIGH,-0.23T,-0.25T,0.19T,nasdaq_economic_calendar
2025-04-17-jpy-trade-balance-98fa947f,2025-04-17T19:50:00Z,Japan,JPY,Trade Balance,HIGH,544.1B,485.3B,590.5B,nasdaq_economic_calendar
2025-04-17-jpy-boj-board-member-nakagawa-speaks-b68c6128,2025-04-17T21:30:00Z,Japan,JPY,BoJ Board Member Nakagawa Speaks,HIGH,,,,nasdaq_economic_calendar
2025-04-18-jpy-cpi-n-s-a-db55aee4,2025-04-18T19:30:00Z,Japan,JPY,"CPI, n.s.a",HIGH,0.3%,,-0.4%,nasdaq_economic_calendar
2025-04-18-jpy-national-cpi-fb297c0a,2025-04-18T19:30:00Z,Japan,JPY,National CPI,HIGH,3.6%,,3.7%,nasdaq_economic_calendar
2025-04-18-jpy-national-core-cpi-c3d677bd,2025-04-18T19:30:00Z,Japan,JPY,National Core CPI,HIGH,3.2%,3.2%,3.0%,nasdaq_economic_calendar
2025-04-19-usd-fomc-member-daly-speaks-f3270c73,2025-04-19T11:00:00Z,United States,USD,FOMC Member Daly Speaks,HIGH,,,,nasdaq_economic_calendar
2025-04-23-jpy-boj-core-cpi-b725b8f2,2025-04-23T01:00:00Z,Japan,JPY,BoJ Core CPI,HIGH,2.2%,2.4%,2.2%,nasdaq_economic_calendar
2025-04-23-usd-fomc-member-harker-speaks-459aa148,2025-04-23T09:30:00Z,United States,USD,FOMC Member Harker Speaks,HIGH,,,,nasdaq_economic_calendar
2025-04-23-usd-fomc-member-kashkari-speaks-af41c338,2025-04-23T14:00:00Z,United States,USD,FOMC Member Kashkari Speaks,HIGH,,,,nasdaq_economic_calendar
2025-04-23-usd-fomc-member-kugler-speaks-813d3514,2025-04-23T18:00:00Z,United States,USD,FOMC Member Kugler Speaks,HIGH,,,,nasdaq_economic_calendar
2025-04-25-usd-michigan-consumer-expectations-e9dc8921,2025-04-25T10:00:00Z,United States,USD,Michigan Consumer Expectations,HIGH,47.3,47.2,52.6,nasdaq_economic_calendar
2025-04-25-usd-michigan-consumer-sentiment-52386c45,2025-04-25T10:00:00Z,United States,USD,Michigan Consumer Sentiment,HIGH,52.2,50.8,57.0,nasdaq_economic_calendar
2025-04-26-usd-michigan-consumer-expectations-49770f0d,2025-04-26T10:00:00Z,United States,USD,Michigan Consumer Expectations,HIGH,47.3,47.2,52.6,nasdaq_economic_calendar
2025-04-26-usd-michigan-consumer-sentiment-100621ff,2025-04-26T10:00:00Z,United States,USD,Michigan Consumer Sentiment,HIGH,52.2,50.8,57.0,nasdaq_economic_calendar
2025-04-30-usd-cb-consumer-confidence-a022b12a,2025-04-30T10:00:00Z,United States,USD,CB Consumer Confidence,HIGH,86.0,87.7,93.9,nasdaq_economic_calendar
2025-04-30-usd-jolts-job-openings-43b70509,2025-04-30T10:00:00Z,United States,USD,JOLTS Job Openings,HIGH,7.192M,7.490M,7.480M,nasdaq_economic_calendar
2025-04-30-jpy-industrial-production-548a9686,2025-04-30T19:50:00Z,Japan,JPY,Industrial Production,HIGH,-1.1%,-0.5%,2.3%,nasdaq_economic_calendar
2025-04-30-jpy-industrial-production-forecast-1m-ahead-72851435,2025-04-30T19:50:00Z,Japan,JPY,Industrial Production forecast 1m ahead,HIGH,1.3%,,0.6%,nasdaq_economic_calendar
2025-04-30-jpy-industrial-production-forecast-2m-ahead-152b3af8,2025-04-30T19:50:00Z,Japan,JPY,Industrial Production forecast 2m ahead,HIGH,3.9%,,0.1%,nasdaq_economic_calendar
2025-04-30-jpy-large-scale-retail-sales-yoy-dd041861,2025-04-30T19:50:00Z,Japan,JPY,Large Scale Retail Sales YoY,HIGH,3.0%,,2.0%,nasdaq_economic_calendar
2025-04-30-jpy-retail-sales-45fd8d65,2025-04-30T19:50:00Z,Japan,JPY,Retail Sales,HIGH,3.1%,3.6%,1.3%,nasdaq_economic_calendar
2025-05-01-usd-adp-nonfarm-employment-change-db4748a6,2025-05-01T08:15:00Z,United States,USD,ADP Nonfarm Employment Change,HIGH,62K,114K,147K,nasdaq_economic_calendar
2025-05-01-usd-core-pce-prices-9a253c11,2025-05-01T08:30:00Z,United States,USD,Core PCE Prices,HIGH,3.50%,3.10%,2.60%,nasdaq_economic_calendar
2025-05-01-usd-employment-cost-index-c9ee9495,2025-05-01T08:30:00Z,United States,USD,Employment Cost Index,HIGH,0.9%,0.9%,0.9%,nasdaq_economic_calendar
2025-05-01-usd-gdp-e360be1f,2025-05-01T08:30:00Z,United States,USD,GDP,HIGH,-0.3%,0.2%,2.4%,nasdaq_economic_calendar
2025-05-01-usd-gdp-price-index-1383a845,2025-05-01T08:30:00Z,United States,USD,GDP Price Index,HIGH,3.7%,3.1%,2.3%,nasdaq_economic_calendar
2025-05-01-usd-gdp-sales-fd18eb1a,2025-05-01T08:30:00Z,United States,USD,GDP Sales,HIGH,-2.5%,,3.3%,nasdaq_economic_calendar
2025-05-01-usd-pce-prices-80e396c1,2025-05-01T08:30:00Z,United States,USD,PCE Prices,HIGH,3.6%,,2.4%,nasdaq_economic_calendar
2025-05-01-usd-core-pce-price-index-3fbc96d6,2025-05-01T10:00:00Z,United States,USD,Core PCE Price Index,HIGH,0.0%,0.1%,0.5%,nasdaq_economic_calendar
2025-05-01-usd-pce-price-index-a80cf0dd,2025-05-01T10:00:00Z,United States,USD,PCE Price index,HIGH,2.3%,2.2%,2.7%,nasdaq_economic_calendar
2025-05-01-usd-pce-price-index-8dfaeb32,2025-05-01T10:00:00Z,United States,USD,PCE price index,HIGH,0.0%,0.0%,0.4%,nasdaq_economic_calendar
2025-05-01-usd-personal-income-be174e5f,2025-05-01T10:00:00Z,United States,USD,Personal Income,HIGH,0.5%,0.4%,0.7%,nasdaq_economic_calendar
2025-05-01-usd-real-personal-consumption-66d97fec,2025-05-01T10:00:00Z,United States,USD,Real Personal Consumption,HIGH,0.7%,,0.1%,nasdaq_economic_calendar
2025-05-01-jpy-boj-monetary-policy-statement-a332f83d,2025-05-01T22:30:00Z,Japan,JPY,BoJ Monetary Policy Statement,HIGH,,,,nasdaq_economic_calendar
2025-05-01-jpy-boj-interest-rate-decision-5fb83ad7,2025-05-01T23:00:00Z,Japan,JPY,BoJ Interest Rate Decision,HIGH,0.50%,0.50%,0.50%,nasdaq_economic_calendar
2025-05-01-jpy-boj-outlook-report-679ce1f4,2025-05-01T23:00:00Z,Japan,JPY,BoJ Outlook Report,HIGH,,,,nasdaq_economic_calendar
2025-05-02-usd-average-hourly-earnings-f119f90b,2025-05-02T08:30:00Z,United States,USD,Average Hourly Earnings,HIGH,0.2%,0.3%,0.3%,nasdaq_economic_calendar
2025-05-02-usd-average-hourly-earnings-yoy-0cbc648f,2025-05-02T08:30:00Z,United States,USD,Average Hourly Earnings (YoY),HIGH,3.8%,3.9%,3.8%,nasdaq_economic_calendar
2025-05-02-usd-nonfarm-payrolls-b18fdeb7,2025-05-02T08:30:00Z,United States,USD,Nonfarm Payrolls,HIGH,177K,138K,120K,nasdaq_economic_calendar
2025-05-02-usd-private-nonfarm-payrolls-c53d449a,2025-05-02T08:30:00Z,United States,USD,Private Nonfarm Payrolls,HIGH,167K,124K,170K,nasdaq_economic_calendar
2025-05-02-usd-u6-unemployment-rate-10fca7db,2025-05-02T08:30:00Z,United States,USD,U6 Unemployment Rate,HIGH,7.8%,,7.9%,nasdaq_economic_calendar
2025-05-02-usd-unemployment-rate-548bc734,2025-05-02T08:30:00Z,United States,USD,Unemployment Rate,HIGH,4.2%,4.2%,4.2%,nasdaq_economic_calendar
2025-05-05-usd-ism-non-manufacturing-business-activity-050eb387,2025-05-05T10:00:00Z,United States,USD,ISM Non-Manufacturing Business Activity,HIGH,53.7,,55.9,nasdaq_economic_calendar
2025-05-05-usd-ism-non-manufacturing-employment-c1c16173,2025-05-05T10:00:00Z,United States,USD,ISM Non-Manufacturing Employment,HIGH,49.0,47.0,46.2,nasdaq_economic_calendar
2025-05-05-usd-ism-non-manufacturing-new-orders-759b2da9,2025-05-05T10:00:00Z,United States,USD,ISM Non-Manufacturing New Orders,HIGH,52.3,49.2,50.4,nasdaq_economic_calendar
2025-05-05-usd-ism-non-manufacturing-pmi-747557c5,2025-05-05T10:00:00Z,United States,USD,ISM Non-Manufacturing PMI,HIGH,51.6,50.2,50.8,nasdaq_economic_calendar
2025-05-05-usd-ism-non-manufacturing-prices-de8c3099,2025-05-05T10:00:00Z,United States,USD,ISM Non-Manufacturing Prices,HIGH,65.1,61.2,60.9,nasdaq_economic_calendar
2025-05-06-usd-ism-non-manufacturing-business-activity-2e85e447,2025-05-06T10:00:00Z,United States,USD,ISM Non-Manufacturing Business Activity,HIGH,53.7,,55.9,nasdaq_economic_calendar
2025-05-06-usd-ism-non-manufacturing-employment-3d34b38a,2025-05-06T10:00:00Z,United States,USD,ISM Non-Manufacturing Employment,HIGH,49.0,47.0,46.2,nasdaq_economic_calendar
2025-05-06-usd-ism-non-manufacturing-new-orders-af77811f,2025-05-06T10:00:00Z,United States,USD,ISM Non-Manufacturing New Orders,HIGH,52.3,49.2,50.4,nasdaq_economic_calendar
2025-05-06-usd-ism-non-manufacturing-pmi-e4105356,2025-05-06T10:00:00Z,United States,USD,ISM Non-Manufacturing PMI,HIGH,51.6,50.2,50.8,nasdaq_economic_calendar
2025-05-06-usd-ism-non-manufacturing-prices-a61e5985,2025-05-06T10:00:00Z,United States,USD,ISM Non-Manufacturing Prices,HIGH,65.1,61.2,60.9,nasdaq_economic_calendar
2025-05-07-usd-fomc-statement-7614a359,2025-05-07T14:00:00Z,United States,USD,FOMC Statement,HIGH,,,,nasdaq_economic_calendar
2025-05-07-usd-fed-interest-rate-decision-9461416a,2025-05-07T14:00:00Z,United States,USD,Fed Interest Rate Decision,HIGH,4.50%,4.50%,4.50%,nasdaq_economic_calendar
2025-05-07-usd-fomc-press-conference-ae615c13,2025-05-07T14:30:00Z,United States,USD,FOMC Press Conference,HIGH,,,,nasdaq_economic_calendar
2025-05-07-jpy-monetary-policy-meeting-minutes-b9d1937b,2025-05-07T19:50:00Z,Japan,JPY,Monetary Policy Meeting Minutes,HIGH,,,,nasdaq_economic_calendar
2025-05-08-usd-fomc-statement-a5683d6d,2025-05-08T14:00:00Z,United States,USD,FOMC Statement,HIGH,,,,nasdaq_economic_calendar
2025-05-08-usd-fed-interest-rate-decision-296c56b1,2025-05-08T14:00:00Z,United States,USD,Fed Interest Rate Decision,HIGH,4.50%,4.50%,4.50%,nasdaq_economic_calendar
2025-05-08-usd-fomc-press-conference-7e421934,2025-05-08T14:30:00Z,United States,USD,FOMC Press Conference,HIGH,,,,nasdaq_economic_calendar
2025-05-08-jpy-monetary-policy-meeting-minutes-2662c80a,2025-05-08T19:50:00Z,Japan,JPY,Monetary Policy Meeting Minutes,HIGH,,,,nasdaq_economic_calendar
2025-05-09-usd-nonfarm-productivity-dabaf197,2025-05-09T08:30:00Z,United States,USD,Nonfarm Productivity,HIGH,-0.8%,-0.4%,1.7%,nasdaq_economic_calendar
2025-05-10-usd-fomc-member-williams-speaks-9bdb6219,2025-05-10T06:15:00Z,United States,USD,FOMC Member Williams Speaks,HIGH,,,,nasdaq_economic_calendar
2025-05-10-usd-fomc-member-kugler-speaks-4744b5a7,2025-05-10T06:45:00Z,United States,USD,FOMC Member Kugler Speaks,HIGH,,,,nasdaq_economic_calendar
2025-05-10-usd-fomc-member-barkin-speaks-584c16d0,2025-05-10T08:30:00Z,United States,USD,FOMC Member Barkin Speaks,HIGH,,,,nasdaq_economic_calendar
2025-05-10-usd-fomc-member-williams-speaks-55d1b2fd,2025-05-10T08:30:00Z,United States,USD,FOMC Member Williams Speaks,HIGH,,,,nasdaq_economic_calendar
2025-05-10-usd-fomc-member-williams-speaks-a53347b5,2025-05-10T11:30:00Z,United States,USD,FOMC Member Williams Speaks,HIGH,,,,nasdaq_economic_calendar
2025-05-12-usd-fomc-member-kugler-speaks-18a8ac85,2025-05-12T10:25:00Z,United States,USD,FOMC Member Kugler Speaks,HIGH,,,,nasdaq_economic_calendar
2025-05-12-jpy-boj-summary-of-opinions-79055cfb,2025-05-12T19:50:00Z,Japan,JPY,BoJ Summary of Opinions,HIGH,,,,nasdaq_economic_calendar
2025-05-13-usd-fomc-member-kugler-speaks-a85968fc,2025-05-13T10:25:00Z,United States,USD,FOMC Member Kugler Speaks,HIGH,,,,nasdaq_economic_calendar
2025-05-13-jpy-boj-summary-of-opinions-9fce5bd1,2025-05-13T19:50:00Z,Japan,JPY,BoJ Summary of Opinions,HIGH,,,,nasdaq_economic_calendar
2025-05-14-usd-cpi-6dc86160,2025-05-14T08:30:00Z,United States,USD,CPI,HIGH,0.2%,0.3%,-0.1%,nasdaq_economic_calendar
2025-05-14-usd-cpi-index-n-s-a-ce73ce1a,2025-05-14T08:30:00Z,United States,USD,"CPI Index, n.s.a.",HIGH,320.80,320.86,319.80,nasdaq_economic_calendar
2025-05-14-usd-cpi-index-s-a-03bfb133,2025-05-14T08:30:00Z,United States,USD,"CPI Index, s.a",HIGH,320.32,,319.62,nasdaq_economic_calendar
2025-05-14-usd-cpi-n-s-a-97b72629,2025-05-14T08:30:00Z,United States,USD,"CPI, n.s.a",HIGH,0.31%,,0.22%,nasdaq_economic_calendar
2025-05-14-usd-core-cpi-eb5d5e76,2025-05-14T08:30:00Z,United States,USD,Core CPI,HIGH,0.2%,0.3%,0.1%,nasdaq_economic_calendar
2025-05-14-usd-core-cpi-index-8d42cd40,2025-05-14T08:30:00Z,United States,USD,Core CPI Index,HIGH,326.43,,325.66,nasdaq_economic_calendar
2025-05-14-usd-cleveland-cpi-1e954438,2025-05-14T11:00:00Z,United States,USD,Cleveland CPI,HIGH,0.3%,,0.3%,nasdaq_economic_calendar
2025-05-15-usd-core-ppi-da1d64b5,2025-05-15T08:30:00Z,United States,USD,Core PPI,HIGH,-0.4%,0.3%,0.4%,nasdaq_economic_calendar
2025-05-15-usd-core-retail-sales-9f71a835,2025-05-15T08:30:00Z,United States,USD,Core Retail Sales,HIGH,0.1%,0.3%,0.8%,nasdaq_economic_calendar
2025-05-15-usd-ppi-7462c88b,2025-05-15T08:30:00Z,United States,USD,PPI,HIGH,-0.5%,0.2%,0.0%,nasdaq_economic_calendar
2025-05-15-usd-ppi-ex-food-energy-transport-7799f60a,2025-05-15T08:30:00Z,United States,USD,PPI ex. Food/Energy/Transport,HIGH,2.9%,,3.5%,nasdaq_economic_calendar
2025-05-15-usd-retail-sales-913bba67,2025-05-15T08:30:00Z,United States,USD,Retail Sales,HIGH,0.1%,0.0%,1.7%,nasdaq_economic_calendar
2025-05-15-usd-retail-sales-ex-gas-autos-fe104ec6,2025-05-15T08:30:00Z,United States,USD,Retail Sales Ex Gas/Autos,HIGH,0.2%,,1.1%,nasdaq_economic_calendar
2025-05-15-usd-industrial-production-c718211b,2025-05-15T09:15:00Z,United States,USD,Industrial Production,HIGH,0.0%,0.2%,-0.3%,nasdaq_economic_calendar
2025-05-15-jpy-gdp-a8672da1,2025-05-15T19:50:00Z,Japan,JPY,GDP,HIGH,-0.2%,-0.1%,0.6%,nasdaq_economic_calendar
2025-05-15-jpy-gdp-annualized-74bd3bc1,2025-05-15T19:50:00Z,Japan,JPY,GDP Annualized,HIGH,-0.7%,,2.4%,nasdaq_economic_calendar
2025-05-15-jpy-gdp-capital-expenditure-1620e7d5,2025-05-15T19:50:00Z,Japan,JPY,GDP Capital Expenditure,HIGH,1.4%,0.8%,0.8%,nasdaq_economic_calendar
2025-05-15-jpy-gdp-external-demand-cf8bbf46,2025-05-15T19:50:00Z,Japan,JPY,GDP External Demand,HIGH,-0.8%,-0.6%,0.7%,nasdaq_economic_calendar
2025-05-15-jpy-gdp-price-index-7bd92253,2025-05-15T19:50:00Z,Japan,JPY,GDP Price Index,HIGH,3.2%,3.2%,2.9%,nasdaq_economic_calendar
2025-05-15-jpy-gdp-private-consumption-b40e53be,2025-05-15T19:50:00Z,Japan,JPY,GDP Private Consumption,HIGH,0.0%,0.1%,0.1%,nasdaq_economic_calendar
2025-05-16-jpy-industrial-production-aadb4aec,2025-05-16T00:30:00Z,Japan,JPY,Industrial Production,HIGH,0.2%,-1.1%,2.3%,nasdaq_economic_calendar
2025-05-16-usd-michigan-consumer-expectations-481aac52,2025-05-16T10:00:00Z,United States,USD,Michigan Consumer Expectations,HIGH,46.5,48.0,47.3,nasdaq_economic_calendar
2025-05-16-usd-michigan-consumer-sentiment-9e736446,2025-05-16T10:00:00Z,United States,USD,Michigan Consumer Sentiment,HIGH,50.8,53.1,52.2,nasdaq_economic_calendar
2025-05-16-usd-fomc-member-daly-speaks-5d38d7ae,2025-05-16T21:40:00Z,United States,USD,FOMC Member Daly Speaks,HIGH,,,,nasdaq_economic_calendar
2025-05-17-jpy-industrial-production-c15daf72,2025-05-17T00:30:00Z,Japan,JPY,Industrial Production,HIGH,0.2%,-1.1%,2.3%,nasdaq_economic_calendar
2025-05-17-usd-michigan-consumer-expectations-bffc6abe,2025-05-17T10:00:00Z,United States,USD,Michigan Consumer Expectations,HIGH,46.5,48.0,47.3,nasdaq_economic_calendar
2025-05-17-usd-michigan-consumer-sentiment-327d4265,2025-05-17T10:00:00Z,United States,USD,Michigan Consumer Sentiment,HIGH,50.8,53.1,52.2,nasdaq_economic_calendar
2025-05-17-usd-fomc-member-daly-speaks-dcd25083,2025-05-17T21:40:00Z,United States,USD,FOMC Member Daly Speaks,HIGH,,,,nasdaq_economic_calendar
2025-05-19-usd-fomc-member-williams-speaks-e2141426,2025-05-19T17:20:00Z,United States,USD,FOMC Member Williams Speaks,HIGH,,,,nasdaq_economic_calendar
2025-05-20-usd-fomc-member-barkin-speaks-aa503072,2025-05-20T09:00:00Z,United States,USD,FOMC Member Barkin Speaks,HIGH,,,,nasdaq_economic_calendar
2025-05-20-usd-fomc-member-bostic-speaks-9648409c,2025-05-20T09:00:00Z,United States,USD,FOMC Member Bostic Speaks,HIGH,,,,nasdaq_economic_calendar
2025-05-20-usd-fomc-member-kugler-speaks-895599d8,2025-05-20T17:00:00Z,United States,USD,FOMC Member Kugler Speaks,HIGH,,,,nasdaq_economic_calendar
2025-05-20-jpy-reuters-tankan-index-8bddd9d2,2025-05-20T19:00:00Z,Japan,JPY,Reuters Tankan Index,HIGH,8,,9,nasdaq_economic_calendar
2025-05-20-usd-fomc-member-daly-speaks-c2a006a4,2025-05-20T19:00:00Z,United States,USD,FOMC Member Daly Speaks,HIGH,,,,nasdaq_economic_calendar
2025-05-20-jpy-adjusted-trade-balance-bb581206,2025-05-20T19:50:00Z,Japan,JPY,Adjusted Trade Balance,HIGH,-0.41T,-0.24T,-0.29T,nasdaq_economic_calendar
2025-05-20-jpy-trade-balance-188b7c17,2025-05-20T19:50:00Z,Japan,JPY,Trade Balance,HIGH,-115.8B,227.1B,559.4B,nasdaq_economic_calendar
2025-05-21-usd-fomc-member-barkin-speaks-719e2ba5,2025-05-21T12:00:00Z,United States,USD,FOMC Member Barkin Speaks,HIGH,,,,nasdaq_economic_calendar
2025-05-21-usd-fomc-member-bowman-speaks-ee16b5fd,2025-05-21T12:15:00Z,United States,USD,FOMC Member Bowman Speaks,HIGH,,,,nasdaq_economic_calendar
2025-05-21-jpy-boj-board-member-noguchi-speaks-257363e5,2025-05-21T21:30:00Z,Japan,JPY,BoJ Board Member Noguchi Speaks,HIGH,,,,nasdaq_economic_calendar
2025-05-22-usd-fomc-member-williams-speaks-c0bd0250,2025-05-22T14:00:00Z,United States,USD,FOMC Member Williams Speaks,HIGH,,,,nasdaq_economic_calendar
2025-05-22-jpy-cpi-n-s-a-8b5c196d,2025-05-22T19:30:00Z,Japan,JPY,"CPI, n.s.a",HIGH,0.4%,,0.3%,nasdaq_economic_calendar
2025-05-22-jpy-national-cpi-c9f1d783,2025-05-22T19:30:00Z,Japan,JPY,National CPI,HIGH,3.6%,,3.6%,nasdaq_economic_calendar
2025-05-22-jpy-national-core-cpi-a21d5a46,2025-05-22T19:30:00Z,Japan,JPY,National Core CPI,HIGH,3.5%,3.4%,3.2%,nasdaq_economic_calendar
2025-05-23-usd-fomc-member-williams-speaks-ec72f943,2025-05-23T14:00:00Z,United States,USD,FOMC Member Williams Speaks,HIGH,,,,nasdaq_economic_calendar
2025-05-23-jpy-cpi-n-s-a-a2ac01ec,2025-05-23T19:30:00Z,Japan,JPY,"CPI, n.s.a",HIGH,0.4%,,0.3%,nasdaq_economic_calendar
2025-05-23-jpy-national-cpi-ed46213b,2025-05-23T19:30:00Z,Japan,JPY,National CPI,HIGH,3.6%,,3.6%,nasdaq_economic_calendar
2025-05-23-jpy-national-core-cpi-09313200,2025-05-23T19:30:00Z,Japan,JPY,National Core CPI,HIGH,3.5%,3.4%,3.2%,nasdaq_economic_calendar
2025-05-28-jpy-boj-core-cpi-80f57056,2025-05-28T01:00:00Z,Japan,JPY,BoJ Core CPI,HIGH,2.4%,2.3%,2.2%,nasdaq_economic_calendar
2025-05-28-usd-fomc-member-kashkari-speaks-4eb0d7f4,2025-05-28T04:00:00Z,United States,USD,FOMC Member Kashkari Speaks,HIGH,,,,nasdaq_economic_calendar
2025-05-28-usd-core-durable-goods-orders-0455d75a,2025-05-28T08:30:00Z,United States,USD,Core Durable Goods Orders,HIGH,0.2%,-0.1%,-0.2%,nasdaq_economic_calendar
2025-05-28-usd-durable-goods-orders-c1eb5f20,2025-05-28T08:30:00Z,United States,USD,Durable Goods Orders,HIGH,-6.3%,-7.6%,7.6%,nasdaq_economic_calendar
2025-05-28-usd-cb-consumer-confidence-08dc348d,2025-05-28T10:00:00Z,United States,USD,CB Consumer Confidence,HIGH,98.0,87.1,85.7,nasdaq_economic_calendar
2025-05-28-usd-fomc-member-williams-speaks-9d8e802e,2025-05-28T20:00:00Z,United States,USD,FOMC Member Williams Speaks,HIGH,,,,nasdaq_economic_calendar
2025-05-29-usd-fomc-member-kashkari-speaks-c9591284,2025-05-29T04:00:00Z,United States,USD,FOMC Member Kashkari Speaks,HIGH,,,,nasdaq_economic_calendar
2025-05-29-usd-fomc-member-barkin-speaks-8fcd7d5b,2025-05-29T08:30:00Z,United States,USD,FOMC Member Barkin Speaks,HIGH,,,,nasdaq_economic_calendar
2025-05-29-usd-fomc-member-williams-speaks-2b848611,2025-05-29T09:00:00Z,United States,USD,FOMC Member Williams Speaks,HIGH,,,,nasdaq_economic_calendar
2025-05-29-usd-fomc-meeting-minutes-129a258d,2025-05-29T14:00:00Z,United States,USD,FOMC Meeting Minutes,HIGH,,,,nasdaq_economic_calendar
2025-05-30-usd-core-pce-prices-28104426,2025-05-30T08:30:00Z,United States,USD,Core PCE Prices,HIGH,3.40%,3.50%,2.60%,nasdaq_economic_calendar
2025-05-30-usd-fomc-member-barkin-speaks-a50ead36,2025-05-30T08:30:00Z,United States,USD,FOMC Member Barkin Speaks,HIGH,,,,nasdaq_economic_calendar
2025-05-30-usd-gdp-2c1d171d,2025-05-30T08:30:00Z,United States,USD,GDP,HIGH,-0.2%,-0.3%,2.4%,nasdaq_economic_calendar
2025-05-30-usd-gdp-price-index-1715b72f,2025-05-30T08:30:00Z,United States,USD,GDP Price Index,HIGH,3.7%,3.7%,2.3%,nasdaq_economic_calendar
2025-05-30-usd-gdp-sales-af190bb1,2025-05-30T08:30:00Z,United States,USD,GDP Sales,HIGH,-2.9%,-2.5%,3.3%,nasdaq_economic_calendar
2025-05-30-usd-pce-prices-633eea6a,2025-05-30T08:30:00Z,United States,USD,PCE Prices,HIGH,3.6%,3.6%,2.4%,nasdaq_economic_calendar
2025-05-30-usd-fomc-member-kugler-speaks-2b8fd651,2025-05-30T14:00:00Z,United States,USD,FOMC Member Kugler Speaks,HIGH,,,,nasdaq_economic_calendar
2025-05-30-usd-fomc-member-daly-speaks-8a425a65,2025-05-30T16:00:00Z,United States,USD,FOMC Member Daly Speaks,HIGH,,,,nasdaq_economic_calendar
2025-05-30-jpy-cpi-tokyo-ex-food-energy-651f377c,2025-05-30T19:30:00Z,Japan,JPY,CPI Tokyo Ex Food & Energy,HIGH,2.1%,,2.0%,nasdaq_economic_calendar
2025-05-30-jpy-cpi-tokyo-ex-food-and-energy-673eedce,2025-05-30T19:30:00Z,Japan,JPY,CPI Tokyo Ex Food and Energy,HIGH,0.1%,,0.7%,nasdaq_economic_calendar
2025-05-30-jpy-tokyo-cpi-2adf167f,2025-05-30T19:30:00Z,Japan,JPY,Tokyo CPI,HIGH,3.4%,,3.4%,nasdaq_economic_calendar
2025-05-30-jpy-tokyo-core-cpi-1dc6c77c,2025-05-30T19:30:00Z,Japan,JPY,Tokyo Core CPI,HIGH,3.6%,3.5%,3.4%,nasdaq_economic_calendar
2025-05-30-jpy-industrial-production-a4063f68,2025-05-30T19:50:00Z,Japan,JPY,Industrial Production,HIGH,-0.9%,-1.4%,0.2%,nasdaq_economic_calendar
2025-05-30-jpy-industrial-production-forecast-1m-ahead-ae94716d,2025-05-30T19:50:00Z,Japan,JPY,Industrial Production forecast 1m ahead,HIGH,9.0%,,1.3%,nasdaq_economic_calendar
2025-05-30-jpy-industrial-production-forecast-2m-ahead-2ab52254,2025-05-30T19:50:00Z,Japan,JPY,Industrial Production forecast 2m ahead,HIGH,-3.4%,,3.9%,nasdaq_economic_calendar
2025-05-30-jpy-large-scale-retail-sales-yoy-ecf414d1,2025-05-30T19:50:00Z,Japan,JPY,Large Scale Retail Sales YoY,HIGH,3.0%,,3.0%,nasdaq_economic_calendar
2025-05-30-jpy-retail-sales-1360b4bf,2025-05-30T19:50:00Z,Japan,JPY,Retail Sales,HIGH,3.3%,2.9%,3.1%,nasdaq_economic_calendar
2025-05-31-usd-core-pce-price-index-07a5aee3,2025-05-31T08:30:00Z,United States,USD,Core PCE Price Index,HIGH,0.1%,0.1%,0.1%,nasdaq_economic_calendar
2025-05-31-usd-pce-price-index-78f0274c,2025-05-31T08:30:00Z,United States,USD,PCE Price index,HIGH,2.1%,2.2%,2.3%,nasdaq_economic_calendar
2025-05-31-usd-pce-price-index-197693e4,2025-05-31T08:30:00Z,United States,USD,PCE price index,HIGH,0.1%,0.1%,0.0%,nasdaq_economic_calendar
2025-05-31-usd-personal-income-a58afcc8,2025-05-31T08:30:00Z,United States,USD,Personal Income,HIGH,0.8%,0.3%,0.7%,nasdaq_economic_calendar
2025-05-31-usd-real-personal-consumption-4f465410,2025-05-31T08:30:00Z,United States,USD,Real Personal Consumption,HIGH,0.1%,,0.7%,nasdaq_economic_calendar
2025-05-31-usd-michigan-consumer-expectations-14c763d4,2025-05-31T10:00:00Z,United States,USD,Michigan Consumer Expectations,HIGH,47.9,46.5,47.3,nasdaq_economic_calendar
2025-05-31-usd-michigan-consumer-sentiment-a054bd06,2025-05-31T10:00:00Z,United States,USD,Michigan Consumer Sentiment,HIGH,52.2,50.8,52.2,nasdaq_economic_calendar
2025-05-31-usd-fomc-member-bostic-speaks-12b8eb4d,2025-05-31T12:20:00Z,United States,USD,FOMC Member Bostic Speaks,HIGH,,,,nasdaq_economic_calendar
2025-06-03-usd-ism-manufacturing-employment-ea320536,2025-06-03T10:00:00Z,United States,USD,ISM Manufacturing Employment,HIGH,46.8,,46.5,nasdaq_economic_calendar
2025-06-03-usd-ism-manufacturing-new-orders-index-2ff9d5a1,2025-06-03T10:00:00Z,United States,USD,ISM Manufacturing New Orders Index,HIGH,47.6,,47.2,nasdaq_economic_calendar
2025-06-03-usd-ism-manufacturing-pmi-9bb7df5c,2025-06-03T10:00:00Z,United States,USD,ISM Manufacturing PMI,HIGH,48.5,49.3,48.7,nasdaq_economic_calendar
2025-06-03-usd-ism-manufacturing-prices-366e5fda,2025-06-03T10:00:00Z,United States,USD,ISM Manufacturing Prices,HIGH,69.4,70.2,69.8,nasdaq_economic_calendar
2025-06-04-jpy-boj-gov-ueda-speaks-dc422b44,2025-06-04T03:50:00Z,Japan,JPY,BOJ Gov Ueda Speaks,HIGH,,,,nasdaq_economic_calendar
2025-06-04-usd-jolts-job-openings-8f7a7123,2025-06-04T10:00:00Z,United States,USD,JOLTS Job Openings,HIGH,7.391M,7.110M,7.200M,nasdaq_economic_calendar
2025-06-05-usd-adp-nonfarm-employment-change-0d3bca4a,2025-06-05T08:15:00Z,United States,USD,ADP Nonfarm Employment Change,HIGH,37K,111K,60K,nasdaq_economic_calendar
2025-06-05-usd-fomc-member-bostic-speaks-a8c74e0f,2025-06-05T08:30:00Z,United States,USD,FOMC Member Bostic Speaks,HIGH,,,,nasdaq_economic_calendar
2025-06-05-usd-ism-non-manufacturing-business-activity-8c8489cc,2025-06-05T10:00:00Z,United States,USD,ISM Non-Manufacturing Business Activity,HIGH,50.0,,53.7,nasdaq_economic_calendar
2025-06-05-usd-ism-non-manufacturing-employment-c420ef1f,2025-06-05T10:00:00Z,United States,USD,ISM Non-Manufacturing Employment,HIGH,50.7,49.0,49.0,nasdaq_economic_calendar
2025-06-05-usd-ism-non-manufacturing-new-orders-36d2114f,2025-06-05T10:00:00Z,United States,USD,ISM Non-Manufacturing New Orders,HIGH,46.4,52.3,52.3,nasdaq_economic_calendar
2025-06-05-usd-ism-non-manufacturing-pmi-4287207e,2025-06-05T10:00:00Z,United States,USD,ISM Non-Manufacturing PMI,HIGH,49.9,52.0,51.6,nasdaq_economic_calendar
2025-06-05-usd-ism-non-manufacturing-prices-1b36f67a,2025-06-05T10:00:00Z,United States,USD,ISM Non-Manufacturing Prices,HIGH,68.7,65.1,65.1,nasdaq_economic_calendar
2025-06-06-usd-nonfarm-productivity-ab216040,2025-06-06T08:30:00Z,United States,USD,Nonfarm Productivity,HIGH,-1.5%,-0.8%,-1.7%,nasdaq_economic_calendar
2025-06-06-usd-fomc-member-kugler-speaks-4d6cc978,2025-06-06T12:00:00Z,United States,USD,FOMC Member Kugler Speaks,HIGH,,,,nasdaq_economic_calendar
2025-06-06-usd-fomc-member-harker-speaks-375ce04c,2025-06-06T13:30:00Z,United States,USD,FOMC Member Harker Speaks,HIGH,,,,nasdaq_economic_calendar
2025-06-07-usd-average-hourly-earnings-a93dfd6e,2025-06-07T08:30:00Z,United States,USD,Average Hourly Earnings,HIGH,0.4%,0.3%,0.2%,nasdaq_economic_calendar
2025-06-07-usd-average-hourly-earnings-yoy-220c4b13,2025-06-07T08:30:00Z,United States,USD,Average Hourly Earnings (YoY),HIGH,3.9%,3.7%,3.9%,nasdaq_economic_calendar
2025-06-07-usd-nonfarm-payrolls-b2ac8bce,2025-06-07T08:30:00Z,United States,USD,Nonfarm Payrolls,HIGH,139K,126K,158K,nasdaq_economic_calendar
2025-06-07-usd-private-nonfarm-payrolls-0f9d4935,2025-06-07T08:30:00Z,United States,USD,Private Nonfarm Payrolls,HIGH,140K,110K,146K,nasdaq_economic_calendar
2025-06-07-usd-u6-unemployment-rate-7ff41231,2025-06-07T08:30:00Z,United States,USD,U6 Unemployment Rate,HIGH,7.8%,,7.8%,nasdaq_economic_calendar
2025-06-07-usd-unemployment-rate-d98eaff3,2025-06-07T08:30:00Z,United States,USD,Unemployment Rate,HIGH,4.2%,4.2%,4.2%,nasdaq_economic_calendar
2025-06-07-usd-fomc-member-bowman-speaks-97e8dba6,2025-06-07T10:00:00Z,United States,USD,FOMC Member Bowman Speaks,HIGH,,,,nasdaq_economic_calendar
2025-06-09-jpy-gdp-f1702d4f,2025-06-09T19:50:00Z,Japan,JPY,GDP,HIGH,0.0%,-0.2%,0.6%,nasdaq_economic_calendar
2025-06-09-jpy-gdp-annualized-acc0ca93,2025-06-09T19:50:00Z,Japan,JPY,GDP Annualized,HIGH,-0.2%,-0.7%,2.2%,nasdaq_economic_calendar
2025-06-09-jpy-gdp-capital-expenditure-5339c654,2025-06-09T19:50:00Z,Japan,JPY,GDP Capital Expenditure,HIGH,1.1%,1.4%,0.6%,nasdaq_economic_calendar
2025-06-09-jpy-gdp-external-demand-d46da024,2025-06-09T19:50:00Z,Japan,JPY,GDP External Demand,HIGH,-0.8%,-0.8%,0.7%,nasdaq_economic_calendar
2025-06-09-jpy-gdp-price-index-71075534,2025-06-09T19:50:00Z,Japan,JPY,GDP Price Index,HIGH,3.3%,3.2%,2.9%,nasdaq_economic_calendar
2025-06-09-jpy-gdp-private-consumption-72526e41,2025-06-09T19:50:00Z,Japan,JPY,GDP Private Consumption,HIGH,0.1%,0.0%,0.1%,nasdaq_economic_calendar
2025-06-12-usd-cpi-956bb980,2025-06-12T08:30:00Z,United States,USD,CPI,HIGH,0.1%,0.2%,0.2%,nasdaq_economic_calendar
2025-06-12-usd-cpi-index-n-s-a-2f54aa2c,2025-06-12T08:30:00Z,United States,USD,"CPI Index, n.s.a.",HIGH,321.47,321.73,320.80,nasdaq_economic_calendar
2025-06-12-usd-cpi-index-s-a-f398f007,2025-06-12T08:30:00Z,United States,USD,"CPI Index, s.a",HIGH,320.58,,320.32,nasdaq_economic_calendar
2025-06-12-usd-cpi-n-s-a-a2209cad,2025-06-12T08:30:00Z,United States,USD,"CPI, n.s.a",HIGH,0.21%,,0.31%,nasdaq_economic_calendar
2025-06-12-usd-core-cpi-35ed80ed,2025-06-12T08:30:00Z,United States,USD,Core CPI,HIGH,2.8%,2.9%,2.8%,nasdaq_economic_calendar
2025-06-12-usd-core-cpi-index-b111cba2,2025-06-12T08:30:00Z,United States,USD,Core CPI Index,HIGH,326.85,327.32,326.43,nasdaq_economic_calendar
2025-06-12-usd-cleveland-cpi-eea371db,2025-06-12T11:00:00Z,United States,USD,Cleveland CPI,HIGH,0.2%,,0.3%,nasdaq_economic_calendar
2025-06-13-usd-core-ppi-c45d1184,2025-06-13T08:30:00Z,United States,USD,Core PPI,HIGH,0.1%,0.3%,-0.2%,nasdaq_economic_calendar
2025-06-13-usd-ppi-48b76795,2025-06-13T08:30:00Z,United States,USD,PPI,HIGH,0.1%,0.2%,-0.2%,nasdaq_economic_calendar
2025-06-13-usd-ppi-ex-food-energy-transport-6fdd8c81,2025-06-13T08:30:00Z,United States,USD,PPI ex. Food/Energy/Transport,HIGH,2.7%,,2.9%,nasdaq_economic_calendar
2025-06-14-jpy-industrial-production-021ec46b,2025-06-14T00:30:00Z,Japan,JPY,Industrial Production,HIGH,-1.1%,-1.2%,0.2%,nasdaq_economic_calendar
2025-06-14-usd-michigan-consumer-expectations-4176de8a,2025-06-14T10:00:00Z,United States,USD,Michigan Consumer Expectations,HIGH,58.4,49.0,47.9,nasdaq_economic_calendar
2025-06-14-usd-michigan-consumer-sentiment-05cc2b8a,2025-06-14T10:00:00Z,United States,USD,Michigan Consumer Sentiment,HIGH,60.5,53.5,52.2,nasdaq_economic_calendar
2025-06-17-jpy-boj-monetary-policy-statement-2ee4f87b,2025-06-17T22:30:00Z,Japan,JPY,BoJ Monetary Policy Statement,HIGH,,,,nasdaq_economic_calendar
2025-06-17-jpy-boj-interest-rate-decision-4e07ff81,2025-06-17T23:00:00Z,Japan,JPY,BoJ Interest Rate Decision,HIGH,0.50%,0.50%,0.50%,nasdaq_economic_calendar
2025-06-18-jpy-boj-press-conference-e2e35f8e,2025-06-18T02:30:00Z,Japan,JPY,BoJ Press Conference,HIGH,,,,nasdaq_economic_calendar
2025-06-18-usd-core-retail-sales-35407d06,2025-06-18T08:30:00Z,United States,USD,Core Retail Sales,HIGH,-0.3%,0.2%,0.0%,nasdaq_economic_calendar
2025-06-18-usd-retail-sales-23649802,2025-06-18T08:30:00Z,United States,USD,Retail Sales,HIGH,-0.9%,-0.5%,-0.1%,nasdaq_economic_calendar
2025-06-18-usd-retail-sales-ex-gas-autos-8803e989,2025-06-18T08:30:00Z,United States,USD,Retail Sales Ex Gas/Autos,HIGH,-0.1%,,0.1%,nasdaq_economic_calendar
2025-06-18-usd-industrial-production-b13da77b,2025-06-18T09:15:00Z,United States,USD,Industrial Production,HIGH,-0.2%,0.0%,0.1%,nasdaq_economic_calendar
2025-06-18-jpy-reuters-tankan-index-2dbc44b3,2025-06-18T19:00:00Z,Japan,JPY,Reuters Tankan Index,HIGH,6,,8,nasdaq_economic_calendar
2025-06-18-jpy-adjusted-trade-balance-f6a4845c,2025-06-18T19:50:00Z,Japan,JPY,Adjusted Trade Balance,HIGH,-0.31T,-0.37T,-0.35T,nasdaq_economic_calendar
2025-06-18-jpy-trade-balance-4c51cb9f,2025-06-18T19:50:00Z,Japan,JPY,Trade Balance,HIGH,-637.6B,-893.0B,-115.6B,nasdaq_economic_calendar
2025-06-19-usd-fomc-economic-projections-a85f801e,2025-06-19T14:00:00Z,United States,USD,FOMC Economic Projections,HIGH,,,,nasdaq_economic_calendar
2025-06-19-usd-fomc-statement-a3c212c2,2025-06-19T14:00:00Z,United States,USD,FOMC Statement,HIGH,,,,nasdaq_economic_calendar
2025-06-19-usd-fed-interest-rate-decision-12209b59,2025-06-19T14:00:00Z,United States,USD,Fed Interest Rate Decision,HIGH,4.50%,4.50%,4.50%,nasdaq_economic_calendar
2025-06-19-usd-fomc-press-conference-72a99e34,2025-06-19T14:30:00Z,United States,USD,FOMC Press Conference,HIGH,,,,nasdaq_economic_calendar
2025-06-20-jpy-cpi-n-s-a-449a9f23,2025-06-20T19:30:00Z,Japan,JPY,"CPI, n.s.a",HIGH,0.3%,,0.4%,nasdaq_economic_calendar
2025-06-20-jpy-national-cpi-0bcacc28,2025-06-20T19:30:00Z,Japan,JPY,National CPI,HIGH,3.5%,3.5%,3.6%,nasdaq_economic_calendar
2025-06-20-jpy-national-core-cpi-661b02cd,2025-06-20T19:30:00Z,Japan,JPY,National Core CPI,HIGH,3.7%,3.6%,3.5%,nasdaq_economic_calendar
2025-06-20-jpy-monetary-policy-meeting-minutes-35ed882e,2025-06-20T19:50:00Z,Japan,JPY,Monetary Policy Meeting Minutes,HIGH,,,,nasdaq_economic_calendar
2025-06-21-jpy-boj-gov-ueda-speaks-1dd0f2fd,2025-06-21T02:40:00Z,Japan,JPY,BOJ Gov Ueda Speaks,HIGH,,,,nasdaq_economic_calendar
2025-06-23-usd-fomc-member-daly-speaks-9aa89c0a,2025-06-23T13:15:00Z,United States,USD,FOMC Member Daly Speaks,HIGH,,,,nasdaq_economic_calendar
2025-06-24-usd-fomc-member-bowman-speaks-7c64b03b,2025-06-24T10:00:00Z,United States,USD,FOMC Member Bowman Speaks,HIGH,,,,nasdaq_economic_calendar
2025-06-24-usd-fomc-member-kugler-speaks-68bb107e,2025-06-24T14:30:00Z,United States,USD,FOMC Member Kugler Speaks,HIGH,,,,nasdaq_economic_calendar
2025-06-24-usd-fomc-member-williams-speaks-347c650d,2025-06-24T14:30:00Z,United States,USD,FOMC Member Williams Speaks,HIGH,,,,nasdaq_economic_calendar
2025-06-25-jpy-boj-core-cpi-6e26b7ec,2025-06-25T01:00:00Z,Japan,JPY,BoJ Core CPI,HIGH,2.5%,2.5%,2.4%,nasdaq_economic_calendar
2025-06-25-usd-cb-consumer-confidence-35512dde,2025-06-25T10:00:00Z,United States,USD,CB Consumer Confidence,HIGH,93.0,99.4,98.4,nasdaq_economic_calendar
2025-06-25-usd-fomc-member-williams-speaks-9d85a983,2025-06-25T12:30:00Z,United States,USD,FOMC Member Williams Speaks,HIGH,,,,nasdaq_economic_calendar
2025-06-25-jpy-boj-summary-of-opinions-569b43d6,2025-06-25T19:50:00Z,Japan,JPY,BoJ Summary of Opinions,HIGH,,,,nasdaq_economic_calendar
2025-06-25-jpy-boj-tamura-speaks-afbb88a7,2025-06-25T21:00:00Z,Japan,JPY,BoJ Tamura Speaks,HIGH,,,,nasdaq_economic_calendar
2025-06-27-usd-fomc-member-barkin-speaks-fc4e91ad,2025-06-27T08:00:00Z,United States,USD,FOMC Member Barkin Speaks,HIGH,,,,nasdaq_economic_calendar
2025-06-27-usd-core-durable-goods-orders-1477dc13,2025-06-27T08:30:00Z,United States,USD,Core Durable Goods Orders,HIGH,0.5%,0.1%,0.0%,nasdaq_economic_calendar
2025-06-27-usd-core-pce-prices-139cae8a,2025-06-27T08:30:00Z,United States,USD,Core PCE Prices,HIGH,3.50%,3.40%,2.60%,nasdaq_economic_calendar
2025-06-27-usd-durable-goods-orders-342f68a7,2025-06-27T08:30:00Z,United States,USD,Durable Goods Orders,HIGH,16.4%,8.6%,-6.6%,nasdaq_economic_calendar
2025-06-27-usd-gdp-5f7bbff8,2025-06-27T08:30:00Z,United States,USD,GDP,HIGH,-0.5%,-0.2%,2.4%,nasdaq_economic_calendar
2025-06-27-usd-gdp-price-index-2e8c66b2,2025-06-27T08:30:00Z,United States,USD,GDP Price Index,HIGH,3.8%,3.7%,2.3%,nasdaq_economic_calendar
2025-06-27-usd-gdp-sales-7e685aa5,2025-06-27T08:30:00Z,United States,USD,GDP Sales,HIGH,-3.1%,-2.9%,3.3%,nasdaq_economic_calendar
2025-06-27-usd-pce-prices-362b4d02,2025-06-27T08:30:00Z,United States,USD,PCE Prices,HIGH,3.7%,3.6%,2.4%,nasdaq_economic_calendar
2025-06-27-usd-fomc-member-barkin-speaks-e7b2ecb0,2025-06-27T08:45:00Z,United States,USD,FOMC Member Barkin Speaks,HIGH,,,,nasdaq_economic_calendar
2025-06-27-usd-fomc-member-daly-speaks-a926c1f3,2025-06-27T08:45:00Z,United States,USD,FOMC Member Daly Speaks,HIGH,,,,nasdaq_economic_calendar
2025-06-27-usd-fomc-member-kashkari-speaks-1bde7ddf,2025-06-27T19:00:00Z,United States,USD,FOMC Member Kashkari Speaks,HIGH,,,,nasdaq_economic_calendar
2025-06-27-jpy-cpi-tokyo-ex-food-energy-c5e8b08d,2025-06-27T19:30:00Z,Japan,JPY,CPI Tokyo Ex Food & Energy,HIGH,1.8%,,2.1%,nasdaq_economic_calendar
2025-06-27-jpy-cpi-tokyo-ex-food-and-energy-ac528df8,2025-06-27T19:30:00Z,Japan,JPY,CPI Tokyo Ex Food and Energy,HIGH,-0.4%,,0.1%,nasdaq_economic_calendar
2025-06-27-jpy-tokyo-cpi-c82e0d1b,2025-06-27T19:30:00Z,Japan,JPY,Tokyo CPI,HIGH,3.1%,,3.4%,nasdaq_economic_calendar
2025-06-27-jpy-tokyo-core-cpi-1c533576,2025-06-27T19:30:00Z,Japan,JPY,Tokyo Core CPI,HIGH,3.1%,3.3%,3.6%,nasdaq_economic_calendar
2025-06-27-jpy-large-scale-retail-sales-yoy-b5023627,2025-06-27T19:50:00Z,Japan,JPY,Large Scale Retail Sales YoY,HIGH,2.0%,,3.0%,nasdaq_economic_calendar
2025-06-27-jpy-retail-sales-b455b202,2025-06-27T19:50:00Z,Japan,JPY,Retail Sales,HIGH,2.2%,2.4%,3.5%,nasdaq_economic_calendar
2025-06-28-usd-fomc-member-williams-speaks-d2ad8891,2025-06-28T07:30:00Z,United States,USD,FOMC Member Williams Speaks,HIGH,,,,nasdaq_economic_calendar
2025-06-28-usd-core-pce-price-index-12e1139b,2025-06-28T08:30:00Z,United States,USD,Core PCE Price Index,HIGH,0.2%,0.1%,0.1%,nasdaq_economic_calendar
2025-06-28-usd-pce-price-index-a9fb5821,2025-06-28T08:30:00Z,United States,USD,PCE Price index,HIGH,2.3%,2.3%,2.2%,nasdaq_economic_calendar
2025-06-28-usd-pce-price-index-706bd660,2025-06-28T08:30:00Z,United States,USD,PCE price index,HIGH,0.1%,0.1%,0.1%,nasdaq_economic_calendar
2025-06-28-usd-personal-income-a9586ee6,2025-06-28T08:30:00Z,United States,USD,Personal Income,HIGH,-0.4%,0.3%,0.7%,nasdaq_economic_calendar
2025-06-28-usd-real-personal-consumption-275cca31,2025-06-28T08:30:00Z,United States,USD,Real Personal Consumption,HIGH,-0.3%,,0.1%,nasdaq_economic_calendar
2025-06-28-usd-dallas-fed-pce-9235ced6,2025-06-28T09:00:00Z,United States,USD,Dallas Fed PCE,HIGH,2.00%,,2.70%,nasdaq_economic_calendar
2025-06-28-usd-michigan-consumer-expectations-30c1e77c,2025-06-28T10:00:00Z,United States,USD,Michigan Consumer Expectations,HIGH,58.1,58.4,47.9,nasdaq_economic_calendar
2025-06-28-usd-michigan-consumer-sentiment-7f9d8acc,2025-06-28T10:00:00Z,United States,USD,Michigan Consumer Sentiment,HIGH,60.7,60.5,52.2,nasdaq_economic_calendar
2025-06-30-jpy-industrial-production-edce6cc0,2025-06-30T19:50:00Z,Japan,JPY,Industrial Production,HIGH,0.5%,3.4%,-1.1%,nasdaq_economic_calendar
2025-06-30-jpy-industrial-production-forecast-1m-ahead-27e1e737,2025-06-30T19:50:00Z,Japan,JPY,Industrial Production forecast 1m ahead,HIGH,0.3%,,9.0%,nasdaq_economic_calendar
2025-06-30-jpy-industrial-production-forecast-2m-ahead-92bdfa8d,2025-06-30T19:50:00Z,Japan,JPY,Industrial Production forecast 2m ahead,HIGH,-0.7%,,-3.4%,nasdaq_economic_calendar
2025-07-01-usd-fomc-member-bostic-speaks-26fc2256,2025-07-01T10:00:00Z,United States,USD,FOMC Member Bostic Speaks,HIGH,,,,nasdaq_economic_calendar
2025-07-01-jpy-tankan-all-big-industry-capex-17d27beb,2025-07-01T19:50:00Z,Japan,JPY,Tankan All Big Industry CAPEX,HIGH,11.5%,,3.1%,nasdaq_economic_calendar
2025-07-01-jpy-tankan-all-small-industry-capex-c91959b1,2025-07-01T19:50:00Z,Japan,JPY,Tankan All Small Industry CAPEX,HIGH,-5.6%,,-10.0%,nasdaq_economic_calendar
2025-07-01-jpy-tankan-big-manufacturing-outlook-index-f7065d51,2025-07-01T19:50:00Z,Japan,JPY,Tankan Big Manufacturing Outlook Index,HIGH,12,9,12,nasdaq_economic_calendar
2025-07-01-jpy-tankan-large-manufacturers-index-c0033505,2025-07-01T19:50:00Z,Japan,JPY,Tankan Large Manufacturers Index,HIGH,13,10,12,nasdaq_economic_calendar
2025-07-01-jpy-tankan-large-non-manufacturers-diffusion-index-717f6c44,2025-07-01T19:50:00Z,Japan,JPY,Tankan Large Non-Manufacturers Diffusion Index,HIGH,27,29,28,nasdaq_economic_calendar
2025-07-01-jpy-tankan-large-non-manufacturers-index-33ead7dc,2025-07-01T19:50:00Z,Japan,JPY,Tankan Large Non-Manufacturers Index,HIGH,34,34,35,nasdaq_economic_calendar
2025-07-01-jpy-tankan-small-manufacturers-diffusion-index-cab2dd7c,2025-07-01T19:50:00Z,Japan,JPY,Tankan Small Manufacturers Diffusion Index,HIGH,-2,,-1,nasdaq_economic_calendar
2025-07-01-jpy-tankan-small-manufacturing-index-ec0d087c,2025-07-01T19:50:00Z,Japan,JPY,Tankan Small Manufacturing Index,HIGH,1,-1,2,nasdaq_economic_calendar
2025-07-01-jpy-tankan-small-non-manufacturers-diffusion-index-851f949f,2025-07-01T19:50:00Z,Japan,JPY,Tankan Small Non-Manufacturers Diffusion Index,HIGH,9,,9,nasdaq_economic_calendar
2025-07-01-jpy-tankan-small-non-manufacturing-index-9e23351f,2025-07-01T19:50:00Z,Japan,JPY,Tankan Small Non-Manufacturing Index,HIGH,15,,16,nasdaq_economic_calendar
2025-07-02-jpy-boj-gov-ueda-speaks-d3d3e51b,2025-07-02T09:30:00Z,Japan,JPY,BOJ Gov Ueda Speaks,HIGH,,,,nasdaq_economic_calendar
2025-07-02-usd-ism-manufacturing-employment-7c1b839e,2025-07-02T10:00:00Z,United States,USD,ISM Manufacturing Employment,HIGH,45.0,,46.8,nasdaq_economic_calendar
2025-07-02-usd-ism-manufacturing-new-orders-index-07e156a9,2025-07-02T10:00:00Z,United States,USD,ISM Manufacturing New Orders Index,HIGH,46.4,,47.6,nasdaq_economic_calendar
2025-07-02-usd-ism-manufacturing-pmi-48ea3d14,2025-07-02T10:00:00Z,United States,USD,ISM Manufacturing PMI,HIGH,49.0,48.8,48.5,nasdaq_economic_calendar
2025-07-02-usd-ism-manufacturing-prices-d3888664,2025-07-02T10:00:00Z,United States,USD,ISM Manufacturing Prices,HIGH,69.7,69.6,69.4,nasdaq_economic_calendar
2025-07-02-usd-jolts-job-openings-0932d364,2025-07-02T10:00:00Z,United States,USD,JOLTS Job Openings,HIGH,7.769M,7.320M,7.395M,nasdaq_economic_calendar
2025-07-03-usd-adp-nonfarm-employment-change-10bc13d7,2025-07-03T08:15:00Z,United States,USD,ADP Nonfarm Employment Change,HIGH,-33K,99K,29K,nasdaq_economic_calendar
2025-07-04-usd-average-hourly-earnings-27ba9fb4,2025-07-04T08:30:00Z,United States,USD,Average Hourly Earnings,HIGH,0.2%,0.3%,0.4%,nasdaq_economic_calendar
2025-07-04-usd-average-hourly-earnings-yoy-cd0e07fb,2025-07-04T08:30:00Z,United States,USD,Average Hourly Earnings (YoY),HIGH,3.7%,3.9%,3.8%,nasdaq_economic_calendar
2025-07-04-usd-nonfarm-payrolls-a4f5649e,2025-07-04T08:30:00Z,United States,USD,Nonfarm Payrolls,HIGH,147K,111K,19K,nasdaq_economic_calendar
2025-07-04-usd-private-nonfarm-payrolls-87c967bb,2025-07-04T08:30:00Z,United States,USD,Private Nonfarm Payrolls,HIGH,74K,105K,137K,nasdaq_economic_calendar
2025-07-04-usd-u6-unemployment-rate-40848b6d,2025-07-04T08:30:00Z,United States,USD,U6 Unemployment Rate,HIGH,7.7%,,7.8%,nasdaq_economic_calendar
2025-07-04-usd-unemployment-rate-586fbec9,2025-07-04T08:30:00Z,United States,USD,Unemployment Rate,HIGH,4.1%,4.3%,4.2%,nasdaq_economic_calendar
2025-07-04-usd-ism-non-manufacturing-business-activity-bb2f4050,2025-07-04T10:00:00Z,United States,USD,ISM Non-Manufacturing Business Activity,HIGH,54.2,,50.0,nasdaq_economic_calendar
2025-07-04-usd-ism-non-manufacturing-employment-a9cf11d1,2025-07-04T10:00:00Z,United States,USD,ISM Non-Manufacturing Employment,HIGH,47.2,49.5,50.7,nasdaq_economic_calendar
2025-07-04-usd-ism-non-manufacturing-new-orders-9ea06e4c,2025-07-04T10:00:00Z,United States,USD,ISM Non-Manufacturing New Orders,HIGH,51.3,48.2,46.4,nasdaq_economic_calendar
2025-07-04-usd-ism-non-manufacturing-pmi-713a3912,2025-07-04T10:00:00Z,United States,USD,ISM Non-Manufacturing PMI,HIGH,50.8,50.8,49.9,nasdaq_economic_calendar
2025-07-04-usd-ism-non-manufacturing-prices-6867058e,2025-07-04T10:00:00Z,United States,USD,ISM Non-Manufacturing Prices,HIGH,67.5,68.9,68.7,nasdaq_economic_calendar
2025-07-04-usd-fomc-member-bostic-speaks-a85d1837,2025-07-04T11:00:00Z,United States,USD,FOMC Member Bostic Speaks,HIGH,,,,nasdaq_economic_calendar
2025-07-10-usd-fomc-meeting-minutes-ae4fd638,2025-07-10T14:00:00Z,United States,USD,FOMC Meeting Minutes,HIGH,,,,nasdaq_economic_calendar
2025-07-11-usd-fomc-member-daly-speaks-e58417cc,2025-07-11T14:30:00Z,United States,USD,FOMC Member Daly Speaks,HIGH,,,,nasdaq_economic_calendar
2025-07-15-jpy-industrial-production-8e0a4d97,2025-07-15T00:30:00Z,Japan,JPY,Industrial Production,HIGH,-0.1%,0.5%,-1.1%,nasdaq_economic_calendar
2025-07-16-usd-cpi-2e036ae8,2025-07-16T08:30:00Z,United States,USD,CPI,HIGH,0.3%,0.3%,0.1%,nasdaq_economic_calendar
2025-07-16-usd-cpi-index-n-s-a-fd1006d6,2025-07-16T08:30:00Z,United States,USD,"CPI Index, n.s.a.",HIGH,322.56,,321.46,nasdaq_economic_calendar
2025-07-16-usd-cpi-index-s-a-22475ccf,2025-07-16T08:30:00Z,United States,USD,"CPI Index, s.a",HIGH,321.50,,320.58,nasdaq_economic_calendar
2025-07-16-usd-cpi-n-s-a-2d7f9097,2025-07-16T08:30:00Z,United States,USD,"CPI, n.s.a",HIGH,0.34%,,0.21%,nasdaq_economic_calendar
2025-07-16-usd-core-cpi-98ce4b2d,2025-07-16T08:30:00Z,United States,USD,Core CPI,HIGH,0.2%,0.3%,0.1%,nasdaq_economic_calendar
2025-07-16-usd-core-cpi-index-fd650974,2025-07-16T08:30:00Z,United States,USD,Core CPI Index,HIGH,327.60,,326.85,nasdaq_economic_calendar
2025-07-16-usd-fomc-member-bowman-speaks-5c293d3e,2025-07-16T09:15:00Z,United States,USD,FOMC Member Bowman Speaks,HIGH,,,,nasdaq_economic_calendar
2025-07-16-usd-cleveland-cpi-d293db8f,2025-07-16T11:00:00Z,United States,USD,Cleveland CPI,HIGH,0.3%,,0.2%,nasdaq_economic_calendar
2025-07-16-usd-fomc-member-barkin-speaks-3311ca2d,2025-07-16T13:00:00Z,United States,USD,FOMC Member Barkin Speaks,HIGH,,,,nasdaq_economic_calendar
2025-07-16-jpy-reuters-tankan-index-3fe1f0ef,2025-07-16T19:00:00Z,Japan,JPY,Reuters Tankan Index,HIGH,7,,6,nasdaq_economic_calendar
2025-07-17-usd-fomc-member-barkin-speaks-d3c77d72,2025-07-17T08:00:00Z,United States,USD,FOMC Member Barkin Speaks,HIGH,,,,nasdaq_economic_calendar
2025-07-17-usd-core-ppi-da88102a,2025-07-17T08:30:00Z,United States,USD,Core PPI,HIGH,0.0%,0.2%,0.4%,nasdaq_economic_calendar
2025-07-17-usd-ppi-c4ef4649,2025-07-17T08:30:00Z,United States,USD,PPI,HIGH,2.3%,2.5%,2.7%,nasdaq_economic_calendar
2025-07-17-usd-ppi-ex-food-energy-transport-2800c08b,2025-07-17T08:30:00Z,United States,USD,PPI ex. Food/Energy/Transport,HIGH,2.5%,,2.8%,nasdaq_economic_calendar
2025-07-17-usd-industrial-production-20d4233b,2025-07-17T09:15:00Z,United States,USD,Industrial Production,HIGH,0.3%,0.1%,0.0%,nasdaq_economic_calendar
2025-07-17-usd-fomc-member-williams-speaks-b7fe6dcd,2025-07-17T16:30:00Z,United States,USD,FOMC Member Williams Speaks,HIGH,,,,nasdaq_economic_calendar
2025-07-17-jpy-adjusted-trade-balance-1dca527e,2025-07-17T19:50:00Z,Japan,JPY,Adjusted Trade Balance,HIGH,-0.24T,-0.26T,-0.29T,nasdaq_economic_calendar
2025-07-17-jpy-trade-balance-38d74823,2025-07-17T19:50:00Z,Japan,JPY,Trade Balance,HIGH,153.1B,353.9B,-638.6B,nasdaq_economic_calendar
2025-07-18-usd-core-retail-sales-004e2b95,2025-07-18T08:30:00Z,United States,USD,Core Retail Sales,HIGH,0.5%,0.3%,-0.2%,nasdaq_economic_calendar
2025-07-18-usd-retail-sales-7631594a,2025-07-18T08:30:00Z,United States,USD,Retail Sales,HIGH,0.6%,0.1%,-0.9%,nasdaq_economic_calendar
2025-07-18-usd-retail-sales-ex-gas-autos-e3b4d0c7,2025-07-18T08:30:00Z,United States,USD,Retail Sales Ex Gas/Autos,HIGH,0.6%,,0.0%,nasdaq_economic_calendar
2025-07-18-usd-fomc-member-kugler-speaks-f74e53c6,2025-07-18T10:00:00Z,United States,USD,FOMC Member Kugler Speaks,HIGH,,,,nasdaq_economic_calendar
2025-07-18-usd-fomc-member-daly-speaks-8e3d6728,2025-07-18T12:45:00Z,United States,USD,FOMC Member Daly Speaks,HIGH,,,,nasdaq_economic_calendar
2025-07-18-jpy-cpi-n-s-a-3e16ad10,2025-07-18T19:30:00Z,Japan,JPY,"CPI, n.s.a",HIGH,0.1%,,0.3%,nasdaq_economic_calendar
2025-07-18-jpy-national-cpi-91e0fbbf,2025-07-18T19:30:00Z,Japan,JPY,National CPI,HIGH,3.3%,,3.5%,nasdaq_economic_calendar
2025-07-18-jpy-national-core-cpi-477d3dc0,2025-07-18T19:30:00Z,Japan,JPY,National Core CPI,HIGH,3.3%,3.4%,3.7%,nasdaq_economic_calendar
2025-07-19-usd-michigan-consumer-expectations-8551a566,2025-07-19T10:00:00Z,United States,USD,Michigan Consumer Expectations,HIGH,58.6,55.0,58.1,nasdaq_economic_calendar
2025-07-19-usd-michigan-consumer-sentiment-6a362918,2025-07-19T10:00:00Z,United States,USD,Michigan Consumer Sentiment,HIGH,61.8,61.4,60.7,nasdaq_economic_calendar
2025-07-23-usd-fomc-member-bowman-speaks-e50d03a9,2025-07-23T13:00:00Z,United States,USD,FOMC Member Bowman Speaks,HIGH,,,,nasdaq_economic_calendar
2025-07-24-jpy-boj-core-cpi-539bdc0d,2025-07-24T01:00:00Z,Japan,JPY,BoJ Core CPI,HIGH,2.3%,2.5%,2.5%,nasdaq_economic_calendar
2025-07-25-jpy-cpi-tokyo-ex-food-energy-ce06fb4c,2025-07-25T19:30:00Z,Japan,JPY,CPI Tokyo Ex Food & Energy,HIGH,1.7%,,1.8%,nasdaq_economic_calendar
2025-07-25-jpy-cpi-tokyo-ex-food-and-energy-b3659ef2,2025-07-25T19:30:00Z,Japan,JPY,CPI Tokyo Ex Food and Energy,HIGH,0.1%,,-0.4%,nasdaq_economic_calendar
2025-07-25-jpy-tokyo-cpi-2b40b704,2025-07-25T19:30:00Z,Japan,JPY,Tokyo CPI,HIGH,2.9%,,3.1%,nasdaq_economic_calendar
2025-07-25-jpy-tokyo-core-cpi-02548a61,2025-07-25T19:30:00Z,Japan,JPY,Tokyo Core CPI,HIGH,2.9%,3.0%,3.1%,nasdaq_economic_calendar
2025-07-26-usd-core-durable-goods-orders-e709e7f2,2025-07-26T08:30:00Z,United States,USD,Core Durable Goods Orders,HIGH,0.2%,0.1%,0.6%,nasdaq_economic_calendar
2025-07-26-usd-durable-goods-orders-3a695e27,2025-07-26T08:30:00Z,United States,USD,Durable Goods Orders,HIGH,-9.3%,-10.4%,16.5%,nasdaq_economic_calendar
2025-07-30-usd-cb-consumer-confidence-ab68a725,2025-07-30T10:00:00Z,United States,USD,CB Consumer Confidence,HIGH,97.2,95.9,95.2,nasdaq_economic_calendar
2025-07-30-usd-jolts-job-openings-4aa21248,2025-07-30T10:00:00Z,United States,USD,JOLTS Job Openings,HIGH,7.437M,7.510M,7.712M,nasdaq_economic_calendar
2025-07-31-usd-adp-nonfarm-employment-change-1a8ceeba,2025-07-31T08:15:00Z,United States,USD,ADP Nonfarm Employment Change,HIGH,104K,77K,-23K,nasdaq_economic_calendar
2025-07-31-usd-core-pce-prices-f31fdcee,2025-07-31T08:30:00Z,United States,USD,Core PCE Prices,HIGH,2.50%,2.40%,3.50%,nasdaq_economic_calendar
2025-07-31-usd-gdp-b2b9a399,2025-07-31T08:30:00Z,United States,USD,GDP,HIGH,3.0%,2.5%,-0.5%,nasdaq_economic_calendar
2025-07-31-usd-gdp-price-index-749fa302,2025-07-31T08:30:00Z,United States,USD,GDP Price Index,HIGH,2.0%,2.2%,3.8%,nasdaq_economic_calendar
2025-07-31-usd-gdp-sales-ec1d6cc5,2025-07-31T08:30:00Z,United States,USD,GDP Sales,HIGH,6.3%,,-3.1%,nasdaq_economic_calendar
2025-07-31-usd-pce-prices-3dfa21d7,2025-07-31T08:30:00Z,United States,USD,PCE Prices,HIGH,2.1%,,3.7%,nasdaq_economic_calendar
2025-07-31-usd-fomc-statement-96c0ee3a,2025-07-31T14:00:00Z,United States,USD,FOMC Statement,HIGH,,,,nasdaq_economic_calendar
2025-07-31-usd-fed-interest-rate-decision-baafb37b,2025-07-31T14:00:00Z,United States,USD,Fed Interest Rate Decision,HIGH,4.50%,4.50%,4.50%,nasdaq_economic_calendar
2025-07-31-usd-fomc-press-conference-349ebcf3,2025-07-31T14:30:00Z,United States,USD,FOMC Press Conference,HIGH,,,,nasdaq_economic_calendar
2025-07-31-jpy-industrial-production-e4b37a25,2025-07-31T19:50:00Z,Japan,JPY,Industrial Production,HIGH,1.7%,-0.7%,-0.1%,nasdaq_economic_calendar
2025-07-31-jpy-industrial-production-forecast-1m-ahead-b5d37bff,2025-07-31T19:50:00Z,Japan,JPY,Industrial Production forecast 1m ahead,HIGH,1.8%,,0.3%,nasdaq_economic_calendar
2025-07-31-jpy-industrial-production-forecast-2m-ahead-20a711e5,2025-07-31T19:50:00Z,Japan,JPY,Industrial Production forecast 2m ahead,HIGH,0.8%,,-0.7%,nasdaq_economic_calendar
2025-07-31-jpy-large-scale-retail-sales-yoy-ccfd4ec1,2025-07-31T19:50:00Z,Japan,JPY,Large Scale Retail Sales YoY,HIGH,1.0%,,2.0%,nasdaq_economic_calendar
2025-07-31-jpy-retail-sales-439519e5,2025-07-31T19:50:00Z,Japan,JPY,Retail Sales,HIGH,2.0%,1.8%,1.9%,nasdaq_economic_calendar
2025-07-31-jpy-boj-monetary-policy-statement-fec17ed0,2025-07-31T22:30:00Z,Japan,JPY,BoJ Monetary Policy Statement,HIGH,,,,nasdaq_economic_calendar
2025-07-31-jpy-boj-outlook-report-cc216eb2,2025-07-31T22:30:00Z,Japan,JPY,BoJ Outlook Report,HIGH,,,,nasdaq_economic_calendar
2025-07-31-jpy-boj-interest-rate-decision-defb4baf,2025-07-31T23:00:00Z,Japan,JPY,BoJ Interest Rate Decision,HIGH,0.50%,0.50%,0.50%,nasdaq_economic_calendar
2025-08-01-jpy-boj-press-conference-dc02b242,2025-08-01T02:30:00Z,Japan,JPY,BoJ Press Conference,HIGH,,,,nasdaq_economic_calendar
2025-08-01-usd-core-pce-price-index-d839dfe9,2025-08-01T08:30:00Z,United States,USD,Core PCE Price Index,HIGH,0.3%,0.3%,0.2%,nasdaq_economic_calendar
2025-08-01-usd-employment-cost-index-cb51b292,2025-08-01T08:30:00Z,United States,USD,Employment Cost Index,HIGH,0.9%,0.8%,0.9%,nasdaq_economic_calendar
2025-08-01-usd-pce-price-index-bfbfb183,2025-08-01T08:30:00Z,United States,USD,PCE Price index,HIGH,2.6%,2.5%,2.4%,nasdaq_economic_calendar
2025-08-01-usd-pce-price-index-e50b467f,2025-08-01T08:30:00Z,United States,USD,PCE price index,HIGH,0.3%,0.3%,0.2%,nasdaq_economic_calendar
2025-08-01-usd-personal-income-fede3c32,2025-08-01T08:30:00Z,United States,USD,Personal Income,HIGH,0.3%,0.2%,-0.4%,nasdaq_economic_calendar
2025-08-01-usd-real-personal-consumption-d9f41815,2025-08-01T08:30:00Z,United States,USD,Real Personal Consumption,HIGH,0.1%,,-0.2%,nasdaq_economic_calendar
2025-08-01-usd-dallas-fed-pce-f44179b4,2025-08-01T09:00:00Z,United States,USD,Dallas Fed PCE,HIGH,3.40%,,2.00%,nasdaq_economic_calendar
2025-08-02-usd-average-hourly-earnings-53971081,2025-08-02T08:30:00Z,United States,USD,Average Hourly Earnings,HIGH,0.3%,0.3%,0.2%,nasdaq_economic_calendar
2025-08-02-usd-average-hourly-earnings-yoy-fbf42f69,2025-08-02T08:30:00Z,United States,USD,Average Hourly Earnings (YoY),HIGH,3.9%,3.8%,3.8%,nasdaq_economic_calendar
2025-08-02-usd-nonfarm-payrolls-5886e140,2025-08-02T08:30:00Z,United States,USD,Nonfarm Payrolls,HIGH,73K,106K,-13K,nasdaq_economic_calendar
2025-08-02-usd-private-nonfarm-payrolls-63a8164b,2025-08-02T08:30:00Z,United States,USD,Private Nonfarm Payrolls,HIGH,83K,100K,3K,nasdaq_economic_calendar
2025-08-02-usd-u6-unemployment-rate-d1daa03a,2025-08-02T08:30:00Z,United States,USD,U6 Unemployment Rate,HIGH,7.9%,,7.7%,nasdaq_economic_calendar
2025-08-02-usd-unemployment-rate-559fd2c0,2025-08-02T08:30:00Z,United States,USD,Unemployment Rate,HIGH,4.2%,4.2%,4.1%,nasdaq_economic_calendar
2025-08-02-usd-ism-manufacturing-employment-bb4cf61a,2025-08-02T10:00:00Z,United States,USD,ISM Manufacturing Employment,HIGH,43.4,46.8,45.0,nasdaq_economic_calendar
2025-08-02-usd-ism-manufacturing-new-orders-index-fc997fcd,2025-08-02T10:00:00Z,United States,USD,ISM Manufacturing New Orders Index,HIGH,47.1,48.7,46.4,nasdaq_economic_calendar
2025-08-02-usd-ism-manufacturing-pmi-48a2230a,2025-08-02T10:00:00Z,United States,USD,ISM Manufacturing PMI,HIGH,48.0,49.5,49.0,nasdaq_economic_calendar
2025-08-02-usd-ism-manufacturing-prices-98f3077d,2025-08-02T10:00:00Z,United States,USD,ISM Manufacturing Prices,HIGH,64.8,69.9,69.7,nasdaq_economic_calendar
2025-08-02-usd-michigan-consumer-expectations-2e6a7daf,2025-08-02T10:00:00Z,United States,USD,Michigan Consumer Expectations,HIGH,57.7,58.6,58.1,nasdaq_economic_calendar
2025-08-02-usd-michigan-consumer-sentiment-4848d86d,2025-08-02T10:00:00Z,United States,USD,Michigan Consumer Sentiment,HIGH,61.7,61.8,60.7,nasdaq_economic_calendar
2025-08-02-usd-fomc-member-daly-speaks-4acc79b9,2025-08-02T15:10:00Z,United States,USD,FOMC Member Daly Speaks,HIGH,,,,nasdaq_economic_calendar
2025-08-05-jpy-monetary-policy-meeting-minutes-04f322b8,2025-08-05T19:50:00Z,Japan,JPY,Monetary Policy Meeting Minutes,HIGH,,,,nasdaq_economic_calendar
2025-08-06-usd-ism-non-manufacturing-business-activity-40ffc7d3,2025-08-06T10:00:00Z,United States,USD,ISM Non-Manufacturing Business Activity,HIGH,52.6,,54.2,nasdaq_economic_calendar
2025-08-06-usd-ism-non-manufacturing-employment-4fb2ed6f,2025-08-06T10:00:00Z,United States,USD,ISM Non-Manufacturing Employment,HIGH,46.4,,47.2,nasdaq_economic_calendar
2025-08-06-usd-ism-non-manufacturing-new-orders-aa47936f,2025-08-06T10:00:00Z,United States,USD,ISM Non-Manufacturing New Orders,HIGH,50.3,,51.3,nasdaq_economic_calendar
2025-08-06-usd-ism-non-manufacturing-pmi-d22a62bc,2025-08-06T10:00:00Z,United States,USD,ISM Non-Manufacturing PMI,HIGH,50.1,51.5,50.8,nasdaq_economic_calendar
2025-08-06-usd-ism-non-manufacturing-prices-8297e917,2025-08-06T10:00:00Z,United States,USD,ISM Non-Manufacturing Prices,HIGH,69.9,66.5,67.5,nasdaq_economic_calendar
2025-08-07-usd-fomc-member-daly-speaks-54195372,2025-08-07T16:10:00Z,United States,USD,FOMC Member Daly Speaks,HIGH,,,,nasdaq_economic_calendar
2025-08-08-usd-nonfarm-productivity-e772df09,2025-08-08T08:30:00Z,United States,USD,Nonfarm Productivity,HIGH,2.4%,1.9%,-1.8%,nasdaq_economic_calendar
2025-08-08-usd-fomc-member-bostic-speaks-293cff1d,2025-08-08T10:00:00Z,United States,USD,FOMC Member Bostic Speaks,HIGH,,,,nasdaq_economic_calendar
2025-08-08-jpy-boj-summary-of-opinions-a1a6bf43,2025-08-08T19:50:00Z,Japan,JPY,BoJ Summary of Opinions,HIGH,,,,nasdaq_economic_calendar
2025-08-10-usd-fomc-member-bowman-speaks-8dee90da,2025-08-10T12:15:00Z,United States,USD,FOMC Member Bowman Speaks,HIGH,,,,nasdaq_economic_calendar
2025-08-13-usd-cpi-a8144081,2025-08-13T08:30:00Z,United States,USD,CPI,HIGH,0.2%,0.2%,0.3%,nasdaq_economic_calendar
2025-08-13-usd-cpi-index-n-s-a-6c230614,2025-08-13T08:30:00Z,United States,USD,"CPI Index, n.s.a.",HIGH,323.05,323.17,322.56,nasdaq_economic_calendar
2025-08-13-usd-cpi-index-s-a-dac9fa1e,2025-08-13T08:30:00Z,United States,USD,"CPI Index, s.a",HIGH,322.13,,321.50,nasdaq_economic_calendar
2025-08-13-usd-cpi-n-s-a-d668ec7e,2025-08-13T08:30:00Z,United States,USD,"CPI, n.s.a",HIGH,0.15%,,0.34%,nasdaq_economic_calendar
2025-08-13-usd-core-cpi-2399e9ce,2025-08-13T08:30:00Z,United States,USD,Core CPI,HIGH,3.1%,3.0%,2.9%,nasdaq_economic_calendar
2025-08-13-usd-core-cpi-index-ae73a62e,2025-08-13T08:30:00Z,United States,USD,Core CPI Index,HIGH,328.66,,327.60,nasdaq_economic_calendar
2025-08-13-usd-fomc-member-barkin-speaks-0f97af4a,2025-08-13T10:00:00Z,United States,USD,FOMC Member Barkin Speaks,HIGH,,,,nasdaq_economic_calendar
2025-08-13-usd-cleveland-cpi-9b2811bf,2025-08-13T11:00:00Z,United States,USD,Cleveland CPI,HIGH,0.3%,,0.3%,nasdaq_economic_calendar
2025-08-13-jpy-reuters-tankan-index-1bc3a92c,2025-08-13T19:00:00Z,Japan,JPY,Reuters Tankan Index,HIGH,9,,7,nasdaq_economic_calendar
2025-08-14-usd-fomc-member-barkin-speaks-51f8ad64,2025-08-14T08:00:00Z,United States,USD,FOMC Member Barkin Speaks,HIGH,,,,nasdaq_economic_calendar
2025-08-14-usd-fomc-member-bostic-speaks-5b228fc4,2025-08-14T13:30:00Z,United States,USD,FOMC Member Bostic Speaks,HIGH,,,,nasdaq_economic_calendar
2025-08-15-usd-core-ppi-343e8dd1,2025-08-15T08:30:00Z,United States,USD,Core PPI,HIGH,0.9%,0.2%,0.0%,nasdaq_economic_calendar
2025-08-15-usd-ppi-5a73d61b,2025-08-15T08:30:00Z,United States,USD,PPI,HIGH,0.9%,0.2%,0.0%,nasdaq_economic_calendar
2025-08-15-usd-ppi-ex-food-energy-transport-77d28edb,2025-08-15T08:30:00Z,United States,USD,PPI ex. Food/Energy/Transport,HIGH,2.8%,,2.5%,nasdaq_economic_calendar
2025-08-15-usd-fomc-member-barkin-speaks-65ca7219,2025-08-15T14:00:00Z,United States,USD,FOMC Member Barkin Speaks,HIGH,,,,nasdaq_economic_calendar
2025-08-15-jpy-gdp-a677f951,2025-08-15T19:50:00Z,Japan,JPY,GDP,HIGH,0.3%,0.1%,0.1%,nasdaq_economic_calendar
2025-08-15-jpy-gdp-annualized-d14bca4e,2025-08-15T19:50:00Z,Japan,JPY,GDP Annualized,HIGH,1.0%,,0.6%,nasdaq_economic_calendar
2025-08-15-jpy-gdp-capital-expenditure-d5c029b7,2025-08-15T19:50:00Z,Japan,JPY,GDP Capital Expenditure,HIGH,1.3%,0.5%,1.0%,nasdaq_economic_calendar
2025-08-15-jpy-gdp-external-demand-6b2d3ebe,2025-08-15T19:50:00Z,Japan,JPY,GDP External Demand,HIGH,0.3%,0.2%,-0.8%,nasdaq_economic_calendar
2025-08-15-jpy-gdp-price-index-819b3724,2025-08-15T19:50:00Z,Japan,JPY,GDP Price Index,HIGH,3.0%,3.1%,3.3%,nasdaq_economic_calendar
2025-08-15-jpy-gdp-private-consumption-6f2a0bc1,2025-08-15T19:50:00Z,Japan,JPY,GDP Private Consumption,HIGH,0.2%,0.1%,0.2%,nasdaq_economic_calendar
2025-08-16-jpy-industrial-production-d3be2998,2025-08-16T00:30:00Z,Japan,JPY,Industrial Production,HIGH,2.1%,1.7%,-0.1%,nasdaq_economic_calendar
2025-08-16-usd-core-retail-sales-c23251e9,2025-08-16T08:30:00Z,United States,USD,Core Retail Sales,HIGH,0.3%,0.3%,0.8%,nasdaq_economic_calendar
2025-08-16-usd-retail-sales-8cf83f71,2025-08-16T08:30:00Z,United States,USD,Retail Sales,HIGH,0.5%,0.6%,0.9%,nasdaq_economic_calendar
2025-08-16-usd-retail-sales-ex-gas-autos-4f56b5fb,2025-08-16T08:30:00Z,United States,USD,Retail Sales Ex Gas/Autos,HIGH,0.2%,,0.8%,nasdaq_economic_calendar
2025-08-16-usd-industrial-production-b06fadfd,2025-08-16T09:15:00Z,United States,USD,Industrial Production,HIGH,-0.1%,0.0%,0.4%,nasdaq_economic_calendar
2025-08-16-usd-michigan-consumer-expectations-d4b42d2a,2025-08-16T10:00:00Z,United States,USD,Michigan Consumer Expectations,HIGH,57.2,56.5,57.7,nasdaq_economic_calendar
2025-08-16-usd-michigan-consumer-sentiment-9bfa2ac4,2025-08-16T10:00:00Z,United States,USD,Michigan Consumer Sentiment,HIGH,58.6,61.9,61.7,nasdaq_economic_calendar
2025-08-20-usd-fomc-member-bowman-speaks-675e1888,2025-08-20T14:10:00Z,United States,USD,FOMC Member Bowman Speaks,HIGH,,,,nasdaq_economic_calendar
2025-08-20-jpy-adjusted-trade-balance-6281bbfd,2025-08-20T19:50:00Z,Japan,JPY,Adjusted Trade Balance,HIGH,-0.30T,-0.07T,-0.25T,nasdaq_economic_calendar
2025-08-20-jpy-trade-balance-e0fe9c24,2025-08-20T19:50:00Z,Japan,JPY,Trade Balance,HIGH,-117.5B,196.2B,152.1B,nasdaq_economic_calendar
2025-08-21-usd-fomc-meeting-minutes-2e5f80af,2025-08-21T14:00:00Z,United States,USD,FOMC Meeting Minutes,HIGH,,,,nasdaq_economic_calendar
2025-08-21-usd-fomc-member-bostic-speaks-eaee1116,2025-08-21T15:00:00Z,United States,USD,FOMC Member Bostic Speaks,HIGH,,,,nasdaq_economic_calendar
2025-08-22-usd-fomc-member-bostic-speaks-1a76f9b1,2025-08-22T07:30:00Z,United States,USD,FOMC Member Bostic Speaks,HIGH,,,,nasdaq_economic_calendar
2025-08-22-jpy-cpi-n-s-a-47c8c7fb,2025-08-22T19:30:00Z,Japan,JPY,"CPI, n.s.a",HIGH,0.2%,,-0.1%,nasdaq_economic_calendar
2025-08-22-jpy-national-cpi-7797664f,2025-08-22T19:30:00Z,Japan,JPY,National CPI,HIGH,3.1%,,3.3%,nasdaq_economic_calendar
2025-08-22-jpy-national-core-cpi-bab05942,2025-08-22T19:30:00Z,Japan,JPY,National Core CPI,HIGH,3.1%,3.0%,3.3%,nasdaq_economic_calendar
2025-08-24-jpy-boj-gov-ueda-speaks-c7d0af05,2025-08-24T12:25:00Z,Japan,JPY,BOJ Gov Ueda Speaks,HIGH,,,,nasdaq_economic_calendar
2025-08-26-usd-fomc-member-williams-speaks-80e6e34c,2025-08-26T19:15:00Z,United States,USD,FOMC Member Williams Speaks,HIGH,,,,nasdaq_economic_calendar
2025-08-27-jpy-boj-core-cpi-15bf7b9b,2025-08-27T01:00:00Z,Japan,JPY,BoJ Core CPI,HIGH,2.0%,2.4%,2.3%,nasdaq_economic_calendar
2025-08-27-usd-core-durable-goods-orders-867a3afe,2025-08-27T08:30:00Z,United States,USD,Core Durable Goods Orders,HIGH,1.1%,0.2%,0.3%,nasdaq_economic_calendar
2025-08-27-usd-durable-goods-orders-699319a9,2025-08-27T08:30:00Z,United States,USD,Durable Goods Orders,HIGH,-2.8%,-3.8%,-9.3%,nasdaq_economic_calendar
2025-08-27-usd-fomc-member-barkin-speaks-4ed3c67e,2025-08-27T08:30:00Z,United States,USD,FOMC Member Barkin Speaks,HIGH,,,,nasdaq_economic_calendar
2025-08-27-usd-cb-consumer-confidence-849e06cc,2025-08-27T10:00:00Z,United States,USD,CB Consumer Confidence,HIGH,97.4,96.4,98.7,nasdaq_economic_calendar
2025-08-28-usd-fomc-member-barkin-speaks-413b9e82,2025-08-28T11:45:00Z,United States,USD,FOMC Member Barkin Speaks,HIGH,,,,nasdaq_economic_calendar
2025-08-28-jpy-boj-board-member-nakagawa-speaks-c4ee2753,2025-08-28T21:30:00Z,Japan,JPY,BoJ Board Member Nakagawa Speaks,HIGH,,,,nasdaq_economic_calendar
2025-08-29-usd-core-pce-prices-43f35fea,2025-08-29T08:30:00Z,United States,USD,Core PCE Prices,HIGH,2.50%,2.50%,3.50%,nasdaq_economic_calendar
2025-08-29-usd-gdp-c0464786,2025-08-29T08:30:00Z,United States,USD,GDP,HIGH,3.3%,3.0%,-0.5%,nasdaq_economic_calendar
2025-08-29-usd-gdp-price-index-e8e43693,2025-08-29T08:30:00Z,United States,USD,GDP Price Index,HIGH,2.0%,2.0%,3.8%,nasdaq_economic_calendar
2025-08-29-usd-gdp-sales-eaffd845,2025-08-29T08:30:00Z,United States,USD,GDP Sales,HIGH,6.8%,6.3%,-3.1%,nasdaq_economic_calendar
2025-08-29-usd-pce-prices-3b270d44,2025-08-29T08:30:00Z,United States,USD,PCE Prices,HIGH,2.0%,2.1%,3.7%,nasdaq_economic_calendar
2025-08-29-jpy-cpi-tokyo-ex-food-energy-b8b6f9d5,2025-08-29T19:30:00Z,Japan,JPY,CPI Tokyo Ex Food & Energy,HIGH,1.5%,,3.1%,nasdaq_economic_calendar
2025-08-29-jpy-cpi-tokyo-ex-food-and-energy-fdce54f4,2025-08-29T19:30:00Z,Japan,JPY,CPI Tokyo Ex Food and Energy,HIGH,0.4%,,0.1%,nasdaq_economic_calendar
2025-08-29-jpy-tokyo-cpi-a50afe18,2025-08-29T19:30:00Z,Japan,JPY,Tokyo CPI,HIGH,2.6%,,2.9%,nasdaq_economic_calendar
2025-08-29-jpy-tokyo-core-cpi-30eef256,2025-08-29T19:30:00Z,Japan,JPY,Tokyo Core CPI,HIGH,2.5%,2.5%,2.9%,nasdaq_economic_calendar
2025-08-29-jpy-industrial-production-a9ea1b9e,2025-08-29T19:50:00Z,Japan,JPY,Industrial Production,HIGH,-1.6%,-1.1%,2.1%,nasdaq_economic_calendar
2025-08-29-jpy-industrial-production-forecast-1m-ahead-2fabf973,2025-08-29T19:50:00Z,Japan,JPY,Industrial Production forecast 1m ahead,HIGH,2.8%,,1.8%,nasdaq_economic_calendar
2025-08-29-jpy-industrial-production-forecast-2m-ahead-cd274473,2025-08-29T19:50:00Z,Japan,JPY,Industrial Production forecast 2m ahead,HIGH,-0.3%,,0.8%,nasdaq_economic_calendar
2025-08-29-jpy-large-scale-retail-sales-yoy-f41c58b6,2025-08-29T19:50:00Z,Japan,JPY,Large Scale Retail Sales YoY,HIGH,2.0%,,1.0%,nasdaq_economic_calendar
2025-08-29-jpy-retail-sales-3b4a7861,2025-08-29T19:50:00Z,Japan,JPY,Retail Sales,HIGH,0.3%,1.5%,1.9%,nasdaq_economic_calendar
2025-08-30-usd-core-pce-price-index-b40fb930,2025-08-30T08:30:00Z,United States,USD,Core PCE Price Index,HIGH,0.3%,0.3%,0.3%,nasdaq_economic_calendar
2025-08-30-usd-pce-price-index-1b59962c,2025-08-30T08:30:00Z,United States,USD,PCE Price index,HIGH,2.6%,2.6%,2.6%,nasdaq_economic_calendar
2025-08-30-usd-pce-price-index-4bdabcf7,2025-08-30T08:30:00Z,United States,USD,PCE price index,HIGH,0.2%,0.2%,0.3%,nasdaq_economic_calendar
2025-08-30-usd-personal-income-4f78c561,2025-08-30T08:30:00Z,United States,USD,Personal Income,HIGH,0.4%,0.4%,0.3%,nasdaq_economic_calendar
2025-08-30-usd-real-personal-consumption-e00dcdfa,2025-08-30T08:30:00Z,United States,USD,Real Personal Consumption,HIGH,0.3%,,0.1%,nasdaq_economic_calendar
2025-08-30-usd-michigan-consumer-expectations-2e3a9680,2025-08-30T10:00:00Z,United States,USD,Michigan Consumer Expectations,HIGH,55.9,57.2,57.7,nasdaq_economic_calendar
2025-08-30-usd-michigan-consumer-sentiment-a043a462,2025-08-30T10:00:00Z,United States,USD,Michigan Consumer Sentiment,HIGH,58.2,58.6,61.7,nasdaq_economic_calendar
2025-09-03-usd-ism-manufacturing-employment-219e1871,2025-09-03T10:00:00Z,United States,USD,ISM Manufacturing Employment,HIGH,43.8,45.0,43.4,nasdaq_economic_calendar
2025-09-03-usd-ism-manufacturing-new-orders-index-32ecd0d5,2025-09-03T10:00:00Z,United States,USD,ISM Manufacturing New Orders Index,HIGH,51.4,48.0,47.1,nasdaq_economic_calendar
2025-09-03-usd-ism-manufacturing-pmi-85886e0b,2025-09-03T10:00:00Z,United States,USD,ISM Manufacturing PMI,HIGH,48.7,49.0,48.0,nasdaq_economic_calendar
2025-09-03-usd-ism-manufacturing-prices-2e75d796,2025-09-03T10:00:00Z,United States,USD,ISM Manufacturing Prices,HIGH,63.7,65.1,64.8,nasdaq_economic_calendar
2025-09-04-usd-jolts-job-openings-581c5b55,2025-09-04T10:00:00Z,United States,USD,JOLTS Job Openings,HIGH,7.181M,7.380M,7.357M,nasdaq_economic_calendar
2025-09-04-usd-fomc-member-kashkari-speaks-6af3fdc0,2025-09-04T13:30:00Z,United States,USD,FOMC Member Kashkari Speaks,HIGH,,,,nasdaq_economic_calendar
2025-09-05-usd-adp-nonfarm-employment-change-da77c0f9,2025-09-05T08:15:00Z,United States,USD,ADP Nonfarm Employment Change,HIGH,54K,73K,106K,nasdaq_economic_calendar
2025-09-05-usd-nonfarm-productivity-976e8f00,2025-09-05T08:30:00Z,United States,USD,Nonfarm Productivity,HIGH,3.3%,2.8%,2.4%,nasdaq_economic_calendar
2025-09-05-usd-ism-non-manufacturing-business-activity-c886f6b4,2025-09-05T10:00:00Z,United States,USD,ISM Non-Manufacturing Business Activity,HIGH,55.0,,52.6,nasdaq_economic_calendar
2025-09-05-usd-ism-non-manufacturing-employment-46526386,2025-09-05T10:00:00Z,United States,USD,ISM Non-Manufacturing Employment,HIGH,46.5,46.7,46.4,nasdaq_economic_calendar
2025-09-05-usd-ism-non-manufacturing-new-orders-703f4986,2025-09-05T10:00:00Z,United States,USD,ISM Non-Manufacturing New Orders,HIGH,56.0,,50.3,nasdaq_economic_calendar
2025-09-05-usd-ism-non-manufacturing-pmi-3b315b36,2025-09-05T10:00:00Z,United States,USD,ISM Non-Manufacturing PMI,HIGH,52.0,50.9,50.1,nasdaq_economic_calendar
2025-09-05-usd-ism-non-manufacturing-prices-0163ede8,2025-09-05T10:00:00Z,United States,USD,ISM Non-Manufacturing Prices,HIGH,69.2,69.5,69.9,nasdaq_economic_calendar
2025-09-05-usd-fomc-member-williams-speaks-0e752d98,2025-09-05T12:05:00Z,United States,USD,FOMC Member Williams Speaks,HIGH,,,,nasdaq_economic_calendar
2025-09-06-usd-average-hourly-earnings-51c127a4,2025-09-06T08:30:00Z,United States,USD,Average Hourly Earnings,HIGH,0.3%,0.3%,0.3%,nasdaq_economic_calendar
2025-09-06-usd-average-hourly-earnings-yoy-65c42ed8,2025-09-06T08:30:00Z,United States,USD,Average Hourly Earnings (YoY),HIGH,3.7%,3.7%,3.9%,nasdaq_economic_calendar
2025-09-06-usd-nonfarm-payrolls-80964179,2025-09-06T08:30:00Z,United States,USD,Nonfarm Payrolls,HIGH,22K,75K,79K,nasdaq_economic_calendar
2025-09-06-usd-private-nonfarm-payrolls-f60c547c,2025-09-06T08:30:00Z,United States,USD,Private Nonfarm Payrolls,HIGH,38K,75K,77K,nasdaq_economic_calendar
2025-09-06-usd-u6-unemployment-rate-7eb242a9,2025-09-06T08:30:00Z,United States,USD,U6 Unemployment Rate,HIGH,8.1%,,7.9%,nasdaq_economic_calendar
2025-09-06-usd-unemployment-rate-7495c4cb,2025-09-06T08:30:00Z,United States,USD,Unemployment Rate,HIGH,4.3%,4.3%,4.2%,nasdaq_economic_calendar
2025-09-08-jpy-gdp-9a0dc114,2025-09-08T19:50:00Z,Japan,JPY,GDP,HIGH,0.5%,0.3%,0.1%,nasdaq_economic_calendar
2025-09-08-jpy-gdp-annualized-b504fe29,2025-09-08T19:50:00Z,Japan,JPY,GDP Annualized,HIGH,2.2%,1.0%,-0.2%,nasdaq_economic_calendar
2025-09-08-jpy-gdp-capital-expenditure-fde5be09,2025-09-08T19:50:00Z,Japan,JPY,GDP Capital Expenditure,HIGH,0.6%,1.3%,0.7%,nasdaq_economic_calendar
2025-09-08-jpy-gdp-external-demand-de68e2cc,2025-09-08T19:50:00Z,Japan,JPY,GDP External Demand,HIGH,0.3%,0.3%,-0.8%,nasdaq_economic_calendar
2025-09-08-jpy-gdp-price-index-1c5d8e1e,2025-09-08T19:50:00Z,Japan,JPY,GDP Price Index,HIGH,3.0%,3.0%,3.3%,nasdaq_economic_calendar
2025-09-08-jpy-gdp-private-consumption-96fa506c,2025-09-08T19:50:00Z,Japan,JPY,GDP Private Consumption,HIGH,0.4%,0.2%,0.0%,nasdaq_economic_calendar
2025-09-10-jpy-reuters-tankan-index-66d2adcb,2025-09-10T19:00:00Z,Japan,JPY,Reuters Tankan Index,HIGH,13,,9,nasdaq_economic_calendar
2025-09-11-usd-core-ppi-1ececb5c,2025-09-11T08:30:00Z,United States,USD,Core PPI,HIGH,-0.1%,0.3%,0.7%,nasdaq_economic_calendar
2025-09-11-usd-ppi-c82775d9,2025-09-11T08:30:00Z,United States,USD,PPI,HIGH,-0.1%,0.3%,0.7%,nasdaq_economic_calendar
2025-09-11-usd-ppi-ex-food-energy-transport-945d4a76,2025-09-11T08:30:00Z,United States,USD,PPI ex. Food/Energy/Transport,HIGH,2.8%,,2.7%,nasdaq_economic_calendar
2025-09-12-usd-cpi-d419552d,2025-09-12T08:30:00Z,United States,USD,CPI,HIGH,0.4%,0.3%,0.2%,nasdaq_economic_calendar
2025-09-12-usd-cpi-index-n-s-a-93dd0ed7,2025-09-12T08:30:00Z,United States,USD,"CPI Index, n.s.a.",HIGH,323.98,323.89,323.05,nasdaq_economic_calendar
2025-09-12-usd-cpi-index-s-a-137c2874,2025-09-12T08:30:00Z,United States,USD,"CPI Index, s.a",HIGH,323.98,,322.13,nasdaq_economic_calendar
2025-09-12-usd-cpi-n-s-a-adee6ac0,2025-09-12T08:30:00Z,United States,USD,"CPI, n.s.a",HIGH,0.29%,,0.15%,nasdaq_economic_calendar
2025-09-12-usd-core-cpi-0e223dc8,2025-09-12T08:30:00Z,United States,USD,Core CPI,HIGH,3.1%,3.1%,3.1%,nasdaq_economic_calendar
2025-09-12-usd-core-cpi-index-8c5aa655,2025-09-12T08:30:00Z,United States,USD,Core CPI Index,HIGH,329.79,,328.66,nasdaq_economic_calendar
2025-09-12-usd-cleveland-cpi-d24d3c85,2025-09-12T11:00:00Z,United States,USD,Cleveland CPI,HIGH,0.3%,,0.3%,nasdaq_economic_calendar
2025-09-13-jpy-industrial-production-17cc2ca5,2025-09-13T00:30:00Z,Japan,JPY,Industrial Production,HIGH,-1.2%,-1.6%,2.1%,nasdaq_economic_calendar
2025-09-13-usd-michigan-consumer-expectations-2c1ce5b2,2025-09-13T10:00:00Z,United States,USD,Michigan Consumer Expectations,HIGH,51.8,54.9,55.9,nasdaq_economic_calendar
2025-09-13-usd-michigan-consumer-sentiment-a96c56ee,2025-09-13T10:00:00Z,United States,USD,Michigan Consumer Sentiment,HIGH,55.4,58.2,58.2,nasdaq_economic_calendar
2025-09-17-usd-core-retail-sales-cc0c4fba,2025-09-17T08:30:00Z,United States,USD,Core Retail Sales,HIGH,0.7%,0.4%,0.4%,nasdaq_economic_calendar
2025-09-17-usd-retail-sales-6e130417,2025-09-17T08:30:00Z,United States,USD,Retail Sales,HIGH,5.00%,,4.09%,nasdaq_economic_calendar
2025-09-17-usd-retail-sales-ex-gas-autos-77b3ca4c,2025-09-17T08:30:00Z,United States,USD,Retail Sales Ex Gas/Autos,HIGH,0.7%,,0.3%,nasdaq_economic_calendar
2025-09-17-usd-industrial-production-1bf49041,2025-09-17T09:15:00Z,United States,USD,Industrial Production,HIGH,0.1%,-0.1%,-0.4%,nasdaq_economic_calendar
2025-09-17-jpy-adjusted-trade-balance-b6c564e6,2025-09-17T19:50:00Z,Japan,JPY,Adjusted Trade Balance,HIGH,-0.15T,-0.37T,-0.29T,nasdaq_economic_calendar
2025-09-17-jpy-trade-balance-a24c1845,2025-09-17T19:50:00Z,Japan,JPY,Trade Balance,HIGH,-242.5B,-513.6B,-118.4B,nasdaq_economic_calendar
2025-09-18-usd-fomc-economic-projections-2b2aed0b,2025-09-18T14:00:00Z,United States,USD,FOMC Economic Projections,HIGH,,,,nasdaq_economic_calendar
2025-09-18-usd-fomc-statement-5f96fa54,2025-09-18T14:00:00Z,United States,USD,FOMC Statement,HIGH,,,,nasdaq_economic_calendar
2025-09-18-usd-fed-interest-rate-decision-e4c75235,2025-09-18T14:00:00Z,United States,USD,Fed Interest Rate Decision,HIGH,4.25%,4.25%,4.50%,nasdaq_economic_calendar
2025-09-18-usd-fomc-press-conference-5e35773f,2025-09-18T14:30:00Z,United States,USD,FOMC Press Conference,HIGH,,,,nasdaq_economic_calendar
2025-09-19-jpy-cpi-n-s-a-4339a7ed,2025-09-19T19:30:00Z,Japan,JPY,"CPI, n.s.a",HIGH,0.2%,,0.2%,nasdaq_economic_calendar
2025-09-19-jpy-national-cpi-7d116c6b,2025-09-19T19:30:00Z,Japan,JPY,National CPI,HIGH,2.7%,,3.1%,nasdaq_economic_calendar
2025-09-19-jpy-national-core-cpi-762d2bc7,2025-09-19T19:30:00Z,Japan,JPY,National Core CPI,HIGH,2.7%,2.7%,3.1%,nasdaq_economic_calendar
2025-09-19-jpy-boj-monetary-policy-statement-47e5b303,2025-09-19T22:30:00Z,Japan,JPY,BoJ Monetary Policy Statement,HIGH,,,,nasdaq_economic_calendar
2025-09-19-jpy-boj-interest-rate-decision-1c85aa60,2025-09-19T23:00:00Z,Japan,JPY,BoJ Interest Rate Decision,HIGH,0.50%,0.50%,0.50%,nasdaq_economic_calendar
2025-09-20-jpy-boj-press-conference-58987d2e,2025-09-20T02:30:00Z,Japan,JPY,BoJ Press Conference,HIGH,,,,nasdaq_economic_calendar
2025-09-20-usd-fomc-member-daly-speaks-9f12d83d,2025-09-20T14:30:00Z,United States,USD,FOMC Member Daly Speaks,HIGH,,,,nasdaq_economic_calendar
2025-09-23-usd-fomc-member-williams-speaks-90358b7b,2025-09-23T09:45:00Z,United States,USD,FOMC Member Williams Speaks,HIGH,,,,nasdaq_economic_calendar
2025-09-23-usd-fomc-member-barkin-speaks-8ebdf045,2025-09-23T12:00:00Z,United States,USD,FOMC Member Barkin Speaks,HIGH,,,,nasdaq_economic_calendar
2025-09-24-usd-fomc-member-bowman-speaks-a57e2850,2025-09-24T09:00:00Z,United States,USD,FOMC Member Bowman Speaks,HIGH,,,,nasdaq_economic_calendar
2025-09-24-usd-fomc-member-bostic-speaks-8c257a27,2025-09-24T10:00:00Z,United States,USD,FOMC Member Bostic Speaks,HIGH,,,,nasdaq_economic_calendar
2025-09-25-jpy-boj-core-cpi-094ae503,2025-09-25T01:00:00Z,Japan,JPY,BoJ Core CPI,HIGH,2.0%,1.9%,2.0%,nasdaq_economic_calendar
2025-09-25-usd-fomc-member-daly-speaks-508703d1,2025-09-25T16:10:00Z,United States,USD,FOMC Member Daly Speaks,HIGH,,,,nasdaq_economic_calendar
2025-09-25-jpy-monetary-policy-meeting-minutes-e6daaac6,2025-09-25T19:50:00Z,Japan,JPY,Monetary Policy Meeting Minutes,HIGH,,,,nasdaq_economic_calendar
2025-09-26-usd-core-durable-goods-orders-e5b3cba8,2025-09-26T08:30:00Z,United States,USD,Core Durable Goods Orders,HIGH,0.4%,-0.1%,1.1%,nasdaq_economic_calendar
2025-09-26-usd-core-pce-prices-a30f628f,2025-09-26T08:30:00Z,United States,USD,Core PCE Prices,HIGH,2.60%,2.50%,3.50%,nasdaq_economic_calendar
2025-09-26-usd-durable-goods-orders-fc9dcf50,2025-09-26T08:30:00Z,United States,USD,Durable Goods Orders,HIGH,2.9%,-0.3%,-2.7%,nasdaq_economic_calendar
2025-09-26-usd-gdp-cdab6887,2025-09-26T08:30:00Z,United States,USD,GDP,HIGH,3.8%,3.3%,-0.5%,nasdaq_economic_calendar
2025-09-26-usd-gdp-price-index-143e3872,2025-09-26T08:30:00Z,United States,USD,GDP Price Index,HIGH,2.1%,2.0%,3.8%,nasdaq_economic_calendar
2025-09-26-usd-gdp-sales-dad57cd5,2025-09-26T08:30:00Z,United States,USD,GDP Sales,HIGH,7.5%,6.8%,-3.1%,nasdaq_economic_calendar
2025-09-26-usd-pce-prices-c0ec54ee,2025-09-26T08:30:00Z,United States,USD,PCE Prices,HIGH,2.1%,2.0%,3.7%,nasdaq_economic_calendar
2025-09-26-usd-fomc-member-williams-speaks-ab124769,2025-09-26T09:00:00Z,United States,USD,FOMC Member Williams Speaks,HIGH,,,,nasdaq_economic_calendar
2025-09-26-usd-fomc-member-bowman-speaks-f2090b16,2025-09-26T10:00:00Z,United States,USD,FOMC Member Bowman Speaks,HIGH,,,,nasdaq_economic_calendar
2025-09-26-usd-fomc-member-daly-speaks-4f4f7770,2025-09-26T15:30:00Z,United States,USD,FOMC Member Daly Speaks,HIGH,,,,nasdaq_economic_calendar
2025-09-26-jpy-cpi-tokyo-ex-food-energy-e237688b,2025-09-26T19:30:00Z,Japan,JPY,CPI Tokyo Ex Food & Energy,HIGH,1.0%,,1.5%,nasdaq_economic_calendar
2025-09-26-jpy-cpi-tokyo-ex-food-and-energy-814b1398,2025-09-26T19:30:00Z,Japan,JPY,CPI Tokyo Ex Food and Energy,HIGH,-0.7%,,0.4%,nasdaq_economic_calendar
2025-09-26-jpy-tokyo-cpi-19ced43c,2025-09-26T19:30:00Z,Japan,JPY,Tokyo CPI,HIGH,2.5%,,2.5%,nasdaq_economic_calendar
2025-09-26-jpy-tokyo-core-cpi-89881ee0,2025-09-26T19:30:00Z,Japan,JPY,Tokyo Core CPI,HIGH,2.5%,2.8%,2.5%,nasdaq_economic_calendar
2025-09-27-jpy-boj-board-member-noguchi-speaks-b0fa2c3b,2025-09-27T01:30:00Z,Japan,JPY,BoJ Board Member Noguchi Speaks,HIGH,,,,nasdaq_economic_calendar
2025-09-27-usd-core-pce-price-index-504261d1,2025-09-27T08:30:00Z,United States,USD,Core PCE Price Index,HIGH,0.2%,0.2%,0.2%,nasdaq_economic_calendar
2025-09-27-usd-pce-price-index-9a0421c6,2025-09-27T08:30:00Z,United States,USD,PCE Price index,HIGH,2.7%,2.7%,2.6%,nasdaq_economic_calendar
2025-09-27-usd-pce-price-index-ca9ad0f3,2025-09-27T08:30:00Z,United States,USD,PCE price index,HIGH,0.3%,0.3%,0.2%,nasdaq_economic_calendar
2025-09-27-usd-personal-income-a87788c4,2025-09-27T08:30:00Z,United States,USD,Personal Income,HIGH,0.4%,0.3%,0.4%,nasdaq_economic_calendar
2025-09-27-usd-real-personal-consumption-ea4b79c2,2025-09-27T08:30:00Z,United States,USD,Real Personal Consumption,HIGH,0.4%,,0.4%,nasdaq_economic_calendar
2025-09-27-usd-fomc-member-barkin-speaks-b16e07ac,2025-09-27T09:00:00Z,United States,USD,FOMC Member Barkin Speaks,HIGH,,,,nasdaq_economic_calendar
2025-09-27-usd-michigan-consumer-expectations-7691cdc8,2025-09-27T10:00:00Z,United States,USD,Michigan Consumer Expectations,HIGH,51.7,51.8,55.9,nasdaq_economic_calendar
2025-09-27-usd-michigan-consumer-sentiment-e8b9e15b,2025-09-27T10:00:00Z,United States,USD,Michigan Consumer Sentiment,HIGH,55.1,55.4,58.2,nasdaq_economic_calendar
2025-09-27-usd-fomc-member-bowman-speaks-cb76504e,2025-09-27T13:00:00Z,United States,USD,FOMC Member Bowman Speaks,HIGH,,,,nasdaq_economic_calendar
2025-09-27-usd-fomc-member-bostic-speaks-102f249f,2025-09-27T18:00:00Z,United States,USD,FOMC Member Bostic Speaks,HIGH,,,,nasdaq_economic_calendar
2025-09-30-jpy-boj-board-member-noguchi-speaks-3cb0ebe0,2025-09-30T01:30:00Z,Japan,JPY,BoJ Board Member Noguchi Speaks,HIGH,,,,nasdaq_economic_calendar
2025-09-30-usd-fomc-member-williams-speaks-0b0178ea,2025-09-30T13:30:00Z,United States,USD,FOMC Member Williams Speaks,HIGH,,,,nasdaq_economic_calendar
2025-09-30-usd-fomc-member-bostic-speaks-4784a8e2,2025-09-30T18:00:00Z,United States,USD,FOMC Member Bostic Speaks,HIGH,,,,nasdaq_economic_calendar
2025-09-30-jpy-boj-summary-of-opinions-c5c4e0d3,2025-09-30T19:50:00Z,Japan,JPY,BoJ Summary of Opinions,HIGH,,,,nasdaq_economic_calendar
2025-09-30-jpy-industrial-production-4baf3f74,2025-09-30T19:50:00Z,Japan,JPY,Industrial Production,HIGH,-1.2%,-0.7%,-1.2%,nasdaq_economic_calendar
2025-09-30-jpy-industrial-production-forecast-1m-ahead-c05d85f7,2025-09-30T19:50:00Z,Japan,JPY,Industrial Production forecast 1m ahead,HIGH,4.1%,,2.8%,nasdaq_economic_calendar
2025-09-30-jpy-industrial-production-forecast-2m-ahead-df612c20,2025-09-30T19:50:00Z,Japan,JPY,Industrial Production forecast 2m ahead,HIGH,1.2%,,-0.3%,nasdaq_economic_calendar
2025-09-30-jpy-large-scale-retail-sales-yoy-d8902ebf,2025-09-30T19:50:00Z,Japan,JPY,Large Scale Retail Sales YoY,HIGH,3.0%,,2.0%,nasdaq_economic_calendar
2025-09-30-jpy-retail-sales-ade3ef92,2025-09-30T19:50:00Z,Japan,JPY,Retail Sales,HIGH,-1.1%,1.0%,0.4%,nasdaq_economic_calendar
2025-10-01-usd-cb-consumer-confidence-cf08f11d,2025-10-01T10:00:00Z,United States,USD,CB Consumer Confidence,HIGH,94.2,96.0,97.8,nasdaq_economic_calendar
2025-10-01-usd-jolts-job-openings-944d2412,2025-10-01T10:00:00Z,United States,USD,JOLTS Job Openings,HIGH,7.227M,7.190M,7.208M,nasdaq_economic_calendar
2025-10-01-jpy-tankan-all-big-industry-capex-403c7e5d,2025-10-01T19:50:00Z,Japan,JPY,Tankan All Big Industry CAPEX,HIGH,12.5%,,11.5%,nasdaq_economic_calendar
2025-10-01-jpy-tankan-all-small-industry-capex-4ccea0d6,2025-10-01T19:50:00Z,Japan,JPY,Tankan All Small Industry CAPEX,HIGH,-2.3%,,-5.6%,nasdaq_economic_calendar
2025-10-01-jpy-tankan-big-manufacturing-outlook-index-5cccfd0f,2025-10-01T19:50:00Z,Japan,JPY,Tankan Big Manufacturing Outlook Index,HIGH,12,13,12,nasdaq_economic_calendar
2025-10-01-jpy-tankan-large-manufacturers-index-71c3c22f,2025-10-01T19:50:00Z,Japan,JPY,Tankan Large Manufacturers Index,HIGH,14,14,13,nasdaq_economic_calendar
2025-10-01-jpy-tankan-large-non-manufacturers-diffusion-index-bf49c0aa,2025-10-01T19:50:00Z,Japan,JPY,Tankan Large Non-Manufacturers Diffusion Index,HIGH,28,29,27,nasdaq_economic_calendar
2025-10-01-jpy-tankan-large-non-manufacturers-index-dd7b17e0,2025-10-01T19:50:00Z,Japan,JPY,Tankan Large Non-Manufacturers Index,HIGH,34,33,34,nasdaq_economic_calendar
2025-10-01-jpy-tankan-small-manufacturers-diffusion-index-e06f753d,2025-10-01T19:50:00Z,Japan,JPY,Tankan Small Manufacturers Diffusion Index,HIGH,-1,,-2,nasdaq_economic_calendar
2025-10-01-jpy-tankan-small-manufacturing-index-b34efbce,2025-10-01T19:50:00Z,Japan,JPY,Tankan Small Manufacturing Index,HIGH,1,2,1,nasdaq_economic_calendar
2025-10-01-jpy-tankan-small-non-manufacturers-diffusion-index-2cd09237,2025-10-01T19:50:00Z,Japan,JPY,Tankan Small Non-Manufacturers Diffusion Index,HIGH,10,,9,nasdaq_economic_calendar
2025-10-01-jpy-tankan-small-non-manufacturing-index-530567ad,2025-10-01T19:50:00Z,Japan,JPY,Tankan Small Non-Manufacturing Index,HIGH,14,,15,nasdaq_economic_calendar
2025-10-02-usd-adp-nonfarm-employment-change-d09170e1,2025-10-02T08:15:00Z,United States,USD,ADP Nonfarm Employment Change,HIGH,-32K,52K,-3K,nasdaq_economic_calendar
2025-10-02-usd-ism-manufacturing-employment-4c078033,2025-10-02T10:00:00Z,United States,USD,ISM Manufacturing Employment,HIGH,45.3,44.3,43.8,nasdaq_economic_calendar
2025-10-02-usd-ism-manufacturing-new-orders-index-ee8e2a87,2025-10-02T10:00:00Z,United States,USD,ISM Manufacturing New Orders Index,HIGH,48.9,50.0,51.4,nasdaq_economic_calendar
2025-10-02-usd-ism-manufacturing-pmi-a96d6a00,2025-10-02T10:00:00Z,United States,USD,ISM Manufacturing PMI,HIGH,49.1,49.0,48.7,nasdaq_economic_calendar
2025-10-02-usd-ism-manufacturing-prices-ac0f2cca,2025-10-02T10:00:00Z,United States,USD,ISM Manufacturing Prices,HIGH,61.9,62.7,63.7,nasdaq_economic_calendar
2025-10-02-usd-fomc-member-barkin-speaks-b1b2e970,2025-10-02T12:15:00Z,United States,USD,FOMC Member Barkin Speaks,HIGH,,,,nasdaq_economic_calendar
2025-10-03-jpy-boj-gov-ueda-speaks-6dd54223,2025-10-03T21:05:00Z,Japan,JPY,BOJ Gov Ueda Speaks,HIGH,,,,nasdaq_economic_calendar
2025-10-04-usd-fomc-member-williams-speaks-050ddbdc,2025-10-04T06:05:00Z,United States,USD,FOMC Member Williams Speaks,HIGH,,,,nasdaq_economic_calendar
2025-10-04-usd-ism-non-manufacturing-business-activity-e5e65fb0,2025-10-04T10:00:00Z,United States,USD,ISM Non-Manufacturing Business Activity,HIGH,49.9,51.8,55.0,nasdaq_economic_calendar
2025-10-04-usd-ism-non-manufacturing-employment-de249825,2025-10-04T10:00:00Z,United States,USD,ISM Non-Manufacturing Employment,HIGH,47.2,46.6,46.5,nasdaq_economic_calendar
2025-10-04-usd-ism-non-manufacturing-new-orders-51b03252,2025-10-04T10:00:00Z,United States,USD,ISM Non-Manufacturing New Orders,HIGH,50.4,54.0,56.0,nasdaq_economic_calendar
2025-10-04-usd-ism-non-manufacturing-pmi-3cacb68a,2025-10-04T10:00:00Z,United States,USD,ISM Non-Manufacturing PMI,HIGH,50.0,51.8,52.0,nasdaq_economic_calendar
2025-10-04-usd-ism-non-manufacturing-prices-41b8e5db,2025-10-04T10:00:00Z,United States,USD,ISM Non-Manufacturing Prices,HIGH,69.4,68.0,69.2,nasdaq_economic_calendar
2025-10-08-usd-fomc-member-bostic-speaks-601ce73b,2025-10-08T10:00:00Z,United States,USD,FOMC Member Bostic Speaks,HIGH,,,,nasdaq_economic_calendar
2025-10-08-usd-fomc-member-bowman-speaks-ba0ed287,2025-10-08T10:05:00Z,United States,USD,FOMC Member Bowman Speaks,HIGH,,,,nasdaq_economic_calendar
2025-10-08-usd-fomc-member-kashkari-speaks-4c6b562d,2025-10-08T11:30:00Z,United States,USD,FOMC Member Kashkari Speaks,HIGH,,,,nasdaq_economic_calendar
2025-10-08-jpy-reuters-tankan-index-3b17b41c,2025-10-08T19:00:00Z,Japan,JPY,Reuters Tankan Index,HIGH,8,,13,nasdaq_economic_calendar
2025-10-09-usd-fomc-meeting-minutes-29502c80,2025-10-09T14:00:00Z,United States,USD,FOMC Meeting Minutes,HIGH,,,,nasdaq_economic_calendar
2025-10-09-usd-fomc-member-kashkari-speaks-a9c1621f,2025-10-09T15:15:00Z,United States,USD,FOMC Member Kashkari Speaks,HIGH,,,,nasdaq_economic_calendar
2025-10-10-usd-fomc-member-bowman-speaks-2dc14c59,2025-10-10T08:35:00Z,United States,USD,FOMC Member Bowman Speaks,HIGH,,,,nasdaq_economic_calendar
2025-10-10-usd-fomc-member-bowman-speaks-7f1b7417,2025-10-10T15:45:00Z,United States,USD,FOMC Member Bowman Speaks,HIGH,,,,nasdaq_economic_calendar
2025-10-10-usd-fomc-member-daly-speaks-73d08d31,2025-10-10T21:40:00Z,United States,USD,FOMC Member Daly Speaks,HIGH,,,,nasdaq_economic_calendar
2025-10-11-usd-michigan-consumer-expectations-2d74a318,2025-10-11T10:00:00Z,United States,USD,Michigan Consumer Expectations,HIGH,51.2,51.7,51.7,nasdaq_economic_calendar
2025-10-11-usd-michigan-consumer-sentiment-1c3c99f7,2025-10-11T10:00:00Z,United States,USD,Michigan Consumer Sentiment,HIGH,55.0,54.1,55.1,nasdaq_economic_calendar
2025-10-15-usd-fomc-member-bowman-speaks-11831409,2025-10-15T08:45:00Z,United States,USD,FOMC Member Bowman Speaks,HIGH,,,,nasdaq_economic_calendar
2025-10-16-jpy-industrial-production-66aba969,2025-10-16T00:30:00Z,Japan,JPY,Industrial Production,HIGH,-1.5%,-1.2%,-1.2%,nasdaq_economic_calendar
2025-10-16-usd-fomc-member-bostic-speaks-634673cf,2025-10-16T12:10:00Z,United States,USD,FOMC Member Bostic Speaks,HIGH,,,,nasdaq_economic_calendar
2025-10-16-jpy-boj-tamura-speaks-5e4a784e,2025-10-16T21:30:00Z,Japan,JPY,BoJ Tamura Speaks,HIGH,,,,nasdaq_economic_calendar
2025-10-17-usd-fomc-member-barkin-speaks-d65b654d,2025-10-17T08:00:00Z,United States,USD,FOMC Member Barkin Speaks,HIGH,,,,nasdaq_economic_calendar
2025-10-17-usd-fomc-member-bowman-speaks-30a308f0,2025-10-17T10:00:00Z,United States,USD,FOMC Member Bowman Speaks,HIGH,,,,nasdaq_economic_calendar
2025-10-17-usd-fomc-member-barkin-speaks-9e64882e,2025-10-17T12:45:00Z,United States,USD,FOMC Member Barkin Speaks,HIGH,,,,nasdaq_economic_calendar
2025-10-17-usd-fomc-member-kashkari-speaks-e675f428,2025-10-17T18:00:00Z,United States,USD,FOMC Member Kashkari Speaks,HIGH,,,,nasdaq_economic_calendar
2025-10-22-jpy-adjusted-trade-balance-ef3286ec,2025-10-22T19:50:00Z,Japan,JPY,Adjusted Trade Balance,HIGH,-0.31T,-0.11T,-0.15T,nasdaq_economic_calendar
2025-10-22-jpy-trade-balance-67ff6ccd,2025-10-22T19:50:00Z,Japan,JPY,Trade Balance,HIGH,-234.6B,22.0B,-242.8B,nasdaq_economic_calendar
2025-10-24-usd-fomc-member-bowman-speaks-94db3de9,2025-10-24T10:00:00Z,United States,USD,FOMC Member Bowman Speaks,HIGH,,,,nasdaq_economic_calendar
2025-10-24-jpy-cpi-n-s-a-be1896cc,2025-10-24T19:30:00Z,Japan,JPY,"CPI, n.s.a",HIGH,-0.1%,,0.2%,nasdaq_economic_calendar
2025-10-24-jpy-national-cpi-0ed5dd4a,2025-10-24T19:30:00Z,Japan,JPY,National CPI,HIGH,2.9%,,2.7%,nasdaq_economic_calendar
2025-10-24-jpy-national-core-cpi-37233874,2025-10-24T19:30:00Z,Japan,JPY,National Core CPI,HIGH,2.9%,2.9%,2.7%,nasdaq_economic_calendar
2025-10-25-usd-cpi-20b76c91,2025-10-25T08:30:00Z,United States,USD,CPI,HIGH,0.3%,0.4%,0.4%,nasdaq_economic_calendar
2025-10-25-usd-cpi-index-n-s-a-94e3147d,2025-10-25T08:30:00Z,United States,USD,"CPI Index, n.s.a.",HIGH,324.80,325.01,323.98,nasdaq_economic_calendar
2025-10-25-usd-cpi-index-s-a-d113f8ed,2025-10-25T08:30:00Z,United States,USD,"CPI Index, s.a",HIGH,324.37,,323.36,nasdaq_economic_calendar
2025-10-25-usd-cpi-n-s-a-195314bd,2025-10-25T08:30:00Z,United States,USD,"CPI, n.s.a",HIGH,0.25%,,0.29%,nasdaq_economic_calendar
2025-10-25-usd-core-cpi-b5d71141,2025-10-25T08:30:00Z,United States,USD,Core CPI,HIGH,0.2%,0.3%,0.3%,nasdaq_economic_calendar
2025-10-25-usd-core-cpi-index-80f32ae7,2025-10-25T08:30:00Z,United States,USD,Core CPI Index,HIGH,330.54,,329.79,nasdaq_economic_calendar
2025-10-25-usd-michigan-consumer-expectations-6e80841a,2025-10-25T10:00:00Z,United States,USD,Michigan Consumer Expectations,HIGH,50.3,51.2,51.7,nasdaq_economic_calendar
2025-10-25-usd-michigan-consumer-sentiment-2888b9b8,2025-10-25T10:00:00Z,United States,USD,Michigan Consumer Sentiment,HIGH,53.6,55.0,55.1,nasdaq_economic_calendar
2025-10-25-usd-cleveland-cpi-9d58bc37,2025-10-25T11:00:00Z,United States,USD,Cleveland CPI,HIGH,0.2%,,0.3%,nasdaq_economic_calendar
2025-10-29-jpy-boj-core-cpi-f617f1e9,2025-10-29T01:00:00Z,Japan,JPY,BoJ Core CPI,HIGH,2.1%,2.1%,2.0%,nasdaq_economic_calendar
2025-10-29-usd-cb-consumer-confidence-54429447,2025-10-29T10:00:00Z,United States,USD,CB Consumer Confidence,HIGH,94.6,93.4,95.6,nasdaq_economic_calendar
2025-10-29-usd-adp-employment-change-weekly-06f28e52,2025-10-29T13:45:00Z,United States,USD,ADP Employment Change Weekly,HIGH,14.25K,,,nasdaq_economic_calendar
2025-10-30-usd-fomc-statement-5ff1c62b,2025-10-30T14:00:00Z,United States,USD,FOMC Statement,HIGH,,,,nasdaq_economic_calendar
2025-10-30-usd-fed-interest-rate-decision-a27e76f8,2025-10-30T14:00:00Z,United States,USD,Fed Interest Rate Decision,HIGH,4.00%,4.00%,4.25%,nasdaq_economic_calendar
2025-10-30-usd-fomc-press-conference-5a14c388,2025-10-30T14:30:00Z,United States,USD,FOMC Press Conference,HIGH,,,,nasdaq_economic_calendar
2025-10-30-jpy-boj-gov-ueda-speaks-1e5e199c,2025-10-30T22:30:00Z,Japan,JPY,BOJ Gov Ueda Speaks,HIGH,,,,nasdaq_economic_calendar
2025-10-30-jpy-boj-monetary-policy-statement-ec3fbef8,2025-10-30T22:30:00Z,Japan,JPY,BoJ Monetary Policy Statement,HIGH,,,,nasdaq_economic_calendar
2025-10-30-jpy-boj-interest-rate-decision-421d459d,2025-10-30T23:00:00Z,Japan,JPY,BoJ Interest Rate Decision,HIGH,0.50%,0.50%,0.50%,nasdaq_economic_calendar
2025-10-30-jpy-boj-outlook-report-2cc8542c,2025-10-30T23:00:00Z,Japan,JPY,BoJ Outlook Report,HIGH,,,,nasdaq_economic_calendar
2025-10-31-jpy-boj-press-conference-3ec2d6a7,2025-10-31T02:30:00Z,Japan,JPY,BoJ Press Conference,HIGH,,,,nasdaq_economic_calendar
2025-10-31-usd-fomc-member-bowman-speaks-568aa000,2025-10-31T09:55:00Z,United States,USD,FOMC Member Bowman Speaks,HIGH,,,,nasdaq_economic_calendar
2025-10-31-jpy-cpi-tokyo-ex-food-energy-add99bdc,2025-10-31T19:30:00Z,Japan,JPY,CPI Tokyo Ex Food & Energy,HIGH,1.6%,,1.0%,nasdaq_economic_calendar
2025-10-31-jpy-cpi-tokyo-ex-food-and-energy-df4bd2c2,2025-10-31T19:30:00Z,Japan,JPY,CPI Tokyo Ex Food and Energy,HIGH,0.9%,,-0.7%,nasdaq_economic_calendar
2025-10-31-jpy-tokyo-cpi-e8496417,2025-10-31T19:30:00Z,Japan,JPY,Tokyo CPI,HIGH,2.8%,,2.5%,nasdaq_economic_calendar
2025-10-31-jpy-tokyo-core-cpi-15c6631a,2025-10-31T19:30:00Z,Japan,JPY,Tokyo Core CPI,HIGH,2.8%,2.6%,2.5%,nasdaq_economic_calendar
2025-10-31-jpy-industrial-production-cdfe3bfe,2025-10-31T19:50:00Z,Japan,JPY,Industrial Production,HIGH,2.2%,1.5%,-1.5%,nasdaq_economic_calendar
2025-10-31-jpy-industrial-production-forecast-1m-ahead-f18005a9,2025-10-31T19:50:00Z,Japan,JPY,Industrial Production forecast 1m ahead,HIGH,1.9%,,4.1%,nasdaq_economic_calendar
2025-10-31-jpy-industrial-production-forecast-2m-ahead-21ec1253,2025-10-31T19:50:00Z,Japan,JPY,Industrial Production forecast 2m ahead,HIGH,-0.9%,,1.2%,nasdaq_economic_calendar
2025-10-31-jpy-large-scale-retail-sales-yoy-7442f1c6,2025-10-31T19:50:00Z,Japan,JPY,Large Scale Retail Sales YoY,HIGH,3.0%,,3.0%,nasdaq_economic_calendar
2025-10-31-jpy-retail-sales-c4ae04a6,2025-10-31T19:50:00Z,Japan,JPY,Retail Sales,HIGH,0.5%,0.8%,-0.9%,nasdaq_economic_calendar
2025-11-01-usd-fomc-member-bostic-speaks-ca8ab8ba,2025-11-01T12:00:00Z,United States,USD,FOMC Member Bostic Speaks,HIGH,,,,nasdaq_economic_calendar
2025-11-04-usd-ism-manufacturing-employment-42d80832,2025-11-04T11:00:00Z,United States,USD,ISM Manufacturing Employment,HIGH,46.0,,45.3,nasdaq_economic_calendar
2025-11-04-usd-ism-manufacturing-new-orders-index-0e2c30f8,2025-11-04T11:00:00Z,United States,USD,ISM Manufacturing New Orders Index,HIGH,49.4,,48.9,nasdaq_economic_calendar
2025-11-04-usd-ism-manufacturing-pmi-fd95cdab,2025-11-04T11:00:00Z,United States,USD,ISM Manufacturing PMI,HIGH,48.7,49.4,49.1,nasdaq_economic_calendar
2025-11-04-usd-ism-manufacturing-prices-5aeb0180,2025-11-04T11:00:00Z,United States,USD,ISM Manufacturing Prices,HIGH,58.0,62.4,61.9,nasdaq_economic_calendar
2025-11-04-usd-fomc-member-daly-speaks-3e3ac21e,2025-11-04T13:00:00Z,United States,USD,FOMC Member Daly Speaks,HIGH,,,,nasdaq_economic_calendar
2025-11-05-usd-fomc-member-bowman-speaks-8eeb345f,2025-11-05T07:35:00Z,United States,USD,FOMC Member Bowman Speaks,HIGH,,,,nasdaq_economic_calendar
2025-11-05-jpy-monetary-policy-meeting-minutes-f9a00415,2025-11-05T19:50:00Z,Japan,JPY,Monetary Policy Meeting Minutes,HIGH,,,,nasdaq_economic_calendar
2025-11-06-usd-adp-nonfarm-employment-change-9d6401fd,2025-11-06T09:15:00Z,United States,USD,ADP Nonfarm Employment Change,HIGH,42K,32K,-29K,nasdaq_economic_calendar
2025-11-06-usd-ism-non-manufacturing-business-activity-a5ea8ed6,2025-11-06T11:00:00Z,United States,USD,ISM Non-Manufacturing Business Activity,HIGH,54.3,,49.9,nasdaq_economic_calendar
2025-11-06-usd-ism-non-manufacturing-employment-c1be5950,2025-11-06T11:00:00Z,United States,USD,ISM Non-Manufacturing Employment,HIGH,48.2,47.6,47.2,nasdaq_economic_calendar
2025-11-06-usd-ism-non-manufacturing-new-orders-bc7df83a,2025-11-06T11:00:00Z,United States,USD,ISM Non-Manufacturing New Orders,HIGH,56.2,51.0,50.4,nasdaq_economic_calendar
2025-11-06-usd-ism-non-manufacturing-pmi-8d7ada1d,2025-11-06T11:00:00Z,United States,USD,ISM Non-Manufacturing PMI,HIGH,52.4,50.7,50.0,nasdaq_economic_calendar
2025-11-06-usd-ism-non-manufacturing-prices-8f3f304b,2025-11-06T11:00:00Z,United States,USD,ISM Non-Manufacturing Prices,HIGH,70.0,68.0,69.4,nasdaq_economic_calendar
2025-11-07-usd-fomc-member-williams-speaks-d51be129,2025-11-07T12:00:00Z,United States,USD,FOMC Member Williams Speaks,HIGH,,,,nasdaq_economic_calendar
2025-11-08-usd-fomc-member-williams-speaks-4d1d4019,2025-11-08T04:00:00Z,United States,USD,FOMC Member Williams Speaks,HIGH,,,,nasdaq_economic_calendar
2025-11-08-usd-michigan-consumer-expectations-0c88319c,2025-11-08T11:00:00Z,United States,USD,Michigan Consumer Expectations,HIGH,49.0,50.3,50.3,nasdaq_economic_calendar
2025-11-08-usd-michigan-consumer-sentiment-769b6cd1,2025-11-08T11:00:00Z,United States,USD,Michigan Consumer Sentiment,HIGH,50.3,53.0,53.6,nasdaq_economic_calendar
2025-11-10-jpy-boj-summary-of-opinions-c53391de,2025-11-10T19:50:00Z,Japan,JPY,BoJ Summary of Opinions,HIGH,,,,nasdaq_economic_calendar
2025-11-10-jpy-boj-board-member-nakagawa-speaks-39ba33e9,2025-11-10T23:40:00Z,Japan,JPY,BoJ Board Member Nakagawa Speaks,HIGH,,,,nasdaq_economic_calendar
2025-11-11-usd-fomc-member-daly-speaks-7ae9f971,2025-11-11T09:30:00Z,United States,USD,FOMC Member Daly Speaks,HIGH,,,,nasdaq_economic_calendar
2025-11-12-usd-adp-employment-change-weekly-af8976bd,2025-11-12T14:45:00Z,United States,USD,ADP Employment Change Weekly,HIGH,-11.25K,,14.25K,nasdaq_economic_calendar
2025-11-12-jpy-reuters-tankan-index-40f6319b,2025-11-12T19:00:00Z,Japan,JPY,Reuters Tankan Index,HIGH,17,,8,nasdaq_economic_calendar
2025-11-13-usd-fomc-member-williams-speaks-763b45ee,2025-11-13T10:20:00Z,United States,USD,FOMC Member Williams Speaks,HIGH,,,,nasdaq_economic_calendar
2025-11-13-usd-fomc-member-bostic-speaks-5da4ae05,2025-11-13T13:15:00Z,United States,USD,FOMC Member Bostic Speaks,HIGH,,,,nasdaq_economic_calendar
2025-11-14-usd-fomc-member-daly-speaks-b030a7e4,2025-11-14T09:00:00Z,United States,USD,FOMC Member Daly Speaks,HIGH,,,,nasdaq_economic_calendar
2025-11-14-usd-fomc-member-kashkari-speaks-2ced4fed,2025-11-14T11:30:00Z,United States,USD,FOMC Member Kashkari Speaks,HIGH,,,,nasdaq_economic_calendar
2025-11-15-usd-fomc-member-bostic-speaks-6321589d,2025-11-15T10:20:00Z,United States,USD,FOMC Member Bostic Speaks,HIGH,,,,nasdaq_economic_calendar
2025-11-15-usd-fomc-member-bostic-speaks-bc27747b,2025-11-15T16:20:00Z,United States,USD,FOMC Member Bostic Speaks,HIGH,,,,nasdaq_economic_calendar
2025-11-17-jpy-gdp-cea45252,2025-11-17T19:50:00Z,Japan,JPY,GDP,HIGH,-0.4%,-0.6%,0.6%,nasdaq_economic_calendar
2025-11-17-jpy-gdp-annualized-5e4acde4,2025-11-17T19:50:00Z,Japan,JPY,GDP Annualized,HIGH,-1.8%,,2.3%,nasdaq_economic_calendar
2025-11-17-jpy-gdp-capital-expenditure-b69c232e,2025-11-17T19:50:00Z,Japan,JPY,GDP Capital Expenditure,HIGH,1.0%,,0.8%,nasdaq_economic_calendar
2025-11-17-jpy-gdp-external-demand-4b171157,2025-11-17T19:50:00Z,Japan,JPY,GDP External Demand,HIGH,-0.2%,,0.2%,nasdaq_economic_calendar
2025-11-17-jpy-gdp-price-index-1c94e110,2025-11-17T19:50:00Z,Japan,JPY,GDP Price Index,HIGH,2.8%,3.1%,2.9%,nasdaq_economic_calendar
2025-11-17-jpy-gdp-private-consumption-42a8d5f6,2025-11-17T19:50:00Z,Japan,JPY,GDP Private Consumption,HIGH,0.1%,0.1%,0.4%,nasdaq_economic_calendar
2025-11-18-jpy-industrial-production-ca70573e,2025-11-18T00:30:00Z,Japan,JPY,Industrial Production,HIGH,2.6%,2.2%,-1.5%,nasdaq_economic_calendar
2025-11-18-usd-fomc-member-williams-speaks-62e706e9,2025-11-18T10:00:00Z,United States,USD,FOMC Member Williams Speaks,HIGH,,,,nasdaq_economic_calendar
2025-11-18-usd-fomc-member-kashkari-speaks-074b277b,2025-11-18T14:00:00Z,United States,USD,FOMC Member Kashkari Speaks,HIGH,,,,nasdaq_economic_calendar
2025-11-19-usd-adp-employment-change-weekly-198b6ee2,2025-11-19T09:30:00Z,United States,USD,ADP Employment Change Weekly,HIGH,-2.50K,,-11.25K,nasdaq_economic_calendar
2025-11-19-usd-fomc-member-barkin-speaks-cee591a3,2025-11-19T12:00:00Z,United States,USD,FOMC Member Barkin Speaks,HIGH,,,,nasdaq_economic_calendar
2025-11-20-usd-fomc-member-barkin-speaks-cc48c0fb,2025-11-20T13:45:00Z,United States,USD,FOMC Member Barkin Speaks,HIGH,,,,nasdaq_economic_calendar
2025-11-20-usd-fomc-meeting-minutes-45a0f7ec,2025-11-20T15:00:00Z,United States,USD,FOMC Meeting Minutes,HIGH,,,,nasdaq_economic_calendar
2025-11-20-usd-fomc-member-williams-speaks-67ab647f,2025-11-20T15:00:00Z,United States,USD,FOMC Member Williams Speaks,HIGH,,,,nasdaq_economic_calendar
2025-11-21-usd-average-hourly-earnings-9c77ab87,2025-11-21T09:30:00Z,United States,USD,Average Hourly Earnings,HIGH,0.2%,0.3%,0.4%,nasdaq_economic_calendar
2025-11-21-usd-average-hourly-earnings-yoy-c1fa9a2f,2025-11-21T09:30:00Z,United States,USD,Average Hourly Earnings (YoY),HIGH,3.8%,3.7%,3.8%,nasdaq_economic_calendar
2025-11-21-usd-nonfarm-payrolls-f34904eb,2025-11-21T09:30:00Z,United States,USD,Nonfarm Payrolls,HIGH,119K,53K,-4K,nasdaq_economic_calendar
2025-11-21-usd-private-nonfarm-payrolls-1486117d,2025-11-21T09:30:00Z,United States,USD,Private Nonfarm Payrolls,HIGH,97K,62K,18K,nasdaq_economic_calendar
2025-11-21-usd-u6-unemployment-rate-1aeb7bdd,2025-11-21T09:30:00Z,United States,USD,U6 Unemployment Rate,HIGH,8.0%,,8.1%,nasdaq_economic_calendar
2025-11-21-usd-unemployment-rate-a58fe396,2025-11-21T09:30:00Z,United States,USD,Unemployment Rate,HIGH,4.4%,4.3%,4.3%,nasdaq_economic_calendar
2025-11-21-jpy-cpi-n-s-a-44a23cbd,2025-11-21T19:30:00Z,Japan,JPY,"CPI, n.s.a",HIGH,0.7%,,-0.1%,nasdaq_economic_calendar
2025-11-21-jpy-national-cpi-16a1cf20,2025-11-21T19:30:00Z,Japan,JPY,National CPI,HIGH,0.4%,,0.1%,nasdaq_economic_calendar
2025-11-21-jpy-national-core-cpi-5c042381,2025-11-21T19:30:00Z,Japan,JPY,National Core CPI,HIGH,3.0%,3.0%,2.9%,nasdaq_economic_calendar
2025-11-21-jpy-adjusted-trade-balance-8adcb65c,2025-11-21T19:50:00Z,Japan,JPY,Adjusted Trade Balance,HIGH,0.00T,-0.13T,-0.30T,nasdaq_economic_calendar
2025-11-21-jpy-trade-balance-bafbb4f9,2025-11-21T19:50:00Z,Japan,JPY,Trade Balance,HIGH,-231.8B,-280.0B,-234.6B,nasdaq_economic_calendar
2025-11-22-usd-fomc-member-williams-speaks-eccc19c0,2025-11-22T08:30:00Z,United States,USD,FOMC Member Williams Speaks,HIGH,,,,nasdaq_economic_calendar
2025-11-22-usd-michigan-consumer-expectations-0ac7e344,2025-11-22T11:00:00Z,United States,USD,Michigan Consumer Expectations,HIGH,51.0,49.0,50.3,nasdaq_economic_calendar
2025-11-22-usd-michigan-consumer-sentiment-343c241b,2025-11-22T11:00:00Z,United States,USD,Michigan Consumer Sentiment,HIGH,51.0,50.3,53.6,nasdaq_economic_calendar
2025-11-26-usd-adp-employment-change-weekly-eeff275a,2025-11-26T09:15:00Z,United States,USD,ADP Employment Change Weekly,HIGH,-13.50K,,-2.50K,nasdaq_economic_calendar
2025-11-26-usd-core-ppi-8b15d261,2025-11-26T09:30:00Z,United States,USD,Core PPI,HIGH,0.1%,0.2%,-0.1%,nasdaq_economic_calendar
2025-11-26-usd-core-retail-sales-5405d55c,2025-11-26T09:30:00Z,United States,USD,Core Retail Sales,HIGH,0.3%,0.3%,0.6%,nasdaq_economic_calendar
2025-11-26-usd-ppi-1155c4b7,2025-11-26T09:30:00Z,United States,USD,PPI,HIGH,0.3%,0.3%,-0.1%,nasdaq_economic_calendar
2025-11-26-usd-ppi-ex-food-energy-transport-a58350a1,2025-11-26T09:30:00Z,United States,USD,PPI ex. Food/Energy/Transport,HIGH,0.1%,0.2%,0.3%,nasdaq_economic_calendar
2025-11-26-usd-retail-sales-d883f153,2025-11-26T09:30:00Z,United States,USD,Retail Sales,HIGH,0.2%,0.4%,0.6%,nasdaq_economic_calendar
2025-11-26-usd-retail-sales-ex-gas-autos-8de591d1,2025-11-26T09:30:00Z,United States,USD,Retail Sales Ex Gas/Autos,HIGH,0.1%,0.4%,0.6%,nasdaq_economic_calendar
2025-11-26-usd-cb-consumer-confidence-d57cad21,2025-11-26T11:00:00Z,United States,USD,CB Consumer Confidence,HIGH,88.7,93.5,95.5,nasdaq_economic_calendar
2025-11-27-jpy-boj-core-cpi-535f9412,2025-11-27T01:00:00Z,Japan,JPY,BoJ Core CPI,HIGH,2.2%,2.2%,2.1%,nasdaq_economic_calendar
2025-11-27-usd-core-durable-goods-orders-f64b4f0d,2025-11-27T09:30:00Z,United States,USD,Core Durable Goods Orders,HIGH,0.6%,,0.5%,nasdaq_economic_calendar
2025-11-27-usd-durable-goods-orders-03df15ff,2025-11-27T09:30:00Z,United States,USD,Durable Goods Orders,HIGH,0.5%,0.5%,3.0%,nasdaq_economic_calendar
2025-11-27-jpy-boj-board-member-noguchi-speaks-0cdbfa3d,2025-11-27T21:30:00Z,Japan,JPY,BoJ Board Member Noguchi Speaks,HIGH,,,,nasdaq_economic_calendar
2025-11-28-jpy-cpi-tokyo-ex-food-energy-01484e71,2025-11-28T19:30:00Z,Japan,JPY,CPI Tokyo Ex Food & Energy,HIGH,1.6%,,1.6%,nasdaq_economic_calendar
2025-11-28-jpy-cpi-tokyo-ex-food-and-energy-d144dcf4,2025-11-28T19:30:00Z,Japan,JPY,CPI Tokyo Ex Food and Energy,HIGH,0.1%,,0.9%,nasdaq_economic_calendar
2025-11-28-jpy-tokyo-cpi-412029b4,2025-11-28T19:30:00Z,Japan,JPY,Tokyo CPI,HIGH,2.7%,2.7%,2.8%,nasdaq_economic_calendar
2025-11-28-jpy-tokyo-core-cpi-6386351f,2025-11-28T19:30:00Z,Japan,JPY,Tokyo Core CPI,HIGH,2.8%,2.7%,2.8%,nasdaq_economic_calendar
2025-11-28-jpy-industrial-production-388ebd31,2025-11-28T19:50:00Z,Japan,JPY,Industrial Production,HIGH,1.4%,-0.5%,2.6%,nasdaq_economic_calendar
2025-11-28-jpy-industrial-production-forecast-1m-ahead-aaaf4007,2025-11-28T19:50:00Z,Japan,JPY,Industrial Production forecast 1m ahead,HIGH,-1.2%,,1.9%,nasdaq_economic_calendar
2025-11-28-jpy-industrial-production-forecast-2m-ahead-39e41cb1,2025-11-28T19:50:00Z,Japan,JPY,Industrial Production forecast 2m ahead,HIGH,-2.0%,,-0.9%,nasdaq_economic_calendar
2025-11-28-jpy-large-scale-retail-sales-yoy-42e73178,2025-11-28T19:50:00Z,Japan,JPY,Large Scale Retail Sales YoY,HIGH,5.0%,,3.0%,nasdaq_economic_calendar
2025-11-28-jpy-retail-sales-8cb97bae,2025-11-28T19:50:00Z,Japan,JPY,Retail Sales,HIGH,1.7%,0.8%,0.2%,nasdaq_economic_calendar
2025-12-01-jpy-boj-gov-ueda-speaks-bfaf9552,2025-12-01T21:05:00Z,Japan,JPY,BOJ Gov Ueda Speaks,HIGH,,,,nasdaq_economic_calendar
2025-12-02-usd-ism-manufacturing-employment-d36390b4,2025-12-02T11:00:00Z,United States,USD,ISM Manufacturing Employment,HIGH,44.0,,46.0,nasdaq_economic_calendar
2025-12-02-usd-ism-manufacturing-new-orders-index-c40e3d90,2025-12-02T11:00:00Z,United States,USD,ISM Manufacturing New Orders Index,HIGH,47.4,,49.4,nasdaq_economic_calendar
2025-12-02-usd-ism-manufacturing-pmi-bc2c406d,2025-12-02T11:00:00Z,United States,USD,ISM Manufacturing PMI,HIGH,48.2,49.0,48.7,nasdaq_economic_calendar
2025-12-02-usd-ism-manufacturing-prices-672a467b,2025-12-02T11:00:00Z,United States,USD,ISM Manufacturing Prices,HIGH,58.5,59.5,58.0,nasdaq_economic_calendar
2025-12-03-usd-fomc-member-bowman-speaks-d53a1aa2,2025-12-03T11:00:00Z,United States,USD,FOMC Member Bowman Speaks,HIGH,,,,nasdaq_economic_calendar
2025-12-04-usd-adp-nonfarm-employment-change-3d48273d,2025-12-04T09:15:00Z,United States,USD,ADP Nonfarm Employment Change,HIGH,-32K,5K,47K,nasdaq_economic_calendar
2025-12-04-usd-industrial-production-4f31dd66,2025-12-04T10:15:00Z,United States,USD,Industrial Production,HIGH,1.62%,,0.84%,nasdaq_economic_calendar
2025-12-04-usd-ism-non-manufacturing-business-activity-a020d739,2025-12-04T11:00:00Z,United States,USD,ISM Non-Manufacturing Business Activity,HIGH,54.5,,54.3,nasdaq_economic_calendar
2025-12-04-usd-ism-non-manufacturing-employment-45a668e2,2025-12-04T11:00:00Z,United States,USD,ISM Non-Manufacturing Employment,HIGH,48.9,,48.2,nasdaq_economic_calendar
2025-12-04-usd-ism-non-manufacturing-new-orders-0fafffee,2025-12-04T11:00:00Z,United States,USD,ISM Non-Manufacturing New Orders,HIGH,52.9,,56.2,nasdaq_economic_calendar
2025-12-04-usd-ism-non-manufacturing-pmi-4fc41488,2025-12-04T11:00:00Z,United States,USD,ISM Non-Manufacturing PMI,HIGH,52.6,52.0,52.4,nasdaq_economic_calendar
2025-12-04-usd-ism-non-manufacturing-prices-e62f5b0c,2025-12-04T11:00:00Z,United States,USD,ISM Non-Manufacturing Prices,HIGH,65.4,68.0,70.0,nasdaq_economic_calendar
2025-12-05-usd-fomc-member-bowman-speaks-f98674a5,2025-12-05T13:00:00Z,United States,USD,FOMC Member Bowman Speaks,HIGH,,,,nasdaq_economic_calendar
2025-12-06-usd-core-pce-price-index-bf3d5163,2025-12-06T11:00:00Z,United States,USD,Core PCE Price Index,HIGH,0.2%,0.2%,0.2%,nasdaq_economic_calendar
2025-12-06-usd-michigan-consumer-expectations-44ff9914,2025-12-06T11:00:00Z,United States,USD,Michigan Consumer Expectations,HIGH,55.0,52.0,51.0,nasdaq_economic_calendar
2025-12-06-usd-michigan-consumer-sentiment-3d84eff9,2025-12-06T11:00:00Z,United States,USD,Michigan Consumer Sentiment,HIGH,53.3,,51.0,nasdaq_economic_calendar
2025-12-06-usd-pce-price-index-69d03e3f,2025-12-06T11:00:00Z,United States,USD,PCE Price index,HIGH,2.8%,2.8%,2.7%,nasdaq_economic_calendar
2025-12-06-usd-pce-price-index-d3d9e4a8,2025-12-06T11:00:00Z,United States,USD,PCE price index,HIGH,0.3%,0.3%,0.3%,nasdaq_economic_calendar
2025-12-06-usd-personal-income-5e009796,2025-12-06T11:00:00Z,United States,USD,Personal Income,HIGH,0.4%,0.3%,0.4%,nasdaq_economic_calendar
2025-12-06-usd-real-personal-consumption-8af83e0a,2025-12-06T11:00:00Z,United States,USD,Real Personal Consumption,HIGH,0.0%,,0.2%,nasdaq_economic_calendar
2025-12-08-jpy-gdp-687cc76d,2025-12-08T19:50:00Z,Japan,JPY,GDP,HIGH,-0.6%,-0.4%,0.5%,nasdaq_economic_calendar
2025-12-08-jpy-gdp-annualized-20a8c6a8,2025-12-08T19:50:00Z,Japan,JPY,GDP Annualized,HIGH,-2.3%,-1.8%,2.1%,nasdaq_economic_calendar
2025-12-08-jpy-gdp-capital-expenditure-f0543f5c,2025-12-08T19:50:00Z,Japan,JPY,GDP Capital Expenditure,HIGH,-0.2%,1.0%,1.3%,nasdaq_economic_calendar
2025-12-08-jpy-gdp-external-demand-dca224d4,2025-12-08T19:50:00Z,Japan,JPY,GDP External Demand,HIGH,-0.2%,-0.2%,0.1%,nasdaq_economic_calendar
2025-12-08-jpy-gdp-price-index-ae0f0e2a,2025-12-08T19:50:00Z,Japan,JPY,GDP Price Index,HIGH,3.4%,2.8%,3.3%,nasdaq_economic_calendar
2025-12-08-jpy-gdp-private-consumption-6fdaa27b,2025-12-08T19:50:00Z,Japan,JPY,GDP Private Consumption,HIGH,0.2%,0.1%,0.3%,nasdaq_economic_calendar
2025-12-10-jpy-boj-gov-ueda-speaks-d0ad824b,2025-12-10T05:00:00Z,Japan,JPY,BOJ Gov Ueda Speaks,HIGH,,,,nasdaq_economic_calendar
2025-12-10-usd-adp-employment-change-weekly-44fa5a34,2025-12-10T09:15:00Z,United States,USD,ADP Employment Change Weekly,HIGH,4.75K,,-13.50K,nasdaq_economic_calendar
2025-12-10-usd-jolts-job-openings-08ba57c3,2025-12-10T11:00:00Z,United States,USD,JOLTS Job Openings,HIGH,7.658M,7.200M,7.227M,nasdaq_economic_calendar
2025-12-10-usd-jolts-job-openings-3666be56,2025-12-10T11:01:00Z,United States,USD,JOLTS Job Openings,HIGH,7.670M,,7.658M,nasdaq_economic_calendar
2025-12-10-jpy-reuters-tankan-index-711ec959,2025-12-10T19:00:00Z,Japan,JPY,Reuters Tankan Index,HIGH,10,,17,nasdaq_economic_calendar
2025-12-11-usd-employment-cost-index-1519eb5f,2025-12-11T09:30:00Z,United States,USD,Employment Cost Index,HIGH,0.8%,0.9%,0.9%,nasdaq_economic_calendar
2025-12-11-usd-fomc-economic-projections-92fe0973,2025-12-11T15:00:00Z,United States,USD,FOMC Economic Projections,HIGH,,,,nasdaq_economic_calendar
2025-12-11-usd-fomc-statement-e76a1f35,2025-12-11T15:00:00Z,United States,USD,FOMC Statement,HIGH,,,,nasdaq_economic_calendar
2025-12-11-usd-fed-interest-rate-decision-d2996997,2025-12-11T15:00:00Z,United States,USD,Fed Interest Rate Decision,HIGH,3.75%,3.75%,4.00%,nasdaq_economic_calendar
2025-12-11-usd-fomc-press-conference-c1cc8b73,2025-12-11T15:30:00Z,United States,USD,FOMC Press Conference,HIGH,,,,nasdaq_economic_calendar
2025-12-13-jpy-industrial-production-9aa34496,2025-12-13T00:30:00Z,Japan,JPY,Industrial Production,HIGH,1.5%,1.4%,2.6%,nasdaq_economic_calendar
2025-12-15-jpy-tankan-all-big-industry-capex-b8da541c,2025-12-15T19:50:00Z,Japan,JPY,Tankan All Big Industry CAPEX,HIGH,12.6%,12.0%,12.5%,nasdaq_economic_calendar
2025-12-15-jpy-tankan-all-small-industry-capex-d897048a,2025-12-15T19:50:00Z,Japan,JPY,Tankan All Small Industry CAPEX,HIGH,0.1%,,-2.3%,nasdaq_economic_calendar
2025-12-15-jpy-tankan-big-manufacturing-outlook-index-c3a4bcf5,2025-12-15T19:50:00Z,Japan,JPY,Tankan Big Manufacturing Outlook Index,HIGH,15,13,12,nasdaq_economic_calendar
2025-12-15-jpy-tankan-large-manufacturers-index-ef251ab5,2025-12-15T19:50:00Z,Japan,JPY,Tankan Large Manufacturers Index,HIGH,15,15,14,nasdaq_economic_calendar
2025-12-15-jpy-tankan-large-non-manufacturers-diffusion-index-e3c2fcdf,2025-12-15T19:50:00Z,Japan,JPY,Tankan Large Non-Manufacturers Diffusion Index,HIGH,28,28,28,nasdaq_economic_calendar
2025-12-15-jpy-tankan-large-non-manufacturers-index-1550f68f,2025-12-15T19:50:00Z,Japan,JPY,Tankan Large Non-Manufacturers Index,HIGH,34,35,34,nasdaq_economic_calendar
2025-12-15-jpy-tankan-small-manufacturers-diffusion-index-cce391b5,2025-12-15T19:50:00Z,Japan,JPY,Tankan Small Manufacturers Diffusion Index,HIGH,2,,-1,nasdaq_economic_calendar
2025-12-15-jpy-tankan-small-manufacturing-index-6a666749,2025-12-15T19:50:00Z,Japan,JPY,Tankan Small Manufacturing Index,HIGH,6,2,1,nasdaq_economic_calendar
2025-12-15-jpy-tankan-small-non-manufacturers-diffusion-index-3b3c74c1,2025-12-15T19:50:00Z,Japan,JPY,Tankan Small Non-Manufacturers Diffusion Index,HIGH,10,,10,nasdaq_economic_calendar
2025-12-15-jpy-tankan-small-non-manufacturing-index-f73e7667,2025-12-15T19:50:00Z,Japan,JPY,Tankan Small Non-Manufacturing Index,HIGH,15,15,14,nasdaq_economic_calendar
2025-12-16-usd-fomc-member-williams-speaks-44c53f28,2025-12-16T11:30:00Z,United States,USD,FOMC Member Williams Speaks,HIGH,,,,nasdaq_economic_calendar
2025-12-17-usd-adp-employment-change-weekly-9fa14c28,2025-12-17T09:15:00Z,United States,USD,ADP Employment Change Weekly,HIGH,16.25K,,2.75K,nasdaq_economic_calendar
2025-12-17-usd-average-hourly-earnings-4dbab169,2025-12-17T09:29:00Z,United States,USD,Average Hourly Earnings,HIGH,0.4%,,0.2%,nasdaq_economic_calendar
2025-12-17-usd-average-hourly-earnings-yoy-a4fb7e2b,2025-12-17T09:29:00Z,United States,USD,Average Hourly Earnings (YoY),HIGH,3.7%,,3.8%,nasdaq_economic_calendar
2025-12-17-usd-nonfarm-payrolls-baa7b234,2025-12-17T09:29:00Z,United States,USD,Nonfarm Payrolls,HIGH,-105K,,108K,nasdaq_economic_calendar
2025-12-17-usd-private-nonfarm-payrolls-32f3054a,2025-12-17T09:29:00Z,United States,USD,Private Nonfarm Payrolls,HIGH,52K,,104K,nasdaq_economic_calendar
2025-12-17-usd-average-hourly-earnings-cbeb884a,2025-12-17T09:30:00Z,United States,USD,Average Hourly Earnings,HIGH,0.1%,0.3%,0.4%,nasdaq_economic_calendar
2025-12-17-usd-average-hourly-earnings-yoy-fa412172,2025-12-17T09:30:00Z,United States,USD,Average Hourly Earnings (YoY),HIGH,3.5%,,3.7%,nasdaq_economic_calendar
2025-12-17-usd-core-retail-sales-2d36e024,2025-12-17T09:30:00Z,United States,USD,Core Retail Sales,HIGH,0.4%,0.2%,0.1%,nasdaq_economic_calendar
2025-12-17-usd-nonfarm-payrolls-7faa50ad,2025-12-17T09:30:00Z,United States,USD,Nonfarm Payrolls,HIGH,64K,51K,-105K,nasdaq_economic_calendar
2025-12-17-usd-private-nonfarm-payrolls-499d3a91,2025-12-17T09:30:00Z,United States,USD,Private Nonfarm Payrolls,HIGH,69K,45K,52K,nasdaq_economic_calendar
2025-12-17-usd-retail-sales-a481279a,2025-12-17T09:30:00Z,United States,USD,Retail Sales,HIGH,0.0%,0.1%,0.1%,nasdaq_economic_calendar
2025-12-17-usd-retail-sales-ex-gas-autos-29da5b56,2025-12-17T09:30:00Z,United States,USD,Retail Sales Ex Gas/Autos,HIGH,0.5%,,0.0%,nasdaq_economic_calendar
2025-12-17-usd-u6-unemployment-rate-4e0ad292,2025-12-17T09:30:00Z,United States,USD,U6 Unemployment Rate,HIGH,8.7%,,8.0%,nasdaq_economic_calendar
2025-12-17-usd-unemployment-rate-e391a4ca,2025-12-17T09:30:00Z,United States,USD,Unemployment Rate,HIGH,4.6%,4.5%,4.4%,nasdaq_economic_calendar
2025-12-17-jpy-adjusted-trade-balance-8fde1316,2025-12-17T19:50:00Z,Japan,JPY,Adjusted Trade Balance,HIGH,0.06T,-0.20T,0.07T,nasdaq_economic_calendar
2025-12-17-jpy-trade-balance-4ad2db2d,2025-12-17T19:50:00Z,Japan,JPY,Trade Balance,HIGH,322.2B,71.2B,-226.1B,nasdaq_economic_calendar
2025-12-18-usd-fomc-member-williams-speaks-7ff2822f,2025-12-18T10:05:00Z,United States,USD,FOMC Member Williams Speaks,HIGH,,,,nasdaq_economic_calendar
2025-12-18-usd-fomc-member-bostic-speaks-18cbec8b,2025-12-18T13:30:00Z,United States,USD,FOMC Member Bostic Speaks,HIGH,,,,nasdaq_economic_calendar
2025-12-19-usd-cpi-d4e290b1,2025-12-19T09:30:00Z,United States,USD,CPI,HIGH,2.7%,3.1%,3.0%,nasdaq_economic_calendar
2025-12-19-usd-cpi-index-n-s-a-307118fb,2025-12-19T09:30:00Z,United States,USD,"CPI Index, n.s.a.",HIGH,324.12,325.13,324.80,nasdaq_economic_calendar
2025-12-19-usd-cpi-index-s-a-7d5af791,2025-12-19T09:30:00Z,United States,USD,"CPI Index, s.a",HIGH,325.03,,324.37,nasdaq_economic_calendar
2025-12-19-usd-core-cpi-b092d844,2025-12-19T09:30:00Z,United States,USD,Core CPI,HIGH,2.6%,3.0%,3.0%,nasdaq_economic_calendar
2025-12-19-usd-core-cpi-index-a32ece75,2025-12-19T09:30:00Z,United States,USD,Core CPI Index,HIGH,331.07,,330.54,nasdaq_economic_calendar
2025-12-19-usd-cleveland-cpi-4486a4c6,2025-12-19T12:00:00Z,United States,USD,Cleveland CPI,HIGH,0.1%,,0.2%,nasdaq_economic_calendar
2025-12-19-jpy-cpi-n-s-a-3b6630df,2025-12-19T19:30:00Z,Japan,JPY,"CPI, n.s.a",HIGH,0.3%,,0.7%,nasdaq_economic_calendar
2025-12-19-jpy-national-cpi-e78f85b6,2025-12-19T19:30:00Z,Japan,JPY,National CPI,HIGH,2.9%,,3.0%,nasdaq_economic_calendar
2025-12-19-jpy-national-core-cpi-a40e6764,2025-12-19T19:30:00Z,Japan,JPY,National Core CPI,HIGH,3.0%,3.0%,3.0%,nasdaq_economic_calendar
2025-12-19-jpy-boj-monetary-policy-statement-064e5e3a,2025-12-19T22:30:00Z,Japan,JPY,BoJ Monetary Policy Statement,HIGH,,,,nasdaq_economic_calendar
2025-12-19-jpy-boj-interest-rate-decision-abfa47df,2025-12-19T23:00:00Z,Japan,JPY,BoJ Interest Rate Decision,HIGH,0.75%,0.75%,0.50%,nasdaq_economic_calendar
2025-12-20-jpy-boj-press-conference-4d6c4c34,2025-12-20T02:30:00Z,Japan,JPY,BoJ Press Conference,HIGH,,,,nasdaq_economic_calendar
2025-12-20-usd-fomc-member-williams-speaks-02d4e94c,2025-12-20T09:30:00Z,United States,USD,FOMC Member Williams Speaks,HIGH,,,,nasdaq_economic_calendar
2025-12-20-usd-michigan-consumer-expectations-858b5974,2025-12-20T11:00:00Z,United States,USD,Michigan Consumer Expectations,HIGH,54.6,55.0,51.0,nasdaq_economic_calendar
2025-12-20-usd-michigan-consumer-sentiment-d032c59c,2025-12-20T11:00:00Z,United States,USD,Michigan Consumer Sentiment,HIGH,52.9,53.5,51.0,nasdaq_economic_calendar
2025-12-24-jpy-boj-core-cpi-4a8883eb,2025-12-24T01:00:00Z,Japan,JPY,BoJ Core CPI,HIGH,2.2%,2.2%,2.2%,nasdaq_economic_calendar
2025-12-24-usd-adp-employment-change-weekly-7bd99448,2025-12-24T09:15:00Z,United States,USD,ADP Employment Change Weekly,HIGH,11.50K,,17.50K,nasdaq_economic_calendar
2025-12-24-usd-core-durable-goods-orders-ec7c9458,2025-12-24T09:30:00Z,United States,USD,Core Durable Goods Orders,HIGH,0.2%,0.3%,0.7%,nasdaq_economic_calendar
2025-12-24-usd-core-pce-prices-e1399606,2025-12-24T09:30:00Z,United States,USD,Core PCE Prices,HIGH,2.90%,2.90%,2.60%,nasdaq_economic_calendar
2025-12-24-usd-durable-goods-orders-ac838b17,2025-12-24T09:30:00Z,United States,USD,Durable Goods Orders,HIGH,-2.2%,-1.5%,0.7%,nasdaq_economic_calendar
2025-12-24-usd-gdp-0274a59f,2025-12-24T09:30:00Z,United States,USD,GDP,HIGH,4.3%,3.3%,3.8%,nasdaq_economic_calendar
2025-12-24-usd-gdp-price-index-ee0e0ce4,2025-12-24T09:30:00Z,United States,USD,GDP Price Index,HIGH,3.7%,2.7%,2.1%,nasdaq_economic_calendar
2025-12-24-usd-gdp-sales-50454ce9,2025-12-24T09:30:00Z,United States,USD,GDP Sales,HIGH,4.6%,,7.5%,nasdaq_economic_calendar
2025-12-24-usd-pce-prices-6fcee83d,2025-12-24T09:30:00Z,United States,USD,PCE Prices,HIGH,2.8%,2.9%,2.1%,nasdaq_economic_calendar
2025-12-24-usd-industrial-production-055ef371,2025-12-24T10:14:00Z,United States,USD,Industrial Production,HIGH,2.20%,,1.90%,nasdaq_economic_calendar
2025-12-24-usd-industrial-production-bef99327,2025-12-24T10:15:00Z,United States,USD,Industrial Production,HIGH,0.2%,,-0.1%,nasdaq_economic_calendar
2025-12-24-usd-cb-consumer-confidence-e6db1794,2025-12-24T11:00:00Z,United States,USD,CB Consumer Confidence,HIGH,89.1,91.7,92.9,nasdaq_economic_calendar
2025-12-24-jpy-monetary-policy-meeting-minutes-3803c45e,2025-12-24T19:50:00Z,Japan,JPY,Monetary Policy Meeting Minutes,HIGH,,,,nasdaq_economic_calendar
2025-12-26-jpy-boj-gov-ueda-speaks-c38f5134,2025-12-26T00:20:00Z,Japan,JPY,BOJ Gov Ueda Speaks,HIGH,,,,nasdaq_economic_calendar
2025-12-26-jpy-cpi-tokyo-ex-food-energy-c2bee65f,2025-12-26T19:30:00Z,Japan,JPY,CPI Tokyo Ex Food & Energy,HIGH,1.5%,,1.6%,nasdaq_economic_calendar
2025-12-26-jpy-cpi-tokyo-ex-food-and-energy-7318739c,2025-12-26T19:30:00Z,Japan,JPY,CPI Tokyo Ex Food and Energy,HIGH,-0.1%,,0.1%,nasdaq_economic_calendar
2025-12-26-jpy-tokyo-cpi-c8aeb315,2025-12-26T19:30:00Z,Japan,JPY,Tokyo CPI,HIGH,2.0%,,2.7%,nasdaq_economic_calendar
2025-12-26-jpy-tokyo-core-cpi-994aaa4c,2025-12-26T19:30:00Z,Japan,JPY,Tokyo Core CPI,HIGH,2.3%,2.5%,2.8%,nasdaq_economic_calendar
2025-12-26-jpy-industrial-production-18a689f2,2025-12-26T19:50:00Z,Japan,JPY,Industrial Production,HIGH,-2.6%,-1.9%,1.5%,nasdaq_economic_calendar
2025-12-26-jpy-industrial-production-forecast-1m-ahead-7ef8479f,2025-12-26T19:50:00Z,Japan,JPY,Industrial Production forecast 1m ahead,HIGH,1.3%,,-1.2%,nasdaq_economic_calendar
2025-12-26-jpy-industrial-production-forecast-2m-ahead-d2638ee7,2025-12-26T19:50:00Z,Japan,JPY,Industrial Production forecast 2m ahead,HIGH,8.0%,,-2.0%,nasdaq_economic_calendar
2025-12-26-jpy-large-scale-retail-sales-yoy-d490cac2,2025-12-26T19:50:00Z,Japan,JPY,Large Scale Retail Sales YoY,HIGH,5.0%,,5.0%,nasdaq_economic_calendar
2025-12-26-jpy-retail-sales-b42fa07c,2025-12-26T19:50:00Z,Japan,JPY,Retail Sales,HIGH,1.0%,0.9%,1.7%,nasdaq_economic_calendar
2025-12-29-jpy-boj-summary-of-opinions-a9674786,2025-12-29T19:50:00Z,Japan,JPY,BoJ Summary of Opinions,HIGH,,,,nasdaq_economic_calendar
2025-12-31-usd-fomc-meeting-minutes-b18f52f8,2025-12-31T15:00:00Z,United States,USD,FOMC Meeting Minutes,HIGH,,,,nasdaq_economic_calendar
